{"name":"Conflux","code":"CON","oldCode":"CFX","magicCardsInfoCode":"cfx","releaseDate":"2009-02-06","border":"black","type":"expansion","block":"Alara","booster":[["rare","mythic rare"],"uncommon","uncommon","uncommon","common","common","common","common","common","common","common","common","common","common","land","marketing"],"translations":{"de":"Conflux","fr":"Conflux","it":"Conflux","es":"Conflux","pt":"Conflux","jp":"コンフラックス","cn":"聚流","ru":"Conflux"},"mkm_name":"Conflux","mkm_id":106,"cards":[{"artist":"Mark Zug","cmc":5,"colorIdentity":["W","G","U"],"colors":["White"],"flavor":"They are cautious with their body language and facial expressions. Any stray movement could betray the positions of the troops they protect and cost many lives.","id":"90838060abd95d9414cf3037d25dd39bd1f0a6f2","imageName":"aerie mystics","layout":"normal","manaCost":"{4}{W}","mciNumber":"1","multiverseid":153946,"name":"Aerie Mystics","number":"1","power":"3","rarity":"Uncommon","subtypes":["Bird","Wizard"],"text":"Flying\n{1}{G}{U}: Creatures you control gain shroud until end of turn. (They can't be the targets of spells or abilities.)","toughness":"3","type":"Creature — Bird Wizard","types":["Creature"]},{"artist":"Donato Giancola","cmc":3,"colorIdentity":["W"],"colors":["White"],"flavor":"As his new wings lifted him high above Bant, Taric felt his earthly aspirations transform into heavenly resolve.","id":"fbdb70ad1ca1a28e3cadafe99d35421c3b8dc492","imageName":"asha's favor","layout":"normal","manaCost":"{2}{W}","mciNumber":"2","multiverseid":150826,"name":"Asha's Favor","number":"2","rarity":"Common","subtypes":["Aura"],"text":"Enchant creature\nEnchanted creature has flying, first strike, and vigilance.","type":"Enchantment — Aura","types":["Enchantment"]},{"artist":"David Palumbo","cmc":2,"colorIdentity":["W"],"colors":["White"],"flavor":"When the meek charge into battle, courage becomes infectious.","id":"9c2b8695f0d8953d79035268306a9bc65941d45a","imageName":"aven squire","layout":"normal","manaCost":"{1}{W}","mciNumber":"3","multiverseid":184992,"name":"Aven Squire","number":"3","power":"1","rarity":"Common","subtypes":["Bird","Soldier"],"text":"Flying\nExalted (Whenever a creature you control attacks alone, that creature gets +1/+1 until end of turn.)","toughness":"1","type":"Creature — Bird Soldier","types":["Creature"]},{"artist":"Chris Rahn","cmc":3,"colorIdentity":["W"],"colors":["White"],"flavor":"\"The bird wore the form of a man, bereft of filigree. Why do the Texts not speak of it?\"\n—Belator of Esper","id":"82ff12b6e2499d09010c0c5d840d9fd465f6bc1e","imageName":"aven trailblazer","layout":"normal","manaCost":"{2}{W}","mciNumber":"4","multiverseid":180278,"name":"Aven Trailblazer","number":"4","power":"2","rarity":"Common","subtypes":["Bird","Soldier"],"text":"Flying\nDomain — Aven Trailblazer's toughness is equal to the number of basic land types among lands you control.","toughness":"*","type":"Creature — Bird Soldier","types":["Creature"]},{"artist":"David Palumbo","cmc":2,"colorIdentity":["W"],"colors":["White"],"flavor":"\"This new chaos confounds us. We must fling it into our winds, our storms. These we can control.\"\n—Bezzit Plar, Esper stormcaller","id":"9b92cad7dc06ae53cc1a7e31b7955292a0cebd09","imageName":"celestial purge","layout":"normal","manaCost":"{1}{W}","mciNumber":"5","multiverseid":183055,"name":"Celestial Purge","number":"5","rarity":"Uncommon","text":"Exile target black or red permanent.","type":"Instant","types":["Instant"]},{"artist":"Matt Cavotta","cmc":1,"colorIdentity":["W"],"colors":["White"],"flavor":"Mages of Esper measure their wealth and status by the number of servants in their retinues.","id":"1934b2b8e8e975a918deda06d9c68d6dfa7a7a66","imageName":"court homunculus","layout":"normal","manaCost":"{W}","mciNumber":"6","multiverseid":182607,"name":"Court Homunculus","number":"6","power":"1","rarity":"Common","subtypes":["Homunculus"],"text":"Court Homunculus gets +1/+1 as long as you control another artifact.","toughness":"1","type":"Artifact Creature — Homunculus","types":["Artifact","Creature"]},{"artist":"Howard Lyon","cmc":2,"colorIdentity":["W","B"],"colors":["White"],"flavor":"It shines in the darkness of its master's ambitions.","id":"892b3eee57dfe4c7b9cb5069662915911818d209","imageName":"darklit gargoyle","layout":"normal","manaCost":"{1}{W}","mciNumber":"7","multiverseid":180334,"name":"Darklit Gargoyle","number":"7","power":"1","rarity":"Common","subtypes":["Gargoyle"],"text":"Flying\n{B}: Darklit Gargoyle gets +2/-1 until end of turn.","toughness":"2","type":"Artifact Creature — Gargoyle","types":["Artifact","Creature"]},{"artist":"Matt Stewart","cmc":5,"colorIdentity":["W"],"colors":["White"],"id":"5052e76eb549a33b3d5c063ec6f0b2fa2a09b83b","imageName":"gleam of resistance","layout":"normal","manaCost":"{4}{W}","mciNumber":"8","multiverseid":179505,"name":"Gleam of Resistance","number":"8","rarity":"Common","text":"Creatures you control get +1/+2 until end of turn. Untap those creatures.\nBasic landcycling {1}{W} ({1}{W}, Discard this card: Search your library for a basic land card, reveal it, and put it into your hand. Then shuffle your library.)","type":"Instant","types":["Instant"]},{"artist":"Anthony Francisco","cmc":3,"colorIdentity":["W"],"colors":["White"],"flavor":"Without a connection of mind and body, magic is just an idea stuck in the head, a word on the tip of a tongue.","id":"5226ca492d5244afe62f8cdae61561cc29ccaf07","imageName":"lapse of certainty","layout":"normal","manaCost":"{2}{W}","mciNumber":"9","multiverseid":175026,"name":"Lapse of Certainty","number":"9","rarity":"Common","text":"Counter target spell. If that spell is countered this way, put it on top of its owner's library instead of into that player's graveyard.","type":"Instant","types":["Instant"]},{"artist":"Sal Villagran","cmc":2,"colorIdentity":["W"],"colors":["White"],"flavor":"A paragon of honor, Galo Aher fell to a blast of fire. The Order of the White Orchid was so saddened that they forged a new sigil in his likeness.","id":"4fb45518a750ec29566e794cb36d4cc583e3f5d1","imageName":"mark of asylum","layout":"normal","manaCost":"{1}{W}","mciNumber":"10","multiverseid":186615,"name":"Mark of Asylum","number":"10","rarity":"Rare","text":"Prevent all noncombat damage that would be dealt to creatures you control.","type":"Enchantment","types":["Enchantment"]},{"artist":"Greg Staples","cmc":2,"colorIdentity":["W"],"colors":["White"],"flavor":"Their war forgotten, the nations of Bant stood united in the face of a common threat.","id":"df2481f0c2da42836064cf5a23d55f5d5476bc0d","imageName":"martial coup","layout":"normal","manaCost":"{X}{W}{W}","mciNumber":"11","multiverseid":178560,"name":"Martial Coup","number":"11","rarity":"Rare","text":"Create X 1/1 white Soldier creature tokens. If X is 5 or more, destroy all other creatures.","type":"Sorcery","types":["Sorcery"]},{"artist":"Chris Rahn","cmc":6,"colorIdentity":["W"],"colors":["White"],"flavor":"\"If I had many lives, I would give them all for Bant.\"","id":"3f69448d8430134c59e8a4268b84494c7c601062","imageName":"mirror-sigil sergeant","layout":"normal","manaCost":"{5}{W}","mciNumber":"12","multiverseid":158598,"name":"Mirror-Sigil Sergeant","number":"12","power":"4","rarity":"Mythic Rare","subtypes":["Rhino","Soldier"],"text":"Trample\nAt the beginning of your upkeep, if you control a blue permanent, you may create a token that's a copy of Mirror-Sigil Sergeant.","toughness":"4","type":"Creature — Rhino Soldier","types":["Creature"]},{"artist":"Steve Prescott","cmc":6,"colorIdentity":["W","R","G"],"colors":["White"],"flavor":"\"We must hunt and kill the dragon before it can return to raze our ancient city.\"","id":"a38a9ee949f9918d11417d82cfdd11b2e275c36a","imageName":"nacatl hunt-pride","layout":"normal","manaCost":"{5}{W}","mciNumber":"13","multiverseid":138571,"name":"Nacatl Hunt-Pride","number":"13","power":"5","rarity":"Uncommon","subtypes":["Cat","Warrior"],"text":"Vigilance\n{R}, {T}: Target creature can't block this turn.\n{G}, {T}: Target creature blocks this turn if able.","toughness":"4","type":"Creature — Cat Warrior","types":["Creature"]},{"artist":"Chris Rahn","cmc":3,"colorIdentity":["W","U","B","R","G"],"colors":["White"],"flavor":"\"Let my lance sing with the voices of angels and the heathen cower before my shield, for I will teach this land the meaning of honor.\"","id":"1c7d63f54816bc1ebec21fd0ef7c0d8c44774061","imageName":"paragon of the amesha","layout":"normal","manaCost":"{2}{W}","mciNumber":"14","multiverseid":179878,"name":"Paragon of the Amesha","number":"14","power":"2","rarity":"Uncommon","subtypes":["Human","Knight"],"text":"First strike\n{W}{U}{B}{R}{G}: Until end of turn, Paragon of the Amesha becomes an Angel, gets +3/+3, and gains flying and lifelink.","toughness":"2","type":"Creature — Human Knight","types":["Creature"]},{"artist":"Todd Lockwood","cmc":1,"colorIdentity":["W"],"colors":["White"],"id":"5312df38cc1652894f0c0bba7f052cab994bdb33","imageName":"path to exile","layout":"normal","manaCost":"{W}","mciNumber":"15","multiverseid":179235,"name":"Path to Exile","number":"15","rarity":"Uncommon","text":"Exile target creature. Its controller may search his or her library for a basic land card, put that card onto the battlefield tapped, then shuffle his or her library.","type":"Instant","types":["Instant"]},{"artist":"Donato Giancola","cmc":4,"colorIdentity":["W"],"colors":["White"],"flavor":"The weight of her conviction balances on the harmony of her soul.","id":"df9367429971eb96dfaf459e80a02631531d4101","imageName":"rhox meditant","layout":"normal","manaCost":"{3}{W}","mciNumber":"16","multiverseid":159634,"name":"Rhox Meditant","number":"16","power":"2","rarity":"Common","subtypes":["Rhino","Monk"],"text":"When Rhox Meditant enters the battlefield, if you control a green permanent, draw a card.","toughness":"4","type":"Creature — Rhino Monk","types":["Creature"]},{"artist":"Howard Lyon","cmc":3,"colorIdentity":["W"],"colors":["White"],"flavor":"\"Whether or not you will bow to me is not open to debate. The question is, will I ever let you rise?\"\n—Fridius, telemin master","id":"752ec9ea5e3ae10452638545ec1b12ab173a3647","imageName":"scepter of dominance","layout":"normal","manaCost":"{1}{W}{W}","mciNumber":"17","multiverseid":174792,"name":"Scepter of Dominance","number":"17","rarity":"Rare","text":"{W}, {T}: Tap target permanent.","type":"Artifact","types":["Artifact"]},{"artist":"Cyril Van Der Haegen","cmc":5,"colorIdentity":["W"],"colors":["White"],"flavor":"When Asha left Bant, she ensured that the world would have protection and order in her absence.","id":"a6b122644619194664024120bd1e00a253d8c414","imageName":"sigil of the empty throne","layout":"normal","manaCost":"{3}{W}{W}","mciNumber":"18","multiverseid":180271,"name":"Sigil of the Empty Throne","number":"18","rarity":"Rare","text":"Whenever you cast an enchantment spell, create a 4/4 white Angel creature token with flying.","type":"Enchantment","types":["Enchantment"]},{"artist":"Chris Rahn","cmc":1,"colorIdentity":["W"],"colors":["White"],"flavor":"As the outsiders invaded Bant, soldiers who once saw sigils as the highest marks of glory began to see the scars of battle as tokens of equal worth.","id":"258adc48ceb5cf4a66e4c4b08265681800a7483b","imageName":"valiant guard","layout":"normal","manaCost":"{W}","mciNumber":"19","multiverseid":184984,"name":"Valiant Guard","number":"19","power":"0","rarity":"Common","subtypes":["Human","Soldier"],"toughness":"3","type":"Creature — Human Soldier","types":["Creature"]},{"artist":"Wayne Reynolds","cmc":4,"colorIdentity":["W"],"colors":["White"],"flavor":"The lives of elves are long, but their memories are longer. Even after death, they do not desert their homes.","id":"b7290771ac279f393cae81ef7f9c565b119e7464","imageName":"wall of reverence","layout":"normal","manaCost":"{3}{W}","mciNumber":"20","multiverseid":189874,"name":"Wall of Reverence","number":"20","power":"1","rarity":"Rare","subtypes":["Spirit","Wall"],"text":"Defender, flying\nAt the beginning of your end step, you may gain life equal to the power of target creature you control.","toughness":"6","type":"Creature — Spirit Wall","types":["Creature"]},{"artist":"Thomas M. Baxa","cmc":3,"colorIdentity":["U"],"colors":["Blue"],"id":"ac63b6ecc60ee2655ccd56e32f6567bd0bc67520","imageName":"brackwater elemental","layout":"normal","manaCost":"{2}{U}","mciNumber":"21","multiverseid":180147,"name":"Brackwater Elemental","number":"21","power":"4","rarity":"Common","subtypes":["Elemental"],"text":"When Brackwater Elemental attacks or blocks, sacrifice it at the beginning of the next end step.\nUnearth {2}{U} ({2}{U}: Return this card from your graveyard to the battlefield. It gains haste. Exile it at the beginning of the next end step or if it would leave the battlefield. Unearth only as a sorcery.)","toughness":"4","type":"Creature — Elemental","types":["Creature"]},{"artist":"David Palumbo","cmc":1,"colorIdentity":["U"],"colors":["Blue"],"flavor":"Priests of Bant protect their temples with traps more elaborate than any mosaic floor.","id":"7c5101d8164abcdac9f3538c308d72f2a51f4597","imageName":"constricting tendrils","layout":"normal","manaCost":"{U}","mciNumber":"22","multiverseid":180272,"name":"Constricting Tendrils","number":"22","rarity":"Common","text":"Target creature gets -3/-0 until end of turn.\nCycling {2} ({2}, Discard this card: Draw a card.)","type":"Instant","types":["Instant"]},{"artist":"Ralph Horsley","cmc":1,"colorIdentity":["U"],"colors":["Blue"],"flavor":"Togk Manytooth struggled helplessly as the kathari circled above him. For a warrior, immobilization is a fate worse than death.","id":"71a0012a87212d508f8109e4c2c2cc45083d560a","imageName":"controlled instincts","layout":"normal","manaCost":"{U}","mciNumber":"23","multiverseid":183053,"name":"Controlled Instincts","number":"23","rarity":"Uncommon","subtypes":["Aura"],"text":"Enchant red or green creature\nEnchanted creature doesn't untap during its controller's untap step.","type":"Enchantment — Aura","types":["Enchantment"]},{"artist":"Warren Mahy","cmc":4,"colorIdentity":["U"],"colors":["Blue"],"flavor":"\"The stone is more potent than ever. The flesh that creeps into our land will become even more slovenly and weak.\"\n—Niclavs, archmage of Esper","id":"bd630954460d1a168cde344f1bc4b8fe869af4fa","imageName":"cumber stone","layout":"normal","manaCost":"{3}{U}","mciNumber":"24","multiverseid":180322,"name":"Cumber Stone","number":"24","rarity":"Uncommon","text":"Creatures your opponents control get -1/-0.","type":"Artifact","types":["Artifact"]},{"artist":"Warren Mahy","cmc":3,"colorIdentity":["U"],"colors":["Blue"],"flavor":"The more metal it digests, the more its jelly will fetch on the alchemists' market.","id":"50a59968dfbeb5a6d67db9083370127ef70cc710","imageName":"esperzoa","layout":"normal","manaCost":"{2}{U}","mciNumber":"25","multiverseid":180158,"name":"Esperzoa","number":"25","power":"4","rarity":"Uncommon","subtypes":["Jellyfish"],"text":"Flying\nAt the beginning of your upkeep, return an artifact you control to its owner's hand.","toughness":"3","type":"Artifact Creature — Jellyfish","types":["Artifact","Creature"]},{"artist":"Dan Scott","cmc":5,"colorIdentity":["U","W","B"],"colors":["Blue"],"flavor":"Esper mages devised their weapons to be so devastating that war seemed unnecessary.","id":"fb581b3008d9ebed6c16544cbbe3a5f9f4edfd77","imageName":"ethersworn adjudicator","layout":"normal","manaCost":"{4}{U}","mciNumber":"26","multiverseid":175035,"name":"Ethersworn Adjudicator","number":"26","power":"4","rarity":"Mythic Rare","subtypes":["Vedalken","Knight"],"text":"Flying\n{1}{W}{B}, {T}: Destroy target creature or enchantment.\n{2}{U}: Untap Ethersworn Adjudicator.","toughness":"4","type":"Artifact Creature — Vedalken Knight","types":["Artifact","Creature"]},{"artist":"Matt Cavotta","cmc":4,"colorIdentity":["U"],"colors":["Blue"],"id":"18aee8b952876471c25c9dea42de838a2d61cf95","imageName":"faerie mechanist","layout":"normal","manaCost":"{3}{U}","mciNumber":"27","multiverseid":182608,"name":"Faerie Mechanist","number":"27","power":"2","rarity":"Common","subtypes":["Faerie","Artificer"],"text":"Flying\nWhen Faerie Mechanist enters the battlefield, look at the top three cards of your library. You may reveal an artifact card from among them and put it into your hand. Put the rest on the bottom of your library in any order.","toughness":"2","type":"Artifact Creature — Faerie Artificer","types":["Artifact","Creature"]},{"artist":"Volkan Baga","cmc":3,"colorIdentity":["U"],"colors":["Blue"],"flavor":"The battle was won in the commander's head before the first weapon was drawn.","id":"5e900b07f993ae6fa846555743b449c2ec13b868","imageName":"frontline sage","layout":"normal","manaCost":"{2}{U}","mciNumber":"28","multiverseid":184993,"name":"Frontline Sage","number":"28","power":"0","rarity":"Common","subtypes":["Human","Wizard"],"text":"Exalted (Whenever a creature you control attacks alone, that creature gets +1/+1 until end of turn.)\n{U}, {T}: Draw a card, then discard a card.","toughness":"1","type":"Creature — Human Wizard","types":["Creature"]},{"artist":"Mark Tedin","cmc":1,"colorIdentity":["U"],"colors":["Blue"],"flavor":"\"It's simple, really. If they can't find us, they can't kill us.\"","id":"31b50f4c56ccdd8d4946cc3f8dcbb61edbd9f23b","imageName":"grixis illusionist","layout":"normal","manaCost":"{U}","mciNumber":"29","multiverseid":177927,"name":"Grixis Illusionist","number":"29","power":"1","rarity":"Common","subtypes":["Human","Wizard"],"text":"{T}: Target land you control becomes the basic land type of your choice until end of turn.","toughness":"1","type":"Creature — Human Wizard","types":["Creature"]},{"artist":"Anthony Francisco","cmc":9,"colorIdentity":["U"],"colors":["Blue"],"flavor":"\"Into its maw went the seventh sea, never to be seen again while the world remains.\"\n—Esper fable","id":"7e7e611abccdf77a20c6dcff8a13450704454e91","imageName":"inkwell leviathan","layout":"normal","manaCost":"{7}{U}{U}","mciNumber":"30","multiverseid":154081,"name":"Inkwell Leviathan","number":"30","power":"7","rarity":"Rare","subtypes":["Leviathan"],"text":"Islandwalk (This creature can't be blocked as long as defending player controls an Island.)\nTrample\nShroud (This creature can't be the target of spells or abilities.)","toughness":"11","type":"Artifact Creature — Leviathan","types":["Artifact","Creature"]},{"artist":"Chippy","cmc":4,"colorIdentity":["U"],"colors":["Blue"],"flavor":"\"Wasted potential surrounds us. Lend me that bauble, and let me see what it can be made to be.\"","id":"b8a678c32b81d4e19f1fcf19ffa2590fe3794832","imageName":"master transmuter","layout":"normal","manaCost":"{3}{U}","mciNumber":"31","multiverseid":179252,"name":"Master Transmuter","number":"31","power":"1","rarity":"Rare","subtypes":["Human","Artificer"],"text":"{U}, {T}, Return an artifact you control to its owner's hand: You may put an artifact card from your hand onto the battlefield.","toughness":"2","type":"Artifact Creature — Human Artificer","types":["Artifact","Creature"]},{"artist":"Steven Belledin","cmc":3,"colorIdentity":["U"],"colors":["Blue"],"flavor":"After finding no sustenance on the edges of Grixis, it turned to the skies of Bant.","id":"f9a250fe3d030938220e3d2de68d01de3bc2d5c5","imageName":"parasitic strix","layout":"normal","manaCost":"{2}{U}","mciNumber":"32","multiverseid":175021,"name":"Parasitic Strix","number":"32","power":"2","rarity":"Common","subtypes":["Bird"],"text":"Flying\nWhen Parasitic Strix enters the battlefield, if you control a black permanent, target player loses 2 life and you gain 2 life.","toughness":"2","type":"Artifact Creature — Bird","types":["Artifact","Creature"]},{"artist":"Steven Belledin","cmc":3,"colorIdentity":["U"],"colors":["Blue"],"flavor":"\"The road to truth has many branches, and so must the cane with which I walk it.\"\n—Voln the Elder","id":"56219609de23a41d27a124c4b6acfcc0ce7daaa5","imageName":"scepter of insight","layout":"normal","manaCost":"{1}{U}{U}","mciNumber":"33","multiverseid":184989,"name":"Scepter of Insight","number":"33","rarity":"Rare","text":"{3}{U}, {T}: Draw a card.","type":"Artifact","types":["Artifact"]},{"artist":"Steven Belledin","cmc":4,"colorIdentity":["U","W","B"],"colors":["Blue"],"flavor":"\"With no flesh, there is no pain, no hesitation, no emotion of any kind. He is crafted perfection.\"\n—Tezzeret","id":"a9f04ec59537852f6b82dac3996bc2fd9759f248","imageName":"scornful aether-lich","layout":"normal","manaCost":"{3}{U}","multiverseid":186328,"name":"Scornful Aether-Lich","number":"34","power":"2","rarity":"Uncommon","subtypes":["Zombie","Wizard"],"text":"{W}{B}: Scornful Aether-Lich gains fear and vigilance until end of turn. (Attacking doesn't cause it to tap, and it can't be blocked except by artifact creatures and/or black creatures.)","toughness":"4","type":"Artifact Creature — Zombie Wizard","types":["Artifact","Creature"]},{"artist":"Izzy","cmc":5,"colorIdentity":["U"],"colors":["Blue"],"id":"9671e9122b9c25b04eca46ae7be6ed3e93b5b81f","imageName":"telemin performance","layout":"normal","manaCost":"{3}{U}{U}","mciNumber":"35","multiverseid":189085,"name":"Telemin Performance","number":"35","rarity":"Rare","text":"Target opponent reveals cards from the top of his or her library until he or she reveals a creature card. That player puts all noncreature cards revealed this way into his or her graveyard, then you put the creature card onto the battlefield under your control.","type":"Sorcery","types":["Sorcery"]},{"artist":"Cyril Van Der Haegen","cmc":5,"colorIdentity":["U"],"colors":["Blue"],"id":"0296704546ece25f9f866cc2fb7a3c8de5061a07","imageName":"traumatic visions","layout":"normal","manaCost":"{3}{U}{U}","mciNumber":"36","multiverseid":179508,"name":"Traumatic Visions","number":"36","rarity":"Common","text":"Counter target spell.\nBasic landcycling {1}{U} ({1}{U}, Discard this card: Search your library for a basic land card, reveal it, and put it into your hand. Then shuffle your library.)","type":"Instant","types":["Instant"]},{"artist":"Izzy","cmc":1,"colorIdentity":["U"],"colors":["Blue"],"flavor":"\"Send it back to its own strange world so we can avoid another inglorious combat with these wicked beings.\"\n—Captain Valek of Jhess","id":"aef5c950a0e8e1ba29d5462e15d9ca7a12ce0b3f","imageName":"unsummon","layout":"normal","manaCost":"{U}","mciNumber":"37","multiverseid":177932,"name":"Unsummon","number":"37","rarity":"Common","text":"Return target creature to its owner's hand.","type":"Instant","types":["Instant"]},{"artist":"Howard Lyon","cmc":2,"colorIdentity":["U"],"colors":["Blue"],"flavor":"\"This air feels so heavy and thick. There are no winds to speak of. I fear the knowledge that comes from a place like this.\"","id":"895aa0300f697b27138cbd02bac97a05ed6b3846","imageName":"view from above","layout":"normal","manaCost":"{1}{U}","mciNumber":"38","multiverseid":183058,"name":"View from Above","number":"38","rarity":"Uncommon","text":"Target creature gains flying until end of turn. If you control a white permanent, return View from Above to its owner's hand.","type":"Instant","types":["Instant"]},{"artist":"Matt Cavotta","cmc":2,"colorIdentity":["U"],"colors":["Blue"],"flavor":"Every horizon hides a new possibility.","id":"b90420e6a3ff928c6a2fdf25fe8e75e3ea1212da","imageName":"worldly counsel","layout":"normal","manaCost":"{1}{U}","mciNumber":"39","multiverseid":142298,"name":"Worldly Counsel","number":"39","rarity":"Common","text":"Domain — Look at the top X cards of your library, where X is the number of basic land types among lands you control. Put one of those cards into your hand and the rest on the bottom of your library in any order.","type":"Instant","types":["Instant"]},{"artist":"Brandon Kitkouski","cmc":7,"colorIdentity":["B"],"colors":["Black"],"id":"360ee5f27c1f98cbe3fb6c99a1804bcaed4c0332","imageName":"absorb vis","layout":"normal","manaCost":"{6}{B}","mciNumber":"40","multiverseid":179513,"name":"Absorb Vis","number":"40","rarity":"Common","text":"Target player loses 4 life and you gain 4 life.\nBasic landcycling {1}{B} ({1}{B}, Discard this card: Search your library for a basic land card, reveal it, and put it into your hand. Then shuffle your library.)","type":"Sorcery","types":["Sorcery"]},{"artist":"Mark Hyzer","cmc":1,"colorIdentity":["B"],"colors":["Black"],"flavor":"The bones of Jund's dead resurfaced in Naya, poisoning the jungle and killing the sunseeders' crops.","id":"374c1c912ec129cabab2d129532a7d1a5dc4cded","imageName":"corrupted roots","layout":"normal","manaCost":"{B}","mciNumber":"41","multiverseid":183054,"name":"Corrupted Roots","number":"41","rarity":"Uncommon","subtypes":["Aura"],"text":"Enchant Forest or Plains\nWhenever enchanted land becomes tapped, its controller loses 2 life.","type":"Enchantment — Aura","types":["Enchantment"]},{"artist":"Trevor Claxton","cmc":3,"colorIdentity":["B"],"colors":["Black"],"flavor":"The barbarians of Jund believe the bottomless tar pits extend forever into other, darker worlds.","id":"cab37f8ff4314b2a20fe8aee125a9fd11b1084ff","imageName":"drag down","layout":"normal","manaCost":"{2}{B}","mciNumber":"42","multiverseid":179239,"name":"Drag Down","number":"42","rarity":"Common","text":"Domain — Target creature gets -1/-1 until end of turn for each basic land type among lands you control.","type":"Instant","types":["Instant"]},{"artist":"Mark Hyzer","cmc":1,"colorIdentity":["B","U","R"],"colors":["Black"],"flavor":"Dreadwings spring from lofty perches to surprise kathari in midflight. They smother their prey and then consume it as they glide gently toward the ground.","id":"9c8143dff7665fa081a97e225f66eb64770de8e8","imageName":"dreadwing","layout":"normal","manaCost":"{B}","mciNumber":"43","multiverseid":159629,"name":"Dreadwing","number":"43","power":"1","rarity":"Uncommon","subtypes":["Zombie"],"text":"{1}{U}{R}: Dreadwing gets +3/+0 and gains flying until end of turn.","toughness":"1","type":"Creature — Zombie","types":["Creature"]},{"artist":"Carl Critchlow","cmc":6,"colorIdentity":["B"],"colors":["Black"],"id":"e81543393cd2af18e265ba881bafd26f223f52b0","imageName":"extractor demon","layout":"normal","manaCost":"{4}{B}{B}","mciNumber":"44","multiverseid":189082,"name":"Extractor Demon","number":"44","power":"5","rarity":"Rare","subtypes":["Demon"],"text":"Flying\nWhenever another creature leaves the battlefield, you may have target player put the top two cards of his or her library into his or her graveyard.\nUnearth {2}{B} ({2}{B}: Return this card from your graveyard to the battlefield. It gains haste. Exile it at the beginning of the next end step or if it would leave the battlefield. Unearth only as a sorcery.)","toughness":"5","type":"Creature — Demon","types":["Creature"]},{"artist":"Dave Kendall","cmc":3,"colorIdentity":["B","W","U","R","G"],"colors":["Black"],"flavor":"Necromancers who discovered the new sources of mana were quick to dream up new nightmares with them.","id":"a248513fa6779623f0503f16e23e31f9ff91cbe1","imageName":"fleshformer","layout":"normal","manaCost":"{2}{B}","mciNumber":"45","multiverseid":179884,"name":"Fleshformer","number":"45","power":"2","rarity":"Uncommon","subtypes":["Human","Wizard"],"text":"{W}{U}{B}{R}{G}: Fleshformer gets +2/+2 and gains fear until end of turn. Target creature gets -2/-2 until end of turn. Activate this ability only during your turn. (A creature with fear can't be blocked except by artifact creatures and/or black creatures.)","toughness":"2","type":"Creature — Human Wizard","types":["Creature"]},{"artist":"Dave Kendall","cmc":6,"colorIdentity":["B"],"colors":["Black"],"id":"9d9fec44cf02194b970258db65d4185802c9ce34","imageName":"grixis slavedriver","layout":"normal","manaCost":"{5}{B}","mciNumber":"46","multiverseid":179804,"name":"Grixis Slavedriver","number":"46","power":"4","rarity":"Uncommon","subtypes":["Zombie","Giant"],"text":"When Grixis Slavedriver leaves the battlefield, create a 2/2 black Zombie creature token.\nUnearth {3}{B} ({3}{B}: Return this card from your graveyard to the battlefield. It gains haste. Exile it at the beginning of the next end step or if it would leave the battlefield. Unearth only as a sorcery.)","toughness":"4","type":"Creature — Zombie Giant","types":["Creature"]},{"artist":"Pete Venters","cmc":4,"colorIdentity":["B"],"colors":["Black"],"flavor":"Not once in the history of Grixis has anyone died of old age.","id":"30d693a899fb62320f486cd06d77be372051685c","imageName":"infectious horror","layout":"normal","manaCost":"{3}{B}","mciNumber":"47","multiverseid":157732,"name":"Infectious Horror","number":"47","power":"2","rarity":"Common","subtypes":["Zombie","Horror"],"text":"Whenever Infectious Horror attacks, each opponent loses 2 life.","toughness":"2","type":"Creature — Zombie Horror","types":["Creature"]},{"artist":"Dan Scott","cmc":1,"colorIdentity":["B"],"colors":["Black"],"flavor":"When the smell of passing thoughts piques its hunger, its maw becomes primed with acid and a taste for brains.","id":"77d03ad020cfeab0d0b4a3ef431a8256068ecf66","imageName":"kederekt parasite","layout":"normal","manaCost":"{B}","mciNumber":"48","multiverseid":189080,"name":"Kederekt Parasite","number":"48","power":"1","rarity":"Rare","subtypes":["Horror"],"text":"Whenever an opponent draws a card, if you control a red permanent, you may have Kederekt Parasite deal 1 damage to that player.","toughness":"1","type":"Creature — Horror","types":["Creature"]},{"artist":"Raymond Swanland","cmc":3,"colorIdentity":["B"],"colors":["Black"],"flavor":"Born of volcanic forces, it thrives on the absolute panic it inspires.","id":"a41c461228677ca7c92ef065838c00027e5c1f01","imageName":"nyxathid","layout":"normal","manaCost":"{1}{B}{B}","mciNumber":"49","multiverseid":186616,"name":"Nyxathid","number":"49","power":"7","rarity":"Rare","subtypes":["Elemental"],"text":"As Nyxathid enters the battlefield, choose an opponent.\nNyxathid gets -1/-1 for each card in the chosen player's hand.","toughness":"7","type":"Creature — Elemental","types":["Creature"]},{"artist":"Dave Kendall","cmc":3,"colorIdentity":["B","R"],"colors":["Black"],"id":"d748929c771444996ad0d5a22d80ade01fe83e10","imageName":"pestilent kathari","layout":"normal","manaCost":"{2}{B}","mciNumber":"50","multiverseid":179518,"name":"Pestilent Kathari","number":"50","power":"1","rarity":"Common","subtypes":["Bird","Warrior"],"text":"Flying\nDeathtouch (Any amount of damage this deals to a creature is enough to destroy it.)\n{2}{R}: Pestilent Kathari gains first strike until end of turn.","toughness":"1","type":"Creature — Bird Warrior","types":["Creature"]},{"artist":"Dave Allsop","cmc":2,"colorIdentity":["B"],"colors":["Black"],"id":"0416da0df87cff76b354c9acc44b60ce35d60c36","imageName":"rotting rats","layout":"normal","manaCost":"{1}{B}","mciNumber":"51","multiverseid":150833,"name":"Rotting Rats","number":"51","power":"1","rarity":"Common","subtypes":["Zombie","Rat"],"text":"When Rotting Rats enters the battlefield, each player discards a card.\nUnearth {1}{B} ({1}{B}: Return this card from your graveyard to the battlefield. It gains haste. Exile it at the beginning of the next end step or if it would leave the battlefield. Unearth only as a sorcery.)","toughness":"1","type":"Creature — Zombie Rat","types":["Creature"]},{"artist":"Anthony Francisco","cmc":2,"colorIdentity":["B"],"colors":["Black"],"flavor":"Esper artificers never imagined that one day their scraps would be pressed against their soft and fragile throats.","id":"71a1ad21365aeca8026aab6b397842e31efdec39","imageName":"salvage slasher","layout":"normal","manaCost":"{1}{B}","mciNumber":"52","multiverseid":179254,"name":"Salvage Slasher","number":"52","power":"1","rarity":"Common","subtypes":["Human","Rogue"],"text":"Salvage Slasher gets +1/+0 for each artifact card in your graveyard.","toughness":"1","type":"Artifact Creature — Human Rogue","types":["Artifact","Creature"]},{"artist":"Franz Vohwinkel","cmc":2,"colorIdentity":["B"],"colors":["Black"],"flavor":"One goes to Tidehollow either to forget or to be forgotten. Either way, the scullers will oblige.","id":"f1d39737f61a111be3b8beef82ab516fbc87a9ff","imageName":"scepter of fugue","layout":"normal","manaCost":"{B}{B}","mciNumber":"53","multiverseid":189084,"name":"Scepter of Fugue","number":"53","rarity":"Rare","text":"{1}{B}, {T}: Target player discards a card. Activate this ability only during your turn.","type":"Artifact","types":["Artifact"]},{"artist":"Karl Kopinski","cmc":3,"colorIdentity":["B"],"colors":["Black"],"flavor":"The problem with a liquid that can dissolve anything is finding something to carry it in.","id":"cfdd83a7dde1de576c74eb7c2e3fc3de1b0e0062","imageName":"sedraxis alchemist","layout":"normal","manaCost":"{2}{B}","mciNumber":"54","multiverseid":182306,"name":"Sedraxis Alchemist","number":"54","power":"2","rarity":"Common","subtypes":["Zombie","Wizard"],"text":"When Sedraxis Alchemist enters the battlefield, if you control a blue permanent, return target nonland permanent to its owner's hand.","toughness":"2","type":"Creature — Zombie Wizard","types":["Creature"]},{"artist":"rk post","cmc":5,"colorIdentity":["B"],"colors":["Black"],"flavor":"As Grixis collided with the rest of Alara, the worlds began to hear the hateful whispers of the forgotten dead.","id":"b71dc092182c790c62fdf8d9f2dad515dcd6b786","imageName":"voices from the void","layout":"normal","manaCost":"{4}{B}","mciNumber":"55","multiverseid":150847,"name":"Voices from the Void","number":"55","rarity":"Uncommon","text":"Domain — Target player discards a card for each basic land type among lands you control.","type":"Sorcery","types":["Sorcery"]},{"artist":"Nils Hamm","cmc":1,"colorIdentity":["B"],"colors":["Black"],"flavor":"\"The meek inherit nothing.\"\n—Sedris, the Traitor King","id":"0e56aa156b5d7978f558ea5b884972bbb8ff109d","imageName":"wretched banquet","layout":"normal","manaCost":"{B}","mciNumber":"56","multiverseid":174907,"name":"Wretched Banquet","number":"56","rarity":"Common","text":"Destroy target creature if it has the least power or is tied for least power among creatures on the battlefield.","type":"Sorcery","types":["Sorcery"]},{"artist":"Paul Bonner","cmc":2,"colorIdentity":["B"],"colors":["Black"],"flavor":"The demon's yoke is part leash, part noose.","id":"4b81803305cad422675c4b664e0cbe7490084131","imageName":"yoke of the damned","layout":"normal","manaCost":"{1}{B}","mciNumber":"57","multiverseid":179891,"name":"Yoke of the Damned","number":"57","rarity":"Common","subtypes":["Aura"],"text":"Enchant creature\nWhen a creature dies, destroy enchanted creature.","type":"Enchantment — Aura","types":["Enchantment"]},{"artist":"Raymond Swanland","cmc":1,"colorIdentity":["R"],"colors":["Red"],"flavor":"For Sarkhan Vol, the dragon is the purest expression of life's savage splendor.","id":"2d49b18936e8487d451ddd612d1087b4fde6016e","imageName":"banefire","layout":"normal","manaCost":"{X}{R}","mciNumber":"58","multiverseid":186613,"name":"Banefire","number":"58","rarity":"Rare","text":"Banefire deals X damage to target creature or player.\nIf X is 5 or more, Banefire can't be countered by spells or abilities and the damage can't be prevented.","type":"Sorcery","types":["Sorcery"]},{"artist":"Jaime Jones","cmc":1,"colorIdentity":["R"],"colors":["Red"],"flavor":"A drop of blood spilled from the first dragon.","id":"2585cf068e164658aa38dea67325ac6d9d9f05da","imageName":"bloodhall ooze","layout":"normal","manaCost":"{R}","mciNumber":"59","multiverseid":159610,"name":"Bloodhall Ooze","number":"59","power":"1","rarity":"Rare","subtypes":["Ooze"],"text":"At the beginning of your upkeep, if you control a black permanent, you may put a +1/+1 counter on Bloodhall Ooze.\nAt the beginning of your upkeep, if you control a green permanent, you may put a +1/+1 counter on Bloodhall Ooze.","toughness":"1","type":"Creature — Ooze","types":["Creature"]},{"artist":"Steve Prescott","cmc":4,"colorIdentity":["R"],"colors":["Red"],"flavor":"On Jund, the deep canyons were the best places to hide. When the goblins wandered into Naya, they found that was not so true.","id":"f0eed72422442a6ccf4420380d473cb1ea4d41bf","imageName":"canyon minotaur","layout":"normal","manaCost":"{3}{R}","mciNumber":"60","multiverseid":184994,"name":"Canyon Minotaur","number":"60","power":"3","rarity":"Common","subtypes":["Minotaur","Warrior"],"toughness":"3","type":"Creature — Minotaur Warrior","types":["Creature"]},{"artist":"Jaime Jones","cmc":3,"colorIdentity":["R"],"colors":["Red"],"flavor":"When you've got the temperament of a dragon, every argument is one you'll win.","id":"0d230a7e6ee6e72b62f6cf7b3cfc7c00b3dc17fa","imageName":"dark temper","layout":"normal","manaCost":"{2}{R}","mciNumber":"61","multiverseid":185143,"name":"Dark Temper","number":"61","rarity":"Common","text":"Dark Temper deals 2 damage to target creature. If you control a black permanent, destroy the creature instead.","type":"Instant","types":["Instant"]},{"artist":"Justin Sweet","cmc":3,"colorIdentity":["R","W","U","B","G"],"colors":["Red"],"flavor":"The farther he roamed from Jund and its dragons, the more he felt their essence in himself.","id":"14e3717e79618e3b6db93f751231fb54ea9254d4","imageName":"dragonsoul knight","layout":"normal","manaCost":"{2}{R}","mciNumber":"62","multiverseid":186392,"name":"Dragonsoul Knight","number":"62","power":"2","rarity":"Uncommon","subtypes":["Human","Knight"],"text":"First strike\n{W}{U}{B}{R}{G}: Until end of turn, Dragonsoul Knight becomes a Dragon, gets +5/+3, and gains flying and trample.","toughness":"2","type":"Creature — Human Knight","types":["Creature"]},{"artist":"Daarken","cmc":6,"colorIdentity":["R"],"colors":["Red"],"flavor":"Jund feasts on the unprepared.","id":"474678343aa9faaa444fe2b18eac61b1c89e3b16","imageName":"fiery fall","layout":"normal","manaCost":"{5}{R}","mciNumber":"63","multiverseid":179519,"name":"Fiery Fall","number":"63","rarity":"Common","text":"Fiery Fall deals 5 damage to target creature.\nBasic landcycling {1}{R} ({1}{R}, Discard this card: Search your library for a basic land card, reveal it, and put it into your hand. Then shuffle your library.)","type":"Instant","types":["Instant"]},{"artist":"Raymond Swanland","cmc":4,"colorIdentity":["R"],"colors":["Red"],"flavor":"Finding themselves in a new and unexplored world, they immediately set it on fire.","id":"5eb7dca194e8c93952924dd96b1bd0d1eb34bead","imageName":"goblin razerunners","layout":"normal","manaCost":"{2}{R}{R}","mciNumber":"64","multiverseid":179487,"name":"Goblin Razerunners","number":"64","power":"3","rarity":"Rare","subtypes":["Goblin","Warrior"],"text":"{1}{R}, Sacrifice a land: Put a +1/+1 counter on Goblin Razerunners.\nAt the beginning of your end step, you may have Goblin Razerunners deal damage equal to the number of +1/+1 counters on it to target player.","toughness":"4","type":"Creature — Goblin Warrior","types":["Creature"]},{"artist":"Justin Sweet","cmc":2,"colorIdentity":["R"],"colors":["Red"],"id":"5f23c1fd88e7f07a389b1d201290cc0125055e9e","imageName":"hellspark elemental","layout":"normal","manaCost":"{1}{R}","mciNumber":"65","multiverseid":174799,"name":"Hellspark Elemental","number":"65","power":"3","rarity":"Uncommon","subtypes":["Elemental"],"text":"Trample, haste\nAt the beginning of the end step, sacrifice Hellspark Elemental.\nUnearth {1}{R} ({1}{R}: Return this card from your graveyard to the battlefield. It gains haste. Exile it at the beginning of the next end step or if it would leave the battlefield. Unearth only as a sorcery.)","toughness":"1","type":"Creature — Elemental","types":["Creature"]},{"artist":"Zoltan Boros & Gabor Szikszai","cmc":2,"colorIdentity":["R"],"colors":["Red"],"flavor":"\"Bant is a world imprisoned by polished stone and tyrannical rule. It yearns to strike back against those who restrain it.\"","id":"919d11befbdb75d6e34854e5fb2a2910b0fa0d5c","imageName":"ignite disorder","layout":"normal","manaCost":"{1}{R}","mciNumber":"66","multiverseid":183056,"name":"Ignite Disorder","number":"66","rarity":"Uncommon","text":"Ignite Disorder deals 3 damage divided as you choose among one, two, or three target white and/or blue creatures.","type":"Instant","types":["Instant"]},{"artist":"Steve Argyle","cmc":5,"colorIdentity":["R","W"],"colors":["Red"],"flavor":"\"A surly beast, the kranioceros will raise its defenses at the smallest threat. Stay out of sight and downwind, or you'll disrupt its natural migrations.\"\n—Ebrel, godtoucher mentor","id":"928fcdadfbf6b00a3b39c7f069477bf663ae5477","imageName":"kranioceros","layout":"normal","manaCost":"{4}{R}","mciNumber":"67","multiverseid":177940,"name":"Kranioceros","number":"67","power":"5","rarity":"Common","subtypes":["Beast"],"text":"{1}{W}: Kranioceros gets +0/+3 until end of turn.","toughness":"2","type":"Creature — Beast","types":["Creature"]},{"artist":"Brandon Kitkouski","cmc":2,"colorIdentity":["R"],"colors":["Red"],"flavor":"The spikes of sangrite made the goblin stronger, but they didn't make him any smarter.","id":"87cec5e23ceaa8b569794214a24ce92471400aea","imageName":"maniacal rage","layout":"normal","manaCost":"{1}{R}","mciNumber":"68","multiverseid":182609,"name":"Maniacal Rage","number":"68","rarity":"Common","subtypes":["Aura"],"text":"Enchant creature\nEnchanted creature gets +2/+2 and can't block.","type":"Enchantment — Aura","types":["Enchantment"]},{"artist":"Izzy","cmc":2,"colorIdentity":["R"],"colors":["Red"],"flavor":"The metal filigree in his body glowed red-hot, and his flesh soon followed.","id":"0c696b65a1d22f217a65a688177f9d91350beba0","imageName":"molten frame","layout":"normal","manaCost":"{1}{R}","mciNumber":"69","multiverseid":184988,"name":"Molten Frame","number":"69","rarity":"Common","text":"Destroy target artifact creature.\nCycling {2} ({2}, Discard this card: Draw a card.)","type":"Instant","types":["Instant"]},{"artist":"Jean-Sébastien Rossbach","cmc":4,"colorIdentity":["R","U"],"colors":["Red"],"flavor":"You'd better know how to pray for rain.","id":"7289f1bd9c59b82a52db74e485394642637aad4c","imageName":"quenchable fire","layout":"normal","manaCost":"{3}{R}","mciNumber":"70","multiverseid":179440,"name":"Quenchable Fire","number":"70","rarity":"Common","text":"Quenchable Fire deals 3 damage to target player. It deals an additional 3 damage to that player at the beginning of your next upkeep step unless he or she pays {U} before that step.","type":"Sorcery","types":["Sorcery"]},{"artist":"Jason Chan","cmc":4,"colorIdentity":["R"],"colors":["Red"],"flavor":"\"The finest pawns are those with pawns of their own.\"\n—Nicol Bolas","id":"b7567c8fbd502e8fbbb72763ef600127dc71a7e0","imageName":"rakka mar","layout":"normal","manaCost":"{2}{R}{R}","mciNumber":"71","multiverseid":185810,"name":"Rakka Mar","number":"71","power":"2","rarity":"Rare","subtypes":["Human","Shaman"],"supertypes":["Legendary"],"text":"Haste\n{R}, {T}: Create a 3/1 red Elemental creature token with haste.","toughness":"2","type":"Legendary Creature — Human Shaman","types":["Creature"]},{"artist":"Brandon Kitkouski","cmc":1,"colorIdentity":["R"],"colors":["Red"],"flavor":"There are no \"weak\" creatures on Jund. Even the smallest can strike a deadly blow.","id":"0f916a5f739e78068e2416fa40ab6e73aab1b5ea","imageName":"toxic iguanar","layout":"normal","manaCost":"{R}","mciNumber":"72","multiverseid":170956,"name":"Toxic Iguanar","number":"72","power":"1","rarity":"Common","subtypes":["Lizard"],"text":"Toxic Iguanar has deathtouch as long as you control a green permanent. (Any amount of damage a creature with deathtouch deals to a creature is enough to destroy it.)","toughness":"1","type":"Creature — Lizard","types":["Creature"]},{"artist":"Raymond Swanland","cmc":2,"colorIdentity":["R","B","G"],"colors":["Red"],"flavor":"\"I'll fight two at once, and then lick their guts from my blades.\"","id":"02590e1b07769fd9764f4e029ac98aeb26165d4d","imageName":"viashino slaughtermaster","layout":"normal","manaCost":"{1}{R}","mciNumber":"73","multiverseid":179245,"name":"Viashino Slaughtermaster","number":"73","power":"1","rarity":"Uncommon","subtypes":["Viashino","Warrior"],"text":"Double strike\n{B}{G}: Viashino Slaughtermaster gets +1/+1 until end of turn. Activate this ability only once each turn.","toughness":"1","type":"Creature — Viashino Warrior","types":["Creature"]},{"artist":"Zoltan Boros & Gabor Szikszai","cmc":3,"colorIdentity":["R"],"colors":["Red"],"flavor":"\"How can we outrun the sky?\"\n—Hadran, sunseeder of Naya","id":"0359a4a8a4230b0b3aae355e5635842b6d577055","imageName":"volcanic fallout","layout":"normal","manaCost":"{1}{R}{R}","mciNumber":"74","multiverseid":180274,"name":"Volcanic Fallout","number":"74","rarity":"Uncommon","text":"Volcanic Fallout can't be countered.\nVolcanic Fallout deals 2 damage to each creature and each player.","type":"Instant","types":["Instant"]},{"artist":"Dominick Domingo","cmc":5,"colorIdentity":["R"],"colors":["Red"],"id":"1d0be7cc53af8cb6f95eb178d90b6d4d29a82d54","imageName":"voracious dragon","layout":"normal","manaCost":"{3}{R}{R}","mciNumber":"75","multiverseid":186329,"name":"Voracious Dragon","number":"75","power":"4","rarity":"Rare","subtypes":["Dragon"],"text":"Flying\nDevour 1 (As this enters the battlefield, you may sacrifice any number of creatures. This creature enters the battlefield with that many +1/+1 counters on it.)\nWhen Voracious Dragon enters the battlefield, it deals damage to target creature or player equal to twice the number of Goblins it devoured.","toughness":"4","type":"Creature — Dragon","types":["Creature"]},{"artist":"Karl Kopinski","cmc":3,"colorIdentity":["R"],"colors":["Red"],"flavor":"Tired of waiting for a dragon to eat them, some hardy goblins struck out to become meals for the unknown.","id":"1e6fbaf2d08d9e7a071ae43f7ae9fe9954dac8d8","imageName":"wandering goblins","layout":"normal","manaCost":"{2}{R}","mciNumber":"76","multiverseid":180279,"name":"Wandering Goblins","number":"76","power":"0","rarity":"Common","subtypes":["Goblin","Warrior"],"text":"Domain — {3}: Wandering Goblins gets +1/+0 until end of turn for each basic land type among lands you control.","toughness":"3","type":"Creature — Goblin Warrior","types":["Creature"]},{"artist":"Aleksi Briclot","cmc":4,"colorIdentity":["R","W","U","B","G"],"colors":["Red"],"id":"07fc56d0f0c36c7deeab33a82de336ff1a940a66","imageName":"worldheart phoenix","layout":"normal","manaCost":"{3}{R}","mciNumber":"77","multiverseid":175401,"name":"Worldheart Phoenix","number":"77","power":"2","rarity":"Rare","subtypes":["Phoenix"],"text":"Flying\nYou may cast Worldheart Phoenix from your graveyard by paying {W}{U}{B}{R}{G} rather than paying its mana cost. If you do, it enters the battlefield with two +1/+1 counters on it.","toughness":"2","type":"Creature — Phoenix","types":["Creature"]},{"artist":"Jesper Ejsing","cmc":5,"colorIdentity":["G"],"colors":["Green"],"flavor":"When its smoky plumes light Naya's sky, every creature from the smallest pip fawn to the largest rannet heeds the warning.","id":"73d52002d19261b0c3d7ef1fd3bc56d43f73e028","imageName":"beacon behemoth","layout":"normal","manaCost":"{3}{G}{G}","mciNumber":"78","multiverseid":177931,"name":"Beacon Behemoth","number":"78","power":"5","rarity":"Common","subtypes":["Beast"],"text":"{1}: Target creature with power 5 or greater gains vigilance until end of turn.","toughness":"3","type":"Creature — Beast","types":["Creature"]},{"artist":"Wayne Reynolds","cmc":4,"colorIdentity":["G"],"colors":["Green"],"flavor":"It's revered for its power, celebrated for its grace, and feared for the avalanches triggered by its thunderous feet.","id":"c10d122294e0f91386d9f7a85845b0305309ae75","imageName":"cliffrunner behemoth","layout":"normal","manaCost":"{3}{G}","mciNumber":"79","multiverseid":159612,"name":"Cliffrunner Behemoth","number":"79","power":"5","rarity":"Rare","subtypes":["Rhino","Beast"],"text":"Cliffrunner Behemoth has haste as long as you control a red permanent.\nCliffrunner Behemoth has lifelink as long as you control a white permanent.","toughness":"3","type":"Creature — Rhino Beast","types":["Creature"]},{"artist":"Jesper Ejsing","cmc":2,"colorIdentity":["G","R","W"],"colors":["Green"],"flavor":"\"The sun shines bright upon the strong.\"","id":"8b919c7a0f00d93e25c6342ba6a03dd6684ad9cb","imageName":"cylian sunsinger","layout":"normal","manaCost":"{1}{G}","mciNumber":"80","multiverseid":189081,"name":"Cylian Sunsinger","number":"80","power":"2","rarity":"Rare","subtypes":["Elf","Shaman"],"text":"{R}{G}{W}: Cylian Sunsinger and each other creature with the same name as it get +3/+3 until end of turn.","toughness":"2","type":"Creature — Elf Shaman","types":["Creature"]},{"artist":"Steve Prescott","cmc":3,"colorIdentity":["G"],"colors":["Green"],"flavor":"\"Each night, the sun unravels and blows away. Each day, the spiders set a new one in the sky.\"\n—Sunseeder myth","id":"7cd6b4fc1697490326dff44ef95672b1595285ab","imageName":"ember weaver","layout":"normal","manaCost":"{2}{G}","mciNumber":"81","multiverseid":184990,"name":"Ember Weaver","number":"81","power":"2","rarity":"Common","subtypes":["Spider"],"text":"Reach (This creature can block creatures with flying.)\nAs long as you control a red permanent, Ember Weaver gets +1/+0 and has first strike.","toughness":"3","type":"Creature — Spider","types":["Creature"]},{"artist":"Howard Lyon","cmc":3,"colorIdentity":["G"],"colors":["Green"],"flavor":"The sphinx tyrannized Bant until a rhox mage tested the hardiness of her shiny parts.","id":"2768f045a6a82fa1daecde40078f0425d48a79a6","imageName":"filigree fracture","layout":"normal","manaCost":"{2}{G}","mciNumber":"82","multiverseid":179439,"name":"Filigree Fracture","number":"82","rarity":"Uncommon","text":"Destroy target artifact or enchantment. If that permanent was blue or black, draw a card.","type":"Instant","types":["Instant"]},{"artist":"Trevor Claxton","cmc":3,"colorIdentity":["G"],"colors":["Green"],"flavor":"On Jund, everything eventually ends up in something else's stomach.","id":"796a26c857095c1f80fbd671581509f08d9cb8ae","imageName":"gluttonous slime","layout":"normal","manaCost":"{2}{G}","mciNumber":"83","multiverseid":179512,"name":"Gluttonous Slime","number":"83","power":"2","rarity":"Uncommon","subtypes":["Ooze"],"text":"Flash\nDevour 1 (As this enters the battlefield, you may sacrifice any number of creatures. This creature enters the battlefield with that many +1/+1 counters on it.)","toughness":"2","type":"Creature — Ooze","types":["Creature"]},{"artist":"Steve Argyle","cmc":3,"colorIdentity":["G"],"colors":["Green"],"flavor":"When outsiders interrupted the matca championship, things got ugly.","id":"aa34eca1a0f0a1d6a3a05e47364f924170bb8c73","imageName":"matca rioters","layout":"normal","manaCost":"{2}{G}","mciNumber":"84","multiverseid":179248,"name":"Matca Rioters","number":"84","power":"*","rarity":"Common","subtypes":["Human","Warrior"],"text":"Domain — Matca Rioters's power and toughness are each equal to the number of basic land types among lands you control.","toughness":"*","type":"Creature — Human Warrior","types":["Creature"]},{"artist":"Steve Prescott","cmc":1,"colorIdentity":["G"],"colors":["Green"],"flavor":"The combined strength of all five planes spawned creations none had seen before.","id":"afce033246da4fce01f7b1a29a46081c8266356e","imageName":"might of alara","layout":"normal","manaCost":"{G}","mciNumber":"85","multiverseid":150810,"name":"Might of Alara","number":"85","rarity":"Common","text":"Domain — Target creature gets +1/+1 until end of turn for each basic land type among lands you control.","type":"Instant","types":["Instant"]},{"artist":"Paolo Parente","cmc":2,"colorIdentity":["G"],"colors":["Green"],"flavor":"\"Blades dull and armor dents. Marisi taught us that instinct is the only thing a true warrior needs.\"\n—Ajani","id":"c4eefa7826df8c5d82ada4917a0b9fdebb258fef","imageName":"nacatl savage","layout":"normal","manaCost":"{1}{G}","mciNumber":"86","multiverseid":183022,"name":"Nacatl Savage","number":"86","power":"2","rarity":"Common","subtypes":["Cat","Warrior"],"text":"Protection from artifacts","toughness":"1","type":"Creature — Cat Warrior","types":["Creature"]},{"artist":"Mark Zug","cmc":1,"colorIdentity":["G","W","U"],"colors":["Green"],"flavor":"She protects the sacred groves from blight, drought, and the Unbeholden.","id":"31f2cc388ea8bd466d5f3d0d998d904cb1e90be7","imageName":"noble hierarch","layout":"normal","manaCost":"{G}","mciNumber":"87","multiverseid":179434,"name":"Noble Hierarch","number":"87","power":"0","rarity":"Rare","subtypes":["Human","Druid"],"text":"Exalted (Whenever a creature you control attacks alone, that creature gets +1/+1 until end of turn.)\n{T}: Add {G}, {W}, or {U} to your mana pool.","toughness":"1","type":"Creature — Human Druid","types":["Creature"]},{"artist":"Christopher Moeller","cmc":6,"colorIdentity":["G"],"colors":["Green"],"flavor":"\"Gods do not sleep soundly in the earth's embrace.\"\n—Mayael the Anima","id":"ebeabf0fb862fab68f41fa1165c51c766439bead","imageName":"paleoloth","layout":"normal","manaCost":"{4}{G}{G}","mciNumber":"88","multiverseid":189873,"name":"Paleoloth","number":"88","power":"5","rarity":"Rare","subtypes":["Beast"],"text":"Whenever another creature with power 5 or greater enters the battlefield under your control, you may return target creature card from your graveyard to your hand.","toughness":"5","type":"Creature — Beast","types":["Creature"]},{"artist":"Kev Walker","cmc":3,"colorIdentity":["G","R","W"],"colors":["Green"],"flavor":"\"Our arrows are aimed not at the sacred behemoths but at those who dare to dream of such a trophy.\"","id":"03265bebc58510e8f37ea86a288e3ccc31a632f7","imageName":"sacellum archers","layout":"normal","manaCost":"{2}{G}","mciNumber":"89","multiverseid":179488,"name":"Sacellum Archers","number":"89","power":"2","rarity":"Uncommon","subtypes":["Elf","Archer"],"text":"{R}{W}, {T}: Sacellum Archers deals 2 damage to target attacking or blocking creature.","toughness":"3","type":"Creature — Elf Archer","types":["Creature"]},{"artist":"Steve Argyle","cmc":1,"colorIdentity":["G"],"colors":["Green"],"flavor":"To train her elves for war, Mayael would drop a sackful of acorns from the tree canopy. Each archer tried to split as many as possible before the acorns hit the forest floor below.","id":"c31a58e68a68d650cb23df0b09239c751cc93c0d","imageName":"scattershot archer","layout":"normal","manaCost":"{G}","mciNumber":"90","multiverseid":185828,"name":"Scattershot Archer","number":"90","power":"1","rarity":"Common","subtypes":["Elf","Archer"],"text":"{T}: Scattershot Archer deals 1 damage to each creature with flying.","toughness":"2","type":"Creature — Elf Archer","types":["Creature"]},{"artist":"Vance Kovacs","cmc":4,"colorIdentity":["G"],"colors":["Green"],"flavor":"Alara is broken no more.","id":"478707a9d6f8025cfc0cb8d518a1c199b9bc855f","imageName":"shard convergence","layout":"normal","manaCost":"{3}{G}","mciNumber":"91","multiverseid":175034,"name":"Shard Convergence","number":"91","rarity":"Uncommon","text":"Search your library for a Plains card, an Island card, a Swamp card, and a Mountain card. Reveal those cards and put them into your hand. Then shuffle your library.","type":"Sorcery","types":["Sorcery"]},{"artist":"Jesper Ejsing","cmc":5,"colorIdentity":["G"],"colors":["Green"],"flavor":"An avatar he sculpts of wisdom and strength.","id":"0cc6aa226f3ec5ca3fb6a6d79575adc80e6b9871","imageName":"soul's majesty","layout":"normal","manaCost":"{4}{G}","mciNumber":"92","multiverseid":185137,"name":"Soul's Majesty","number":"92","rarity":"Rare","text":"Draw cards equal to the power of target creature you control.","type":"Sorcery","types":["Sorcery"]},{"artist":"Daarken","cmc":4,"colorIdentity":["G"],"colors":["Green"],"flavor":"Seeds from Jund don't drift gently on the wind. They get up and stampede.","id":"5be0e4512842a727f6150400f88a598c016e8445","imageName":"spore burst","layout":"normal","manaCost":"{3}{G}","mciNumber":"93","multiverseid":185829,"name":"Spore Burst","number":"93","rarity":"Uncommon","text":"Domain — Create a 1/1 green Saproling creature token for each basic land type among lands you control.","type":"Sorcery","types":["Sorcery"]},{"artist":"Chris Rahn","cmc":6,"colorIdentity":["G"],"colors":["Green"],"flavor":"Some who scouted new lands chose to stay.","id":"af7fc6672747e9c0a916d82a2b981d16149dd14f","imageName":"sylvan bounty","layout":"normal","manaCost":"{5}{G}","mciNumber":"94","multiverseid":179523,"name":"Sylvan Bounty","number":"94","rarity":"Common","text":"Target player gains 8 life.\nBasic landcycling {1}{G} ({1}{G}, Discard this card: Search your library for a basic land card, reveal it, and put it into your hand. Then shuffle your library.)","type":"Instant","types":["Instant"]},{"artist":"Kev Walker","cmc":5,"colorIdentity":["G"],"colors":["Green"],"id":"9958b6cf8b012a36a900e66d91e641425505de3e","imageName":"thornling","layout":"normal","manaCost":"{3}{G}{G}","mciNumber":"95","multiverseid":180341,"name":"Thornling","number":"95","power":"4","rarity":"Mythic Rare","subtypes":["Elemental","Shapeshifter"],"text":"{G}: Thornling gains haste until end of turn.\n{G}: Thornling gains trample until end of turn.\n{G}: Thornling gains indestructible until end of turn.\n{1}: Thornling gets +1/-1 until end of turn.\n{1}: Thornling gets -1/+1 until end of turn.","toughness":"4","type":"Creature — Elemental Shapeshifter","types":["Creature"]},{"artist":"Vance Kovacs","cmc":1,"colorIdentity":["G"],"colors":["Green"],"flavor":"Jund's thallids tried to disguise their deliciousness by covering themselves in spines harvested from the tukatongue tree.","id":"c6a3d8efc690dc16a52c03faccfa15f6fc602f15","imageName":"tukatongue thallid","layout":"normal","manaCost":"{G}","mciNumber":"96","multiverseid":184995,"name":"Tukatongue Thallid","number":"96","power":"1","rarity":"Common","subtypes":["Fungus"],"text":"When Tukatongue Thallid dies, create a 1/1 green Saproling creature token.","toughness":"1","type":"Creature — Fungus","types":["Creature"]},{"artist":"Michael Komarck","cmc":4,"colorIdentity":["G"],"colors":["Green"],"flavor":"\"Leotau that were born wild make the best mounts. It's like riding a thunderstorm.\"\n—Rafiq of the Many","id":"b933c54e94ccbe1aaa6e9abf61128a3a3a7fc25b","imageName":"wild leotau","layout":"normal","manaCost":"{2}{G}{G}","mciNumber":"97","multiverseid":179489,"name":"Wild Leotau","number":"97","power":"5","rarity":"Common","subtypes":["Cat"],"text":"At the beginning of your upkeep, sacrifice Wild Leotau unless you pay {G}.","toughness":"4","type":"Creature — Cat","types":["Creature"]},{"artist":"Jason Chan","cmc":2,"colorIdentity":["R","G"],"colors":["Red","Green"],"id":"116b1ace54c268e1176b4438c2f245cb36a9064f","imageName":"apocalypse hydra","layout":"normal","manaCost":"{X}{R}{G}","mciNumber":"98","multiverseid":183068,"name":"Apocalypse Hydra","number":"98","power":"0","rarity":"Mythic Rare","subtypes":["Hydra"],"text":"Apocalypse Hydra enters the battlefield with X +1/+1 counters on it. If X is 5 or more, it enters the battlefield with an additional X +1/+1 counters on it.\n{1}{R}, Remove a +1/+1 counter from Apocalypse Hydra: Apocalypse Hydra deals 1 damage to target creature or player.","toughness":"0","type":"Creature — Hydra","types":["Creature"]},{"artist":"Karl Kopinski","cmc":7,"colorIdentity":["U","B","R"],"colors":["Blue","Black","Red"],"id":"40eccea11759abce48ca5a9147dfb9e76bc8986a","imageName":"blood tyrant","layout":"normal","manaCost":"{4}{U}{B}{R}","mciNumber":"99","multiverseid":180267,"name":"Blood Tyrant","number":"99","power":"5","rarity":"Rare","subtypes":["Vampire"],"text":"Flying, trample\nAt the beginning of your upkeep, each player loses 1 life. Put a +1/+1 counter on Blood Tyrant for each 1 life lost this way.\nWhenever a player loses the game, put five +1/+1 counters on Blood Tyrant.","toughness":"5","type":"Creature — Vampire","types":["Creature"]},{"artist":"Lars Grant-West","cmc":7,"colorIdentity":["B","R","G"],"colors":["Black","Red","Green"],"flavor":"Jund's dragons hoard only sangrite crystals. Its wurms aren't so picky.","id":"7b2a2770900e16520a3448dfb6413e132311e007","imageName":"charnelhoard wurm","layout":"normal","manaCost":"{4}{B}{R}{G}","mciNumber":"100","multiverseid":179438,"name":"Charnelhoard Wurm","number":"100","power":"6","rarity":"Rare","subtypes":["Wurm"],"text":"Trample\nWhenever Charnelhoard Wurm deals damage to an opponent, you may return target card from your graveyard to your hand.","toughness":"6","type":"Creature — Wurm","types":["Creature"]},{"artist":"Steve Argyle","cmc":5,"colorIdentity":["W","U","B","R","G"],"colors":["White","Blue","Black","Red","Green"],"flavor":"The progeny of the Maelstrom shows no allegiance—and no mercy—to any of the five shards.","id":"ec6cc1ea9bbd3679131ee6e07dc0ffcb758c7332","imageName":"child of alara","layout":"normal","manaCost":"{W}{U}{B}{R}{G}","mciNumber":"101","multiverseid":180516,"name":"Child of Alara","number":"101","power":"6","rarity":"Mythic Rare","subtypes":["Avatar"],"supertypes":["Legendary"],"text":"Trample\nWhen Child of Alara dies, destroy all nonland permanents. They can't be regenerated.","toughness":"6","type":"Legendary Creature — Avatar","types":["Creature"]},{"artist":"Karl Kopinski","cmc":8,"colorIdentity":["W","U","B","R","G"],"colors":["White","Blue","Black","Red","Green"],"flavor":"After years of world-bending machinations, Bolas's triumph is at hand.","id":"67fdf7aaeb85ec1abf280d70b770d7ab01c69564","imageName":"conflux","layout":"normal","manaCost":"{3}{W}{U}{B}{R}{G}","mciNumber":"102","multiverseid":179437,"name":"Conflux","number":"102","rarity":"Mythic Rare","text":"Search your library for a white card, a blue card, a black card, a red card, and a green card. Reveal those cards and put them into your hand. Then shuffle your library.","type":"Sorcery","types":["Sorcery"]},{"artist":"Anthony Francisco","cmc":2,"colorIdentity":["U","B"],"colors":["Blue","Black"],"flavor":"Each of the twenty-three winds of Esper is named and chronicled, and every possible interaction with the flow of magic is exhaustively detailed.","id":"6a0d453fe4c9626fd3525515e66b25ba00598ab6","imageName":"countersquall","layout":"normal","manaCost":"{U}{B}","mciNumber":"103","multiverseid":186327,"name":"Countersquall","number":"103","rarity":"Uncommon","text":"Counter target noncreature spell. Its controller loses 2 life.","type":"Instant","types":["Instant"]},{"artist":"Dave Allsop","cmc":6,"colorIdentity":["U","B","R"],"colors":["Blue","Black","Red"],"flavor":"Taste his power, hunger for his command.","id":"43b0729e970755ecafec24c43256505abd2aa083","imageName":"elder mastery","layout":"normal","manaCost":"{3}{U}{B}{R}","mciNumber":"104","multiverseid":183024,"name":"Elder Mastery","number":"104","rarity":"Uncommon","subtypes":["Aura"],"text":"Enchant creature\nEnchanted creature gets +3/+3 and has flying.\nWhenever enchanted creature deals damage to a player, that player discards two cards.","type":"Enchantment — Aura","types":["Enchantment"]},{"artist":"Warren Mahy","cmc":4,"colorIdentity":["W","U"],"colors":["White","Blue"],"flavor":"\"The smiths of this land must be mad to reach so far and so high for another creature to decorate.\"\n—Cagen Vargan, Jhessian sea scout","id":"21f79d9a51adc49fc72151fc525597a94d875605","imageName":"esper cormorants","layout":"normal","manaCost":"{2}{W}{U}","mciNumber":"105","multiverseid":184983,"name":"Esper Cormorants","number":"105","power":"3","rarity":"Common","subtypes":["Bird"],"text":"Flying","toughness":"3","type":"Artifact Creature — Bird","types":["Artifact","Creature"]},{"artist":"Zoltan Boros & Gabor Szikszai","cmc":4,"colorIdentity":["R","G"],"colors":["Red","Green"],"flavor":"Reuniting a world is not a gentle process.","id":"66661cb6e93b3f0777ddc8fc200046b13cecfa92","imageName":"exploding borders","layout":"normal","manaCost":"{2}{R}{G}","mciNumber":"106","multiverseid":189378,"name":"Exploding Borders","number":"106","rarity":"Common","text":"Domain — Search your library for a basic land card, put that card onto the battlefield tapped, then shuffle your library. Exploding Borders deals X damage to target player, where X is the number of basic land types among lands you control.","type":"Sorcery","types":["Sorcery"]},{"artist":"Michael Komarck","cmc":5,"colorIdentity":["W","U","B","R","G"],"colors":["White","Blue","Black","Red","Green"],"flavor":"As the shards merged into the Maelstrom, their mana energies fused into new monstrosities.","id":"11378f855c217431211d0c04c4b1b244ea382eff","imageName":"fusion elemental","layout":"normal","manaCost":"{W}{U}{B}{R}{G}","mciNumber":"107","multiverseid":179443,"name":"Fusion Elemental","number":"107","power":"8","rarity":"Uncommon","subtypes":["Elemental"],"toughness":"8","type":"Creature — Elemental","types":["Creature"]},{"artist":"Chris Rahn","cmc":3,"colorIdentity":["W","U","G"],"colors":["White","Blue","Green"],"flavor":"\"To trespass so far from home is to ask for a lonesome grave.\"","id":"8d7b6094dabec473ac8839fbc5e7781b1d951551","imageName":"giltspire avenger","layout":"normal","manaCost":"{G}{W}{U}","mciNumber":"108","multiverseid":186614,"name":"Giltspire Avenger","number":"108","power":"2","rarity":"Rare","subtypes":["Human","Soldier"],"text":"Exalted (Whenever a creature you control attacks alone, that creature gets +1/+1 until end of turn.)\n{T}: Destroy target creature that dealt damage to you this turn.","toughness":"2","type":"Creature — Human Soldier","types":["Creature"]},{"artist":"Trevor Claxton","cmc":2,"colorIdentity":["B","R"],"colors":["Black","Red"],"flavor":"Egbol stared in wonder at Naya's landscape. So much to eat. So much to steal.","id":"d561ca22dbcef3f811392ec5065cd016d355c0c4","imageName":"goblin outlander","layout":"normal","manaCost":"{B}{R}","mciNumber":"109","multiverseid":185142,"name":"Goblin Outlander","number":"109","power":"2","rarity":"Common","subtypes":["Goblin","Scout"],"text":"Protection from white","toughness":"2","type":"Creature — Goblin Scout","types":["Creature"]},{"artist":"Todd Lockwood","cmc":3,"colorIdentity":["W","U"],"colors":["White","Blue"],"flavor":"\"Everyone has a price.\"","id":"3a61f646a549d39b247fe2c3358c177b375da74f","imageName":"gwafa hazid, profiteer","layout":"normal","manaCost":"{1}{W}{U}","mciNumber":"110","multiverseid":185811,"name":"Gwafa Hazid, Profiteer","number":"110","power":"2","rarity":"Rare","subtypes":["Human","Rogue"],"supertypes":["Legendary"],"text":"{W}{U}, {T}: Put a bribery counter on target creature you don't control. Its controller draws a card.\nCreatures with bribery counters on them can't attack or block.","toughness":"2","type":"Legendary Creature — Human Rogue","types":["Creature"]},{"artist":"Daarken","cmc":4,"colorIdentity":["R","G"],"colors":["Red","Green"],"flavor":"A killing machine from birth.","id":"a7da3957be3f8d8405d7db9dbce1189552b3c853","imageName":"hellkite hatchling","layout":"normal","manaCost":"{2}{R}{G}","mciNumber":"111","multiverseid":189146,"name":"Hellkite Hatchling","number":"111","power":"2","rarity":"Uncommon","subtypes":["Dragon"],"text":"Devour 1 (As this enters the battlefield, you may sacrifice any number of creatures. This creature enters the battlefield with that many +1/+1 counters on it.)\nHellkite Hatchling has flying and trample if it devoured a creature.","toughness":"2","type":"Creature — Dragon","types":["Creature"]},{"artist":"David Palumbo","cmc":3,"colorIdentity":["W","U"],"colors":["White","Blue"],"flavor":"\"You have two choices: heed my advice now or need my healing later.\"","id":"e0eef9ef82e7d9234a972c489862f57442511052","imageName":"jhessian balmgiver","layout":"normal","manaCost":"{1}{W}{U}","mciNumber":"112","multiverseid":174791,"name":"Jhessian Balmgiver","number":"112","power":"1","rarity":"Uncommon","subtypes":["Human","Cleric"],"text":"{T}: Prevent the next 1 damage that would be dealt to target creature or player this turn.\n{T}: Target creature can't be blocked this turn.","toughness":"1","type":"Creature — Human Cleric","types":["Creature"]},{"artist":"Michael Komarck","cmc":3,"colorIdentity":["W","G"],"colors":["White","Green"],"flavor":"\"Knowledge of Bant's landscape and ruins is a weapon that the invaders can't comprehend.\"\n—Elspeth","id":"403dced245ff87b1c42ba292bb691be17a48c19b","imageName":"knight of the reliquary","layout":"normal","manaCost":"{1}{G}{W}","mciNumber":"113","multiverseid":189145,"name":"Knight of the Reliquary","number":"113","power":"2","rarity":"Rare","subtypes":["Human","Knight"],"text":"Knight of the Reliquary gets +1/+1 for each land card in your graveyard.\n{T}, Sacrifice a Forest or Plains: Search your library for a land card, put it onto the battlefield, then shuffle your library.","toughness":"2","type":"Creature — Human Knight","types":["Creature"]},{"artist":"Ariel Olivetti","cmc":3,"colorIdentity":["W","R","G"],"colors":["White","Red","Green"],"flavor":"The elves of Naya were the last to acknowledge the massive shift of mana in their world.","id":"71277616d23213660dce36fe0d6afe3c6a7a5dea","imageName":"knotvine mystic","layout":"normal","manaCost":"{R}{G}{W}","mciNumber":"114","multiverseid":180265,"name":"Knotvine Mystic","number":"114","power":"2","rarity":"Uncommon","subtypes":["Elf","Druid"],"text":"{1}, {T}: Add {R}{G}{W} to your mana pool.","toughness":"2","type":"Creature — Elf Druid","types":["Creature"]},{"artist":"Cyril Van Der Haegen","cmc":5,"colorIdentity":["W","U","B","R","G"],"colors":["White","Blue","Black","Red","Green"],"flavor":"There is no world where angels fear to tread.","id":"32d0cebf4a8f0acb6bf732f38d3fcbbcebfe348e","imageName":"maelstrom archangel","layout":"normal","manaCost":"{W}{U}{B}{R}{G}","mciNumber":"115","multiverseid":185136,"name":"Maelstrom Archangel","number":"115","power":"5","rarity":"Mythic Rare","subtypes":["Angel"],"text":"Flying\nWhenever Maelstrom Archangel deals combat damage to a player, you may cast a nonland card from your hand without paying its mana cost.","toughness":"5","type":"Creature — Angel","types":["Creature"]},{"artist":"Steven Belledin","cmc":7,"colorIdentity":["W","U","B"],"colors":["White","Blue","Black"],"flavor":"\"These benighted worlds are thick with ignorance. I will educate them. They will listen, or they will die.\"","id":"385d4f854da107286aba2563745f53d865f1b37c","imageName":"magister sphinx","layout":"normal","manaCost":"{4}{W}{U}{B}","mciNumber":"116","multiverseid":179892,"name":"Magister Sphinx","number":"116","power":"5","rarity":"Rare","subtypes":["Sphinx"],"text":"Flying\nWhen Magister Sphinx enters the battlefield, target player's life total becomes 10.","toughness":"5","type":"Artifact Creature — Sphinx","types":["Artifact","Creature"]},{"artist":"Jason Chan","cmc":6,"colorIdentity":["B","R"],"colors":["Black","Red"],"flavor":"A demon cannot be trusted, and a dragon will not be ruled.","id":"ed86b830bcd665418d84e7a23dbb222998e364a3","imageName":"malfegor","layout":"normal","manaCost":"{2}{B}{B}{R}{R}","mciNumber":"117","multiverseid":185812,"name":"Malfegor","number":"117","power":"6","rarity":"Mythic Rare","subtypes":["Demon","Dragon"],"supertypes":["Legendary"],"text":"Flying\nWhen Malfegor enters the battlefield, discard your hand. Each opponent sacrifices a creature for each card discarded this way.","toughness":"6","type":"Legendary Creature — Demon Dragon","types":["Creature"]},{"artist":"Steve Prescott","cmc":6,"colorIdentity":["W","R","G"],"colors":["White","Red","Green"],"flavor":"When the shards merged, Mayael found herself the general of Naya's mightiest army.","id":"7241a6af52c1ddb9f1484864644f78c19a0261db","imageName":"meglonoth","layout":"normal","manaCost":"{3}{R}{G}{W}","mciNumber":"118","multiverseid":179886,"name":"Meglonoth","number":"118","power":"6","rarity":"Rare","subtypes":["Beast"],"text":"Vigilance, trample\nWhenever Meglonoth blocks a creature, Meglonoth deals damage to that creature's controller equal to Meglonoth's power.","toughness":"6","type":"Creature — Beast","types":["Creature"]},{"artist":"Zoltan Boros & Gabor Szikszai","cmc":2,"colorIdentity":["R","G"],"colors":["Red","Green"],"flavor":"Survival in the wilds of Naya left Tiyan well equipped to win the civilized battles of Bant.","id":"b3d3acc3a15b6d6eca2868a8d572e0dfaea66601","imageName":"nacatl outlander","layout":"normal","manaCost":"{R}{G}","mciNumber":"119","multiverseid":185140,"name":"Nacatl Outlander","number":"119","power":"2","rarity":"Common","subtypes":["Cat","Scout"],"text":"Protection from blue","toughness":"2","type":"Creature — Cat Scout","types":["Creature"]},{"artist":"D. Alexander Gregory","cmc":8,"colorIdentity":["U","B","R"],"colors":["Blue","Black","Red"],"id":"f040ce595f7d5d0862556b03c2c6ccfe1cfddd52","imageName":"nicol bolas, planeswalker","layout":"normal","loyalty":5,"manaCost":"{4}{U}{B}{B}{R}","mciNumber":"120","multiverseid":179441,"name":"Nicol Bolas, Planeswalker","number":"120","rarity":"Mythic Rare","subtypes":["Bolas"],"text":"+3: Destroy target noncreature permanent.\n−2: Gain control of target creature.\n−9: Nicol Bolas, Planeswalker deals 7 damage to target player. That player discards seven cards, then sacrifices seven permanents.","type":"Planeswalker — Bolas","types":["Planeswalker"]},{"artist":"Jaime Jones","cmc":10,"colorIdentity":["W","U","B","R","G"],"colors":["White","Blue","Black","Red","Green"],"flavor":"The Soul of the World has returned.","id":"e5bb3ea20fd06104daaf4995d9394b5d5bd47e83","imageName":"progenitus","layout":"normal","manaCost":"{W}{W}{U}{U}{B}{B}{R}{R}{G}{G}","mciNumber":"121","multiverseid":179496,"name":"Progenitus","number":"121","power":"10","rarity":"Mythic Rare","subtypes":["Hydra","Avatar"],"supertypes":["Legendary"],"text":"Protection from everything\nIf Progenitus would be put into a graveyard from anywhere, reveal Progenitus and shuffle it into its owner's library instead.","toughness":"10","type":"Legendary Creature — Hydra Avatar","types":["Creature"]},{"artist":"Sal Villagran","cmc":5,"colorIdentity":["W","G"],"colors":["White","Green"],"flavor":"An enlightened soul caged in a body made for battle.","id":"d916ce21de8ff42fad692fd4f0f9176d556b3c2e","imageName":"rhox bodyguard","layout":"normal","manaCost":"{3}{G}{W}","mciNumber":"122","multiverseid":177924,"name":"Rhox Bodyguard","number":"122","power":"2","rarity":"Common","subtypes":["Rhino","Monk","Soldier"],"text":"Exalted (Whenever a creature you control attacks alone, that creature gets +1/+1 until end of turn.)\nWhen Rhox Bodyguard enters the battlefield, you gain 3 life.","toughness":"3","type":"Creature — Rhino Monk Soldier","types":["Creature"]},{"artist":"Daarken","cmc":3,"colorIdentity":["B","R","G"],"colors":["Black","Red","Green"],"flavor":"\"There is only one way of life in Jund: feed on the weak until you are cut down by something stronger.\"\n—Jorshu of Clan Nel Toth","id":"fa7fb5f2bb4fecbb719adfca056f7e936ecb9112","imageName":"scarland thrinax","layout":"normal","manaCost":"{B}{R}{G}","mciNumber":"123","multiverseid":183025,"name":"Scarland Thrinax","number":"123","power":"2","rarity":"Uncommon","subtypes":["Lizard"],"text":"Sacrifice a creature: Put a +1/+1 counter on Scarland Thrinax.","toughness":"2","type":"Creature — Lizard","types":["Creature"]},{"artist":"Nils Hamm","cmc":3,"colorIdentity":["B","R"],"colors":["Black","Red"],"id":"c2b78b4365262ffec4cd97b8b38e835e8e856cb1","imageName":"shambling remains","layout":"normal","manaCost":"{1}{B}{R}","mciNumber":"124","multiverseid":184991,"name":"Shambling Remains","number":"124","power":"4","rarity":"Uncommon","subtypes":["Zombie","Horror"],"text":"Shambling Remains can't block.\nUnearth {B}{R} ({B}{R}: Return this card from your graveyard to the battlefield. It gains haste. Exile it at the beginning of the next end step or if it would leave the battlefield. Unearth only as a sorcery.)","toughness":"3","type":"Creature — Zombie Horror","types":["Creature"]},{"artist":"Matt Stewart","cmc":6,"colorIdentity":["W","U","G"],"colors":["White","Blue","Green"],"flavor":"They lament the doom that is coming to Bant without realizing the part their own leaders have played in it.","id":"f18079f3b4a8afefd869c6bf8071d27db9d9eb9d","imageName":"skyward eye prophets","layout":"normal","manaCost":"{3}{G}{W}{U}","mciNumber":"125","multiverseid":174953,"name":"Skyward Eye Prophets","number":"125","power":"3","rarity":"Uncommon","subtypes":["Human","Wizard"],"text":"Vigilance\n{T}: Reveal the top card of your library. If it's a land card, put it onto the battlefield. Otherwise, put it into your hand.","toughness":"3","type":"Creature — Human Wizard","types":["Creature"]},{"artist":"Franz Vohwinkel","cmc":4,"colorIdentity":["W","U","B"],"colors":["White","Blue","Black"],"flavor":"Underneath the cities of Esper are cycles of life unseen by those who feed them.","id":"79cf5d1d58a76cfed2f3ec9c7e9b1cc3a67b32f9","imageName":"sludge strider","layout":"normal","manaCost":"{1}{W}{U}{B}","mciNumber":"126","multiverseid":183019,"name":"Sludge Strider","number":"126","power":"3","rarity":"Uncommon","subtypes":["Insect"],"text":"Whenever another artifact enters the battlefield under your control or another artifact you control leaves the battlefield, you may pay {1}. If you do, target player loses 1 life and you gain 1 life.","toughness":"3","type":"Artifact Creature — Insect","types":["Artifact","Creature"]},{"artist":"Jaime Jones","cmc":5,"colorIdentity":["U","B"],"colors":["Blue","Black"],"id":"85c7b06fe8541e9202963ef96e98d396a5d016b0","imageName":"sphinx summoner","layout":"normal","manaCost":"{3}{U}{B}","mciNumber":"127","multiverseid":189079,"name":"Sphinx Summoner","number":"127","power":"3","rarity":"Rare","subtypes":["Sphinx"],"text":"Flying\nWhen Sphinx Summoner enters the battlefield, you may search your library for an artifact creature card, reveal it, and put it into your hand. If you do, shuffle your library.","toughness":"3","type":"Artifact Creature — Sphinx","types":["Artifact","Creature"]},{"artist":"Daarken","cmc":5,"colorIdentity":["B","R"],"colors":["Black","Red"],"flavor":"\"They think they're winning. But they're just lining up to be dinner.\"\n—Rakka Mar","id":"77f686a8a5c1313feebfedf8f2ed7dcd3a1e9a63","imageName":"suicidal charge","layout":"normal","manaCost":"{3}{B}{R}","mciNumber":"128","multiverseid":180345,"name":"Suicidal Charge","number":"128","rarity":"Common","text":"Sacrifice Suicidal Charge: Creatures your opponents control get -1/-1 until end of turn. Those creatures attack this turn if able.","type":"Enchantment","types":["Enchantment"]},{"artist":"Zoltan Boros & Gabor Szikszai","cmc":7,"colorIdentity":["W","G"],"colors":["White","Green"],"flavor":"Plowbeasts of Naya escaped their harnesses in droves, content to snack on the conveniently cultivated fields of Eos and Valeron.","id":"88f22b2872c62657eb841bfa902a7199489c85b9","imageName":"vagrant plowbeasts","layout":"normal","manaCost":"{5}{G}{W}","mciNumber":"129","multiverseid":180344,"name":"Vagrant Plowbeasts","number":"129","power":"6","rarity":"Uncommon","subtypes":["Beast"],"text":"{1}: Regenerate target creature with power 5 or greater.","toughness":"6","type":"Creature — Beast","types":["Creature"]},{"artist":"Matt Stewart","cmc":2,"colorIdentity":["W","G"],"colors":["White","Green"],"flavor":"After years of honing her philosophy in debate with stubborn rhoxes, Niella was ready to convert any heathen.","id":"68ddb6822b7fa02fd60ac934ea24fe7562eee020","imageName":"valeron outlander","layout":"normal","manaCost":"{G}{W}","mciNumber":"130","multiverseid":185144,"name":"Valeron Outlander","number":"130","power":"2","rarity":"Common","subtypes":["Human","Scout"],"text":"Protection from black","toughness":"2","type":"Creature — Human Scout","types":["Creature"]},{"artist":"Chippy","cmc":5,"colorIdentity":["U","B"],"colors":["Blue","Black"],"flavor":"With their life energy suppressed under their etherium enhancements, thieves from Esper found it surprisingly easy to explore the ruins of Grixis.","id":"ff78717f30acb72c5769ffef317e88812a42ebe9","imageName":"vectis agents","layout":"normal","manaCost":"{3}{U}{B}","mciNumber":"131","multiverseid":183063,"name":"Vectis Agents","number":"131","power":"4","rarity":"Common","subtypes":["Human","Rogue"],"text":"{U}{B}: Vectis Agents gets -2/-0 until end of turn and can't be blocked this turn.","toughness":"3","type":"Artifact Creature — Human Rogue","types":["Artifact","Creature"]},{"artist":"Izzy","cmc":2,"colorIdentity":["W","U"],"colors":["White","Blue"],"flavor":"The Seekers of Carmot searched across the unknown lands for the mystical red stone that could reforge Esper in ethereal perfection.","id":"10933310ee1febb703d03f9cc923491cd66b951c","imageName":"vedalken outlander","layout":"normal","manaCost":"{W}{U}","mciNumber":"132","multiverseid":185141,"name":"Vedalken Outlander","number":"132","power":"2","rarity":"Common","subtypes":["Vedalken","Scout"],"text":"Protection from red","toughness":"2","type":"Artifact Creature — Vedalken Scout","types":["Artifact","Creature"]},{"artist":"Nils Hamm","cmc":2,"colorIdentity":["U","B"],"colors":["Blue","Black"],"flavor":"The ripe smell of life drifted into Grixis. The dead caught the scent and with reckless hunger followed it back into Jund.","id":"d1f033d72942bfe8322a3d7b9a7e9154d5686110","imageName":"zombie outlander","layout":"normal","manaCost":"{U}{B}","mciNumber":"133","multiverseid":185138,"name":"Zombie Outlander","number":"133","power":"2","rarity":"Common","subtypes":["Zombie","Scout"],"text":"Protection from green","toughness":"2","type":"Creature — Zombie Scout","types":["Creature"]},{"artist":"Franz Vohwinkel","cmc":2,"flavor":"The mysterious purpose of two of the rings had eluded Esper mages—until now.","id":"6f1c3a05890f1e589af78a7894b9177378ada1e1","imageName":"armillary sphere","layout":"normal","manaCost":"{2}","mciNumber":"134","multiverseid":137936,"name":"Armillary Sphere","number":"134","rarity":"Common","text":"{2}, {T}, Sacrifice Armillary Sphere: Search your library for up to two basic land cards, reveal them, and put them into your hand. Then shuffle your library.","type":"Artifact","types":["Artifact"]},{"artist":"Pete Venters","cmc":0,"flavor":"In a world where death is always violent, cruel weapons are as common as rocks.","id":"72e463ed0d104aac70eaae47c5df1c63f1371709","imageName":"bone saw","layout":"normal","manaCost":"{0}","mciNumber":"135","multiverseid":189270,"name":"Bone Saw","number":"135","rarity":"Common","subtypes":["Equipment"],"text":"Equipped creature gets +1/+0.\nEquip {1} ({1}: Attach to target creature you control. Equip only as a sorcery.)","type":"Artifact — Equipment","types":["Artifact"]},{"artist":"Dave Allsop","cmc":4,"flavor":"Those who drink from Malfegor's cup are tainted with hunger and stained with lies.","id":"28ff1f816d5639cb202dd9df34792bf26f08a480","imageName":"font of mythos","layout":"normal","manaCost":"{4}","mciNumber":"136","multiverseid":189147,"name":"Font of Mythos","number":"136","rarity":"Rare","text":"At the beginning of each player's draw step, that player draws two additional cards.","type":"Artifact","types":["Artifact"]},{"artist":"Chippy","cmc":2,"colorIdentity":["W","U","B","R","G"],"flavor":"Once broken, who knows what worlds might grow from its shards?","id":"e1c7251e9777616ed6c5140d9b5f32a9f894ee45","imageName":"kaleidostone","layout":"normal","manaCost":"{2}","mciNumber":"137","multiverseid":189272,"name":"Kaleidostone","number":"137","rarity":"Common","text":"When Kaleidostone enters the battlefield, draw a card.\n{5}, {T}, Sacrifice Kaleidostone: Add {W}{U}{B}{R}{G} to your mana pool.","type":"Artifact","types":["Artifact"]},{"artist":"Howard Lyon","cmc":1,"flavor":"Those who dismiss the cylix as an ordinary wooden bowl are blind to the true measure of its worth.","id":"d7de1ea7356c219315cc4f85c4aac460c1dd9a40","imageName":"mana cylix","layout":"normal","manaCost":"{1}","mciNumber":"138","multiverseid":189269,"name":"Mana Cylix","number":"138","rarity":"Common","text":"{1}, {T}: Add one mana of any color to your mana pool.","type":"Artifact","types":["Artifact"]},{"artist":"Jeremy Jarvis","cmc":4,"flavor":"As the shards merged, relics once thought mundane regained forgotten powers.","id":"ae96255c5c2561760e82f2478a4ff35164646f93","imageName":"manaforce mace","layout":"normal","manaCost":"{4}","mciNumber":"139","multiverseid":180159,"name":"Manaforce Mace","number":"139","rarity":"Uncommon","subtypes":["Equipment"],"text":"Domain — Equipped creature gets +1/+1 for each basic land type among lands you control.\nEquip {3}","type":"Artifact — Equipment","types":["Artifact"]},{"artist":"Jeremy Jarvis","cmc":6,"colorIdentity":["W","U","B","R","G"],"id":"d098c6065eed9832ab840fce86784754633e447c","imageName":"obelisk of alara","layout":"normal","manaCost":"{6}","mciNumber":"140","multiverseid":183018,"name":"Obelisk of Alara","number":"140","rarity":"Rare","text":"{1}{W}, {T}: You gain 5 life.\n{1}{U}, {T}: Draw a card, then discard a card.\n{1}{B}, {T}: Target creature gets -2/-2 until end of turn.\n{1}{R}, {T}: Obelisk of Alara deals 3 damage to target player.\n{1}{G}, {T}: Target creature gets +4/+4 until end of turn.","type":"Artifact","types":["Artifact"]},{"artist":"John Avon","flavor":"Built in honor of Alara's creatures, the ziggurat vanished long ago. When Progenitus awakened, the temple emerged again.","id":"5c233c4ab50fbbad51c441b7ab19eaf5cc6031ec","imageName":"ancient ziggurat","layout":"normal","mciNumber":"141","multiverseid":189271,"name":"Ancient Ziggurat","number":"141","rarity":"Uncommon","text":"{T}: Add one mana of any color to your mana pool. Spend this mana only to cast a creature spell.","type":"Land","types":["Land"]},{"artist":"Steven Belledin","flavor":"\"It was a strange morning. When we awoke, we found our trees transformed. We didn't know whether to water them or polish them.\"\n—Pulan, Bant orchardist","id":"73d08a97aea6f8b3f0f631dd3083667e635d6620","imageName":"exotic orchard","layout":"normal","mciNumber":"142","multiverseid":189273,"name":"Exotic Orchard","number":"142","rarity":"Rare","text":"{T}: Add to your mana pool one mana of any color that a land an opponent controls could produce.","type":"Land","types":["Land"]},{"artist":"Jesper Ejsing","flavor":"When the aven scouts located the tower in Esper, the Knights of the Reliquary set off on a righteous crusade to recover their lost treasures.","id":"81c351ba9e63c0054646fc736cbed72be36a4732","imageName":"reliquary tower","layout":"normal","mciNumber":"143","multiverseid":150807,"name":"Reliquary Tower","number":"143","rarity":"Uncommon","text":"You have no maximum hand size.\n{T}: Add {C} to your mana pool.","type":"Land","types":["Land"]},{"artist":"Jaime Jones","id":"cb8c185da4c0f23d4ddb4a0bae54af09600e5a72","imageName":"rupture spire","layout":"normal","mciNumber":"144","multiverseid":142301,"name":"Rupture Spire","number":"144","rarity":"Common","text":"Rupture Spire enters the battlefield tapped.\nWhen Rupture Spire enters the battlefield, sacrifice it unless you pay {1}.\n{T}: Add one mana of any color to your mana pool.","type":"Land","types":["Land"]},{"artist":"John Avon","flavor":"The goblins went to sleep in Jund and awoke in Grixis. They'd never seen a zombie before. They would never see one again.","id":"89cbabcf10a1287a3f112770743c7e44453f871e","imageName":"unstable frontier","layout":"normal","mciNumber":"145","multiverseid":189078,"name":"Unstable Frontier","number":"145","rarity":"Uncommon","text":"{T}: Add {C} to your mana pool.\n{T}: Target land you control becomes the basic land type of your choice until end of turn.","type":"Land","types":["Land"]}]}