{
  "name": "Clash Pack",
  "code": "CPK",
  "isMCISet": true,
  "magicCardsInfoCode": "clash",
  "releaseDate": "2014-07-18",
  "border": "black",
  "type": "starter",
  "cards": [
    {
      "artist": "Jesper Ejsing",
      "cmc": 5,
      "colorIdentity": [
        "U"
      ],
      "colors": [
        "Blue"
      ],
      "foreignNames": [
        {
          "language": "Chinese Simplified",
          "name": "先知史芬斯"
        },
        {
          "language": "Chinese Traditional",
          "name": "先知史芬斯"
        },
        {
          "language": "French",
          "name": "Sphinx des auspices"
        },
        {
          "language": "German",
          "name": "Prophezeiende Sphinx"
        },
        {
          "language": "Italian",
          "name": "Sfinge Profetica"
        },
        {
          "language": "Japanese",
          "name": "予知するスフィンクス"
        },
        {
          "language": "Korean",
          "name": "선견지명 스핑크스"
        },
        {
          "language": "Portuguese (Brazil)",
          "name": "Esfinge Prognóstica"
        },
        {
          "language": "Russian",
          "name": "Сфинкс-Провидец"
        },
        {
          "language": "Spanish",
          "name": "Esfinge adivina"
        }
      ],
      "id": "4643572bd4ad93d43a0e43cfb7da5a10ce79f338",
      "imageName": "prognostic sphinx",
      "layout": "normal",
      "legalities": [
        {
          "format": "Commander",
          "legality": "Legal"
        },
        {
          "format": "Freeform",
          "legality": "Legal"
        },
        {
          "format": "Legacy",
          "legality": "Legal"
        },
        {
          "format": "Modern",
          "legality": "Legal"
        },
        {
          "format": "Prismatic",
          "legality": "Legal"
        },
        {
          "format": "Singleton 100",
          "legality": "Legal"
        },
        {
          "format": "Theros Block",
          "legality": "Legal"
        },
        {
          "format": "Tribal Wars Legacy",
          "legality": "Legal"
        },
        {
          "format": "Vintage",
          "legality": "Legal"
        }
      ],
      "manaCost": "{3}{U}{U}",
      "name": "Prognostic Sphinx",
      "number": "1",
      "power": "3",
      "printings": [
        "THS",
        "CPK"
      ],
      "rarity": "Special",
      "rulings": [
        {
          "date": "2013-09-15",
          "text": "You can activate Prognostic Sphinx’s ability even if it’s already tapped."
        },
        {
          "date": "2013-09-15",
          "text": "When you scry, you may put all the cards you look at back on top of your library, you may put all of those cards on the bottom of your library, or you may put some of those cards on top and the rest of them on the bottom."
        },
        {
          "date": "2013-09-15",
          "text": "You choose how to order cards returned to your library after scrying no matter where you put them."
        },
        {
          "date": "2013-09-15",
          "text": "You perform the actions stated on a card in sequence. For some spells and abilities, that means you’ll scry last. For others, that means you’ll scry and then perform other actions."
        },
        {
          "date": "2013-09-15",
          "text": "Scry appears on some spells and abilities with one or more targets. If all of the spell or ability’s targets are illegal when it tries to resolve, it will be countered and none of its effects will happen. You won’t scry."
        }
      ],
      "source": "CP1-Magic 2015",
      "subtypes": [
        "Sphinx"
      ],
      "text": "Flying\nDiscard a card: Prognostic Sphinx gains hexproof until end of turn. Tap it.\nWhenever Prognostic Sphinx attacks, scry 3. (Look at the top three cards of your library, then put any number of them on the bottom of your library and the rest on top in any order.)",
      "toughness": "5",
      "type": "Creature — Sphinx",
      "types": [
        "Creature"
      ]
    },
    {
      "artist": "Svetlin Velinov",
      "cmc": 9,
      "colorIdentity": [
        "B"
      ],
      "colors": [
        "Black"
      ],
      "foreignNames": [
        {
          "language": "Chinese Simplified",
          "name": "古陵寝邪鬼"
        },
        {
          "language": "Chinese Traditional",
          "name": "古陵寢邪鬼"
        },
        {
          "language": "French",
          "name": "Fielleux des nécropoles"
        },
        {
          "language": "German",
          "name": "Nekropolis-Unhold"
        },
        {
          "language": "Italian",
          "name": "Immondo della Necropoli"
        },
        {
          "language": "Japanese",
          "name": "死滅都市の悪鬼"
        },
        {
          "language": "Korean",
          "name": "네크로폴리스 마귀"
        },
        {
          "language": "Portuguese (Brazil)",
          "name": "Demônio da Necrópole"
        },
        {
          "language": "Russian",
          "name": "Демон Некрополя"
        },
        {
          "language": "Spanish",
          "name": "Demonio de la necrópolis"
        }
      ],
      "id": "7839f6f9642bed2b637727d4c00e0ac3ff6bb1ad",
      "imageName": "necropolis fiend",
      "layout": "normal",
      "legalities": [
        {
          "format": "Commander",
          "legality": "Legal"
        },
        {
          "format": "Khans of Tarkir Block",
          "legality": "Legal"
        },
        {
          "format": "Legacy",
          "legality": "Legal"
        },
        {
          "format": "Modern",
          "legality": "Legal"
        },
        {
          "format": "Vintage",
          "legality": "Legal"
        }
      ],
      "manaCost": "{7}{B}{B}",
      "name": "Necropolis Fiend",
      "number": "1",
      "power": "4",
      "printings": [
        "pPRE",
        "CPK",
        "KTK"
      ],
      "rarity": "Special",
      "rulings": [
        {
          "date": "2014-09-20",
          "text": "The rules for delve have changed slightly since it was last in an expansion. Previously, delve reduced the cost to cast a spell. Under the current rules, you exile cards from your graveyard at the same time you pay the spell’s cost. Exiling a card this way is simply another way to pay that cost."
        },
        {
          "date": "2014-09-20",
          "text": "Delve doesn’t change a spell’s mana cost or converted mana cost. For example, Dead Drop’s converted mana cost is 10 even if you exiled three cards to cast it."
        },
        {
          "date": "2014-09-20",
          "text": "You can’t exile cards to pay for the colored mana requirements of a spell with delve."
        },
        {
          "date": "2014-09-20",
          "text": "You can’t exile more cards than the generic mana requirement of a spell with delve. For example, you can’t exile more than nine cards from your graveyard to cast Dead Drop."
        },
        {
          "date": "2014-09-20",
          "text": "Because delve isn’t an alternative cost, it can be used in conjunction with alternative costs."
        }
      ],
      "source": "CP2-Fate Reforged",
      "subtypes": [
        "Demon"
      ],
      "text": "Delve (Each card you exile from your graveyard while casting this spell pays for {1}.)\nFlying\n{X}, {T}, Exile X cards from your graveyard: Target creature gets -X/-X until end of turn.",
      "toughness": "5",
      "type": "Creature — Demon",
      "types": [
        "Creature"
      ]
    },
    {
      "artist": "Eric Deschamps",
      "cmc": 5,
      "colorIdentity": [
        "G"
      ],
      "colors": [
        "Green"
      ],
      "foreignNames": [
        {
          "language": "Chinese Simplified",
          "name": "命定干预"
        },
        {
          "language": "Chinese Traditional",
          "name": "命定干預"
        },
        {
          "language": "French",
          "name": "Intervention annoncée"
        },
        {
          "language": "German",
          "name": "Schicksalhaftes Eingreifen"
        },
        {
          "language": "Italian",
          "name": "Intervento Fatidico"
        },
        {
          "language": "Japanese",
          "name": "宿命的介入"
        },
        {
          "language": "Korean",
          "name": "운명적 개입"
        },
        {
          "language": "Portuguese (Brazil)",
          "name": "Intervenção Predestinada"
        },
        {
          "language": "Russian",
          "name": "Предначертанное Вмешательство"
        },
        {
          "language": "Spanish",
          "name": "Intervención nefasta"
        }
      ],
      "id": "f0d08d2b0ce1a6d1627aeb4649da76766507c9f0",
      "imageName": "fated intervention",
      "layout": "normal",
      "legalities": [
        {
          "format": "Commander",
          "legality": "Legal"
        },
        {
          "format": "Legacy",
          "legality": "Legal"
        },
        {
          "format": "Modern",
          "legality": "Legal"
        },
        {
          "format": "Theros Block",
          "legality": "Legal"
        },
        {
          "format": "Vintage",
          "legality": "Legal"
        }
      ],
      "manaCost": "{2}{G}{G}{G}",
      "name": "Fated Intervention",
      "number": "2",
      "printings": [
        "BNG",
        "CPK"
      ],
      "rarity": "Special",
      "rulings": [
        {
          "date": "2013-09-15",
          "text": "When you scry, you may put all the cards you look at back on top of your library, you may put all of those cards on the bottom of your library, or you may put some of those cards on top and the rest of them on the bottom."
        },
        {
          "date": "2013-09-15",
          "text": "You choose how to order cards returned to your library after scrying no matter where you put them."
        },
        {
          "date": "2013-09-15",
          "text": "You perform the actions stated on a card in sequence. For some spells and abilities, that means you’ll scry last. For others, that means you’ll scry and then perform other actions."
        },
        {
          "date": "2013-09-15",
          "text": "Scry appears on some spells and abilities with one or more targets. If all of the spell or ability’s targets are illegal when it tries to resolve, it will be countered and none of its effects will happen. You won’t scry."
        }
      ],
      "source": "CP1-Magic 2015",
      "text": "Put two 3/3 green Centaur enchantment creature tokens onto the battlefield. If it's your turn, scry 2. (Look at the top two cards of your library, then put any number of them on the bottom of your library and the rest on top in any order.)",
      "type": "Instant",
      "types": [
        "Instant"
      ]
    },
    {
      "artist": "Jung Park",
      "cmc": 1,
      "colorIdentity": [
        "G"
      ],
      "colors": [
        "Green"
      ],
      "flavor": "Drink deep, and know the path to the heart of the wilds.",
      "foreignNames": [
        {
          "language": "Chinese Simplified",
          "name": "富饶洗礼池"
        },
        {
          "language": "Chinese Traditional",
          "name": "富饒洗禮池"
        },
        {
          "language": "French",
          "name": "Fontaine de fertilité"
        },
        {
          "language": "German",
          "name": "Quell der Fruchtbarkeit"
        },
        {
          "language": "Italian",
          "name": "Fonte della Fertilità"
        },
        {
          "language": "Japanese",
          "name": "豊穣の泉"
        },
        {
          "language": "Korean",
          "name": "풍요의 세례반"
        },
        {
          "language": "Portuguese (Brazil)",
          "name": "Fonte da Fertilidade"
        },
        {
          "language": "Russian",
          "name": "Источник Плодородия"
        },
        {
          "language": "Spanish",
          "name": "Fuente de la fertilidad"
        }
      ],
      "id": "1dbd8e3695dfc7693ae97f090c72bfac68958ae6",
      "imageName": "font of fertility",
      "layout": "normal",
      "legalities": [
        {
          "format": "Commander",
          "legality": "Legal"
        },
        {
          "format": "Freeform",
          "legality": "Legal"
        },
        {
          "format": "Legacy",
          "legality": "Legal"
        },
        {
          "format": "Modern",
          "legality": "Legal"
        },
        {
          "format": "Prismatic",
          "legality": "Legal"
        },
        {
          "format": "Singleton 100",
          "legality": "Legal"
        },
        {
          "format": "Theros Block",
          "legality": "Legal"
        },
        {
          "format": "Tribal Wars Legacy",
          "legality": "Legal"
        },
        {
          "format": "Vintage",
          "legality": "Legal"
        }
      ],
      "manaCost": "{G}",
      "name": "Font of Fertility",
      "number": "3",
      "printings": [
        "JOU",
        "CPK"
      ],
      "rarity": "Special",
      "source": "CP1-Magic 2015",
      "text": "{1}{G}, Sacrifice Font of Fertility: Search your library for a basic land card, put it onto the battlefield tapped, then shuffle your library.",
      "type": "Enchantment",
      "types": [
        "Enchantment"
      ]
    },
    {
      "artist": "Karl Kopinski",
      "cmc": 3,
      "colorIdentity": [
        "U",
        "B",
        "G"
      ],
      "colors": [
        "Blue",
        "Black",
        "Green"
      ],
      "foreignNames": [
        {
          "language": "Chinese Simplified",
          "name": "苏勒台霸权"
        },
        {
          "language": "Chinese Traditional",
          "name": "蘇勒台霸權"
        },
        {
          "language": "French",
          "name": "Ascendance sultaï"
        },
        {
          "language": "German",
          "name": "Vormacht der Sultai"
        },
        {
          "language": "Italian",
          "name": "Autorità Sultai"
        },
        {
          "language": "Japanese",
          "name": "スゥルタイの隆盛"
        },
        {
          "language": "Korean",
          "name": "술타이의 지배력"
        },
        {
          "language": "Portuguese (Brazil)",
          "name": "Ascendência Sultai"
        },
        {
          "language": "Russian",
          "name": "Возвышение Султая"
        },
        {
          "language": "Spanish",
          "name": "Supremacía sultai"
        }
      ],
      "id": "d53f546b616c99314ff40e7f0267a75e01bb7a39",
      "imageName": "sultai ascendancy",
      "layout": "normal",
      "legalities": [
        {
          "format": "Commander",
          "legality": "Legal"
        },
        {
          "format": "Khans of Tarkir Block",
          "legality": "Legal"
        },
        {
          "format": "Legacy",
          "legality": "Legal"
        },
        {
          "format": "Modern",
          "legality": "Legal"
        },
        {
          "format": "Vintage",
          "legality": "Legal"
        }
      ],
      "manaCost": "{B}{G}{U}",
      "name": "Sultai Ascendancy",
      "number": "3",
      "printings": [
        "pPRE",
        "CPK",
        "KTK"
      ],
      "rarity": "Special",
      "source": "CP2-Fate Reforged",
      "text": "At the beginning of your upkeep, look at the top two cards of your library. Put any number of them into your graveyard and the rest back on top of your library in any order.",
      "type": "Enchantment",
      "types": [
        "Enchantment"
      ]
    },
    {
      "artist": "Vincent Proce",
      "cmc": 6,
      "colorIdentity": [
        "G"
      ],
      "colors": [
        "Green"
      ],
      "foreignNames": [
        {
          "language": "Chinese Simplified",
          "name": "护卵多头龙"
        },
        {
          "language": "Chinese Traditional",
          "name": "護卵多頭龍"
        },
        {
          "language": "French",
          "name": "Maître de couvée hydre"
        },
        {
          "language": "German",
          "name": "Hydra-Brutwächterin"
        },
        {
          "language": "Italian",
          "name": "Idra Protettrice della Covata"
        },
        {
          "language": "Japanese",
          "name": "ハイドラの繁殖主"
        },
        {
          "language": "Korean",
          "name": "번식하는 히드라"
        },
        {
          "language": "Portuguese (Brazil)",
          "name": "Hidra Criadeira"
        },
        {
          "language": "Russian",
          "name": "Гидра-Породительница"
        },
        {
          "language": "Spanish",
          "name": "Hidra ama de la progenie"
        }
      ],
      "id": "eecf77b95a566a883d60d16ddc155ca1b8a1386b",
      "imageName": "hydra broodmaster",
      "layout": "normal",
      "legalities": [
        {
          "format": "Commander",
          "legality": "Legal"
        },
        {
          "format": "Freeform",
          "legality": "Legal"
        },
        {
          "format": "Legacy",
          "legality": "Legal"
        },
        {
          "format": "Modern",
          "legality": "Legal"
        },
        {
          "format": "Prismatic",
          "legality": "Legal"
        },
        {
          "format": "Singleton 100",
          "legality": "Legal"
        },
        {
          "format": "Theros Block",
          "legality": "Legal"
        },
        {
          "format": "Tribal Wars Legacy",
          "legality": "Legal"
        },
        {
          "format": "Vintage",
          "legality": "Legal"
        }
      ],
      "manaCost": "{4}{G}{G}",
      "name": "Hydra Broodmaster",
      "number": "4",
      "power": "7",
      "printings": [
        "JOU",
        "CPK"
      ],
      "rarity": "Special",
      "rulings": [
        {
          "date": "2014-04-26",
          "text": "The value of each X in Hydra Broodmaster’s last ability is equal to the value chosen for X when its monstrosity ability was activated."
        },
        {
          "date": "2014-04-26",
          "text": "Once a creature becomes monstrous, it can’t become monstrous again. If the creature is already monstrous when the monstrosity ability resolves, nothing happens."
        },
        {
          "date": "2014-04-26",
          "text": "Monstrous isn’t an ability that a creature has. It’s just something true about that creature. If the creature stops being a creature or loses its abilities, it will continue to be monstrous."
        },
        {
          "date": "2014-04-26",
          "text": "An ability that triggers when a creature becomes monstrous won’t trigger if that creature isn’t on the battlefield when its monstrosity ability resolves."
        }
      ],
      "source": "CP1-Magic 2015",
      "subtypes": [
        "Hydra"
      ],
      "text": "{X}{X}{G}: Monstrosity X. (If this creature isn't monstrous, put X +1/+1 counters on it and it becomes monstrous.)\nWhen Hydra Broodmaster becomes monstrous, put X X/X green Hydra creature tokens onto the battlefield.",
      "toughness": "7",
      "type": "Creature — Hydra",
      "types": [
        "Creature"
      ]
    },
    {
      "artist": "Jeff Simpson",
      "cmc": 4,
      "colorIdentity": [
        "B",
        "G"
      ],
      "colors": [
        "Black",
        "Green"
      ],
      "foreignNames": [
        {
          "language": "Chinese Simplified",
          "name": "蛮荒夺命妖"
        },
        {
          "language": "Chinese Traditional",
          "name": "蠻荒奪命妖"
        },
        {
          "language": "French",
          "name": "Faucheuse des terres sauvages"
        },
        {
          "language": "German",
          "name": "Wilde Meuchlerin"
        },
        {
          "language": "Italian",
          "name": "Mietitrice delle Terre Selvagge"
        },
        {
          "language": "Japanese",
          "name": "荒野の収穫者"
        },
        {
          "language": "Korean",
          "name": "야생의 사신"
        },
        {
          "language": "Portuguese (Brazil)",
          "name": "Ceifador das Selvas"
        },
        {
          "language": "Russian",
          "name": "Жница Дебрей"
        },
        {
          "language": "Spanish",
          "name": "Segadora de lo salvaje"
        }
      ],
      "id": "7099e5a48a3e4867f64a31f18d909c39bf22da7a",
      "imageName": "reaper of the wilds",
      "layout": "normal",
      "legalities": [
        {
          "format": "Commander",
          "legality": "Legal"
        },
        {
          "format": "Freeform",
          "legality": "Legal"
        },
        {
          "format": "Legacy",
          "legality": "Legal"
        },
        {
          "format": "Modern",
          "legality": "Legal"
        },
        {
          "format": "Prismatic",
          "legality": "Legal"
        },
        {
          "format": "Singleton 100",
          "legality": "Legal"
        },
        {
          "format": "Theros Block",
          "legality": "Legal"
        },
        {
          "format": "Tribal Wars Legacy",
          "legality": "Legal"
        },
        {
          "format": "Vintage",
          "legality": "Legal"
        }
      ],
      "manaCost": "{2}{B}{G}",
      "name": "Reaper of the Wilds",
      "number": "4",
      "power": "4",
      "printings": [
        "THS",
        "DDM",
        "CPK"
      ],
      "rarity": "Special",
      "rulings": [
        {
          "date": "2013-09-15",
          "text": "Reaper of the Wilds’s first ability triggers separately for each creature. For example, if five creatures die at the same time, you’ll scry 1 five times. You won’t scry 5."
        },
        {
          "date": "2013-09-15",
          "text": "If Reaper of the Wilds dies at the same time as another creature, its ability will trigger for that other creature."
        },
        {
          "date": "2013-09-15",
          "text": "When you scry, you may put all the cards you look at back on top of your library, you may put all of those cards on the bottom of your library, or you may put some of those cards on top and the rest of them on the bottom."
        },
        {
          "date": "2013-09-15",
          "text": "You choose how to order cards returned to your library after scrying no matter where you put them."
        },
        {
          "date": "2013-09-15",
          "text": "You perform the actions stated on a card in sequence. For some spells and abilities, that means you’ll scry last. For others, that means you’ll scry and then perform other actions."
        },
        {
          "date": "2013-09-15",
          "text": "Scry appears on some spells and abilities with one or more targets. If all of the spell or ability’s targets are illegal when it tries to resolve, it will be countered and none of its effects will happen. You won’t scry."
        }
      ],
      "source": "CP2-Fate Reforged",
      "subtypes": [
        "Gorgon"
      ],
      "text": "Whenever another creature dies, scry 1. (Look at the top card of your library. You may put that card on the bottom of your library.)\n{B}: Reaper of the Wilds gains deathtouch until end of turn.\n{1}{G}: Reaper of the Wilds gains hexproof until end of turn.",
      "toughness": "5",
      "type": "Creature — Gorgon",
      "types": [
        "Creature"
      ]
    },
    {
      "artist": "Anastasia Ovchinnikova",
      "cmc": 5,
      "colorIdentity": [
        "U",
        "G"
      ],
      "colors": [
        "Blue",
        "Green"
      ],
      "flavor": "\"Time is fluid as a dance, and truth as fleeting.\"",
      "foreignNames": [
        {
          "language": "Chinese Simplified",
          "name": "克鲁菲斯的先知"
        },
        {
          "language": "Chinese Traditional",
          "name": "克魯菲斯的先知"
        },
        {
          "language": "French",
          "name": "Prophétesse de Kruphix"
        },
        {
          "language": "German",
          "name": "Prophetin des Kruphix"
        },
        {
          "language": "Italian",
          "name": "Profetessa di Krufix"
        },
        {
          "language": "Japanese",
          "name": "クルフィックスの預言者"
        },
        {
          "language": "Korean",
          "name": "크루픽스의 예언자"
        },
        {
          "language": "Portuguese (Brazil)",
          "name": "Profeta de Crufix"
        },
        {
          "language": "Russian",
          "name": "Прорицательница Круфикса"
        },
        {
          "language": "Spanish",
          "name": "Profeta de Krufix"
        }
      ],
      "id": "5149143ad8da3e59b388004b73e5304916d1f968",
      "imageName": "prophet of kruphix",
      "layout": "normal",
      "legalities": [
        {
          "format": "Commander",
          "legality": "Banned"
        },
        {
          "format": "Freeform",
          "legality": "Legal"
        },
        {
          "format": "Legacy",
          "legality": "Legal"
        },
        {
          "format": "Modern",
          "legality": "Legal"
        },
        {
          "format": "Prismatic",
          "legality": "Legal"
        },
        {
          "format": "Singleton 100",
          "legality": "Legal"
        },
        {
          "format": "Theros Block",
          "legality": "Legal"
        },
        {
          "format": "Tribal Wars Legacy",
          "legality": "Legal"
        },
        {
          "format": "Vintage",
          "legality": "Legal"
        }
      ],
      "manaCost": "{3}{G}{U}",
      "name": "Prophet of Kruphix",
      "number": "5",
      "power": "2",
      "printings": [
        "THS",
        "CPK"
      ],
      "rarity": "Special",
      "rulings": [
        {
          "date": "2013-09-15",
          "text": "Creatures and lands you control untap at the same time as the active player’s permanents. You can’t choose to not untap them at that time."
        },
        {
          "date": "2013-09-15",
          "text": "Effects that state a creature or land you control doesn’t untap during your untap step won’t apply during another player’s untap step."
        },
        {
          "date": "2013-09-15",
          "text": "Controlling more than one Prophet of Kruphix doesn’t allow you to untap any creature or land more than once during a single untap step."
        },
        {
          "date": "2013-09-15",
          "text": "If you’re casting a creature spell with bestow, whether or not it has flash will depend on if you’re casting it as a creature or as an Aura. Prophet of Kruphix won’t give flash to a spell with bestow you’re casting as an Aura."
        },
        {
          "date": "2013-09-15",
          "text": "The last ability applies to creature cards in any zone, provided something is allowing you to cast them. For example, if you control a Zombie, you could cast Gravecrawler (a creature with “You may cast Gravecrawler from your graveyard as long as you control a Zombie”) from your graveyard as though it had flash."
        }
      ],
      "source": "CP1-Magic 2015",
      "subtypes": [
        "Human",
        "Wizard"
      ],
      "text": "Untap all creatures and lands you control during each other player's untap step.\nYou may cast creature cards as though they had flash.",
      "toughness": "3",
      "type": "Creature — Human Wizard",
      "types": [
        "Creature"
      ]
    },
    {
      "artist": "Marco Nelor",
      "cmc": 4,
      "colorIdentity": [
        "B"
      ],
      "colors": [
        "Black"
      ],
      "foreignNames": [
        {
          "language": "Chinese Simplified",
          "name": "厄睿柏斯的神鞭"
        },
        {
          "language": "Chinese Traditional",
          "name": "厄睿柏斯的神鞭"
        },
        {
          "language": "French",
          "name": "Fouet d'Érébos"
        },
        {
          "language": "German",
          "name": "Peitsche des Erebos"
        },
        {
          "language": "Italian",
          "name": "Frusta di Erebos"
        },
        {
          "language": "Japanese",
          "name": "エレボスの鞭"
        },
        {
          "language": "Korean",
          "name": "에레보스의 채찍"
        },
        {
          "language": "Portuguese (Brazil)",
          "name": "Chicote de Érebo"
        },
        {
          "language": "Russian",
          "name": "Кнут Эреба"
        },
        {
          "language": "Spanish",
          "name": "Látigo de Erebos"
        }
      ],
      "id": "ff12bc68e71caf7939dc93168d815886405ffedf",
      "imageName": "whip of erebos",
      "layout": "normal",
      "legalities": [
        {
          "format": "Commander",
          "legality": "Legal"
        },
        {
          "format": "Freeform",
          "legality": "Legal"
        },
        {
          "format": "Legacy",
          "legality": "Legal"
        },
        {
          "format": "Modern",
          "legality": "Legal"
        },
        {
          "format": "Prismatic",
          "legality": "Legal"
        },
        {
          "format": "Singleton 100",
          "legality": "Legal"
        },
        {
          "format": "Theros Block",
          "legality": "Legal"
        },
        {
          "format": "Tribal Wars Legacy",
          "legality": "Legal"
        },
        {
          "format": "Vintage",
          "legality": "Legal"
        }
      ],
      "manaCost": "{2}{B}{B}",
      "name": "Whip of Erebos",
      "number": "5",
      "printings": [
        "THS",
        "CPK"
      ],
      "rarity": "Special",
      "rulings": [
        {
          "date": "2013-09-15",
          "text": "At the beginning of the next end step, the creature returned to the battlefield with Whip of Erebos is exiled. This is a delayed triggered ability. If the ability is countered, the creature will stay on the battlefield and the delayed trigger won’t trigger again. However, the replacement effect will still exile the creature when it eventually leaves the battlefield."
        },
        {
          "date": "2013-09-15",
          "text": "Whip of Erebos grants haste to the creature that’s returned to the battlefield. However, neither of the “exile” abilities is granted to that creature. If that creature loses all its abilities, it will still be exiled at the beginning of the end step, and if it would leave the battlefield, it is still exiled instead."
        },
        {
          "date": "2013-09-15",
          "text": "If a creature returned to the battlefield with Whip of Erebos would leave the battlefield for any reason, it’s exiled instead. However, if that creature is already being exiled, then the replacement effect won’t apply. If the spell or ability that exiles it later returns it to the battlefield (as Chained to the Rocks might, for example), the creature card will return to the battlefield as a new object with no relation to its previous existence. The effects from Whip of Erebos will no longer apply to it."
        },
        {
          "date": "2013-09-15",
          "text": "The exiled creature is never put into the graveyard. Any abilities the creature has that trigger when it dies won’t trigger."
        }
      ],
      "source": "CP2-Fate Reforged",
      "supertypes": [
        "Legendary"
      ],
      "text": "Creatures you control have lifelink.\n{2}{B}{B}, {T}: Return target creature card from your graveyard to the battlefield. It gains haste. Exile it at the beginning of the next end step. If it would leave the battlefield, exile it instead of putting it anywhere else. Activate this ability only any time you could cast a sorcery.",
      "type": "Legendary Enchantment Artifact",
      "types": [
        "Enchantment",
        "Artifact"
      ]
    },
    {
      "artist": "Adam Paquette",
      "colorIdentity": [
        "G",
        "U"
      ],
      "foreignNames": [
        {
          "language": "Chinese Simplified",
          "name": "神秘殿堂"
        },
        {
          "language": "Chinese Traditional",
          "name": "神秘殿堂"
        },
        {
          "language": "French",
          "name": "Temple du mystère"
        },
        {
          "language": "German",
          "name": "Tempel der Geheimnisse"
        },
        {
          "language": "Italian",
          "name": "Tempio del Mistero"
        },
        {
          "language": "Japanese",
          "name": "神秘の神殿"
        },
        {
          "language": "Korean",
          "name": "신비의 신전"
        },
        {
          "language": "Portuguese (Brazil)",
          "name": "Templo do Mistério"
        },
        {
          "language": "Russian",
          "name": "Храм Таинств"
        },
        {
          "language": "Spanish",
          "name": "Templo del misterio"
        }
      ],
      "id": "c213e662c78ff4ca7d7359402af303ac01e55910",
      "imageName": "temple of mystery",
      "layout": "normal",
      "legalities": [
        {
          "format": "Commander",
          "legality": "Legal"
        },
        {
          "format": "Freeform",
          "legality": "Legal"
        },
        {
          "format": "Legacy",
          "legality": "Legal"
        },
        {
          "format": "Modern",
          "legality": "Legal"
        },
        {
          "format": "Prismatic",
          "legality": "Legal"
        },
        {
          "format": "Singleton 100",
          "legality": "Legal"
        },
        {
          "format": "Theros Block",
          "legality": "Legal"
        },
        {
          "format": "Tribal Wars Legacy",
          "legality": "Legal"
        },
        {
          "format": "Vintage",
          "legality": "Legal"
        }
      ],
      "name": "Temple of Mystery",
      "number": "6",
      "printings": [
        "THS",
        "CPK"
      ],
      "rarity": "Special",
      "rulings": [
        {
          "date": "2013-09-15",
          "text": "When you scry, you may put all the cards you look at back on top of your library, you may put all of those cards on the bottom of your library, or you may put some of those cards on top and the rest of them on the bottom."
        },
        {
          "date": "2013-09-15",
          "text": "You choose how to order cards returned to your library after scrying no matter where you put them."
        },
        {
          "date": "2013-09-15",
          "text": "You perform the actions stated on a card in sequence. For some spells and abilities, that means you’ll scry last. For others, that means you’ll scry and then perform other actions."
        },
        {
          "date": "2013-09-15",
          "text": "Scry appears on some spells and abilities with one or more targets. If all of the spell or ability’s targets are illegal when it tries to resolve, it will be countered and none of its effects will happen. You won’t scry."
        }
      ],
      "source": "CP1-Magic 2015",
      "text": "Temple of Mystery enters the battlefield tapped.\nWhen Temple of Mystery enters the battlefield, scry 1. (Look at the top card of your library. You may put that card on the bottom of your library.)\n{T}: Add {G} or {U} to your mana pool.",
      "type": "Land",
      "types": [
        "Land"
      ]
    },
    {
      "artist": "Slawomir Maniak",
      "cmc": 3,
      "colorIdentity": [
        "G"
      ],
      "colors": [
        "Green"
      ],
      "foreignNames": [
        {
          "language": "Chinese Simplified",
          "name": "克罗芬斯的骏马"
        },
        {
          "language": "Chinese Traditional",
          "name": "克羅芬斯的駿馬"
        },
        {
          "language": "French",
          "name": "Coursière de Kruphix"
        },
        {
          "language": "German",
          "name": "Rennerin des Kruphix"
        },
        {
          "language": "Italian",
          "name": "Corsiera di Krufix"
        },
        {
          "language": "Japanese",
          "name": "クルフィックスの狩猟者"
        },
        {
          "language": "Korean",
          "name": "크루픽스의 군마"
        },
        {
          "language": "Portuguese (Brazil)",
          "name": "Centaura-caçadora de Crufix"
        },
        {
          "language": "Russian",
          "name": "Резвая Бегунья Круфикса"
        },
        {
          "language": "Spanish",
          "name": "Cazadora de Krufix"
        }
      ],
      "id": "fe941d7357f8ca10d3276f61ae0a162643c40882",
      "imageName": "courser of kruphix",
      "layout": "normal",
      "legalities": [
        {
          "format": "Commander",
          "legality": "Legal"
        },
        {
          "format": "Legacy",
          "legality": "Legal"
        },
        {
          "format": "Modern",
          "legality": "Legal"
        },
        {
          "format": "Theros Block",
          "legality": "Legal"
        },
        {
          "format": "Vintage",
          "legality": "Legal"
        }
      ],
      "manaCost": "{1}{G}{G}",
      "name": "Courser of Kruphix",
      "number": "6",
      "power": "2",
      "printings": [
        "BNG",
        "CPK"
      ],
      "rarity": "Special",
      "rulings": [
        {
          "date": "2014-02-01",
          "text": "Courser of Kruphix doesn’t change when you can play lands. You can do so only during your main phase when you have priority and the stack is empty."
        },
        {
          "date": "2014-02-01",
          "text": "Playing a land with the second ability counts as your land play for the turn. If you play a land from your hand during your turn, you won’t be able to play an additional land from the top of your library unless another effect allows you to."
        },
        {
          "date": "2014-02-01",
          "text": "The last ability triggers whenever a land enters the battlefield under your control for any reason. It triggers whenever you play a land, as well as whenever a spell or ability (such as Rampant Growth) causes you to put a land onto the battlefield under your control. It will even trigger when a spell or ability causes another player to put a land onto the battlefield under your control (as can happen with Yavimaya Dryad’s ability, for example)."
        },
        {
          "date": "2014-02-01",
          "text": "While playing with the top card of your library revealed, if you draw multiple cards, reveal each one before you draw it."
        }
      ],
      "source": "CP2-Fate Reforged",
      "subtypes": [
        "Centaur"
      ],
      "text": "Play with the top card of your library revealed.\nYou may play the top card of your library if it's a land card.\nWhenever a land enters the battlefield under your control, you gain 1 life.",
      "toughness": "4",
      "type": "Enchantment Creature — Centaur",
      "types": [
        "Enchantment",
        "Creature"
      ]
    },
    {
      "artist": "Johannes Voss",
      "cmc": 3,
      "colorIdentity": [
        "B"
      ],
      "colors": [
        "Black"
      ],
      "flavor": "Destiny exalts a chosen few, but even heroes break.",
      "foreignNames": [
        {
          "language": "Chinese Simplified",
          "name": "英雄殉身"
        },
        {
          "language": "Chinese Traditional",
          "name": "英雄殉身"
        },
        {
          "language": "French",
          "name": "Chute du héros"
        },
        {
          "language": "German",
          "name": "Des Helden Untergang"
        },
        {
          "language": "Italian",
          "name": "Caduta dell'Eroe"
        },
        {
          "language": "Japanese",
          "name": "英雄の破滅"
        },
        {
          "language": "Korean",
          "name": "영웅의 몰락"
        },
        {
          "language": "Portuguese (Brazil)",
          "name": "Queda do Herói"
        },
        {
          "language": "Russian",
          "name": "Падение Героя"
        },
        {
          "language": "Spanish",
          "name": "La caída del héroe"
        }
      ],
      "id": "395033e8a735ddfee24baac753d8c3d29e886ac9",
      "imageName": "hero's downfall",
      "layout": "normal",
      "legalities": [
        {
          "format": "Commander",
          "legality": "Legal"
        },
        {
          "format": "Freeform",
          "legality": "Legal"
        },
        {
          "format": "Legacy",
          "legality": "Legal"
        },
        {
          "format": "Modern",
          "legality": "Legal"
        },
        {
          "format": "Prismatic",
          "legality": "Legal"
        },
        {
          "format": "Singleton 100",
          "legality": "Legal"
        },
        {
          "format": "Theros Block",
          "legality": "Legal"
        },
        {
          "format": "Tribal Wars Legacy",
          "legality": "Legal"
        },
        {
          "format": "Vintage",
          "legality": "Legal"
        }
      ],
      "manaCost": "{1}{B}{B}",
      "name": "Hero's Downfall",
      "number": "8",
      "printings": [
        "THS",
        "CPK"
      ],
      "rarity": "Special",
      "source": "CP2-Fate Reforged",
      "text": "Destroy target creature or planeswalker.",
      "type": "Instant",
      "types": [
        "Instant"
      ]
    }
  ]
}