{
  "name": "デュエルデッキ：イゼット vs. ゴルガリ",
  "code": "DDJ",
  "language": "jp",
  "cards": [
    {
      "artist": "Svetlin Velinov",
      "cmc": 6,
      "colors": [
        "Blue",
        "Red"
      ],
      "id": "ead02201870d16e34e89d08531c4331e3c6667b5",
      "layout": "normal",
      "manaCost": "{2}{U}{U}{R}{R}",
      "multiverseid": 340194,
      "name": "Niv-Mizzet, the Firemind",
      "number": "1",
      "originalText": "飛行\nあなたがカードを１枚引くたび、クリーチャー１体かプレイヤー１人を対象とする。火想者ニヴ＝ミゼットはそれに１点のダメージを与える。{T}：カードを１枚引く。",
      "originalType": "伝説のクリーチャー ― — ドラゴン・ウィザード",
      "power": "4",
      "rarity": "Mythic Rare",
      "subtypes": [
        "Dragon",
        "Wizard"
      ],
      "supertypes": [
        "Legendary"
      ],
      "text": "Flying\nWhenever you draw a card, Niv-Mizzet, the Firemind deals 1 damage to target creature or player.\n{T}: Draw a card.",
      "toughness": "4",
      "type": "Legendary Creature — Dragon Wizard",
      "types": [
        "Creature"
      ]
    },
    {
      "artist": "Adi Granov",
      "cmc": 2,
      "colors": [
        "Red"
      ],
      "flavor": "それは石の皮膚の下に爆発物を閉じ込めている。",
      "id": "28c1708aa8e0ab1f4024038d456fc1c8c4a3f056",
      "layout": "normal",
      "manaCost": "{1}{R}",
      "multiverseid": 340198,
      "name": "Kiln Fiend",
      "number": "2",
      "originalText": "あなたがインスタント呪文かソーサリー呪文を１つ唱えるたび、窯の悪鬼はターン終了時まで＋３/＋０の修整を受ける。",
      "originalType": "クリーチャー ― — エレメンタル・ビースト",
      "power": "1",
      "rarity": "Common",
      "subtypes": [
        "Elemental",
        "Beast"
      ],
      "text": "Whenever you cast an instant or sorcery spell, Kiln Fiend gets +3/+0 until end of turn.",
      "toughness": "2",
      "type": "Creature — Elemental Beast",
      "types": [
        "Creature"
      ]
    },
    {
      "artist": "Svetlin Velinov",
      "cmc": 2,
      "colors": [
        "Blue",
        "Red"
      ],
      "flavor": "どれだけのパワーが必要かと訊かれれば、必ず「もっとだ」と答えるのがイゼットの魔道士である。",
      "id": "a875f293cc6fee538e40f079021476fd58ef60b0",
      "layout": "normal",
      "manaCost": "{U}{R}",
      "multiverseid": 340269,
      "name": "Goblin Electromancer",
      "number": "3",
      "originalText": "あなたが唱えるインスタント呪文とソーサリー呪文は、それを唱えるためのコストが{1}少なくなる。",
      "originalType": "クリーチャー ― — ゴブリン・ウィザード",
      "power": "2",
      "rarity": "Common",
      "subtypes": [
        "Goblin",
        "Wizard"
      ],
      "text": "Instant and sorcery spells you cast cost {1} less to cast.",
      "toughness": "2",
      "type": "Creature — Goblin Wizard",
      "types": [
        "Creature"
      ]
    },
    {
      "artist": "Jim Murray",
      "cmc": 2,
      "colors": [
        "Blue",
        "Red"
      ],
      "id": "603df3852bb6799028a2bd5945f4c7d3c7b57725",
      "layout": "normal",
      "manaCost": "{U/R}{U/R}",
      "multiverseid": 340191,
      "name": "Izzet Guildmage",
      "number": "4",
      "originalText": "{2}{U}：あなたがコントロールする点数で見たマナ・コストが２以下のインスタント呪文１つを対象とし、それをコピーする。あなたはそのコピーの新しい対象を選んでもよい。\n{2}{R}：あなたがコントロールする点数で見たマナ・コストが２以下のソーサリー呪文１つを対象とし、それをコピーする。あなたはそのコピーの新しい対象を選んでもよい。",
      "originalType": "クリーチャー ― — 人間・ウィザード",
      "power": "2",
      "rarity": "Uncommon",
      "subtypes": [
        "Human",
        "Wizard"
      ],
      "text": "({U/R} can be paid with either {U} or {R}.)\n{2}{U}: Copy target instant spell you control with converted mana cost 2 or less. You may choose new targets for the copy.\n{2}{R}: Copy target sorcery spell you control with converted mana cost 2 or less. You may choose new targets for the copy.",
      "toughness": "2",
      "type": "Creature — Human Wizard",
      "types": [
        "Creature"
      ]
    },
    {
      "artist": "Dan Scott",
      "cmc": 3,
      "colors": [
        "Blue",
        "Red"
      ],
      "flavor": "「全く反対のエネルギーを原形質の泡の中に封じることで、素晴らしいペットができるのだよ！」——イゼットの魔道士、トリヴァズ",
      "id": "f4ddd9d9f9fa664d997ea52b6a7dedbee95e6bc7",
      "layout": "normal",
      "manaCost": "{1}{U}{R}",
      "multiverseid": 340187,
      "name": "Gelectrode",
      "number": "5",
      "originalText": "{T}：クリーチャー１体かプレイヤー１人を対象とする。軟体電極獣はそれに１点のダメージを与える。あなたがインスタント呪文かソーサリー呪文を１つ唱えるたび、あなたは軟体電極獣をアンタップしてもよい。",
      "originalType": "クリーチャー ― — 奇魔",
      "power": "0",
      "rarity": "Uncommon",
      "subtypes": [
        "Weird"
      ],
      "text": "{T}: Gelectrode deals 1 damage to target creature or player.\nWhenever you cast an instant or sorcery spell, you may untap Gelectrode.",
      "toughness": "1",
      "type": "Creature — Weird",
      "types": [
        "Creature"
      ]
    },
    {
      "artist": "Greg Staples",
      "cmc": 3,
      "colors": [
        "Blue",
        "Red"
      ],
      "flavor": "「猛火凧の原理は単純ですよ、本当に——効力除去イオンと電子推進マグネトロンを媒体に応用するだけですから。」——イゼットの修繕士、ジュズバ",
      "id": "088aeee48fc052973cc704936d8a693995f59556",
      "layout": "normal",
      "manaCost": "{1}{U}{R}",
      "multiverseid": 340197,
      "name": "Wee Dragonauts",
      "number": "6",
      "originalText": "飛行\nあなたがインスタント呪文かソーサリー呪文を１つ唱えるたび、小柄な竜装者はターン終了時まで＋２/＋０の修整を受ける。",
      "originalType": "クリーチャー ― — フェアリー・ウィザード",
      "power": "1",
      "rarity": "Common",
      "subtypes": [
        "Faerie",
        "Wizard"
      ],
      "text": "Flying\nWhenever you cast an instant or sorcery spell, Wee Dragonauts gets +2/+0 until end of turn.",
      "toughness": "3",
      "type": "Creature — Faerie Wizard",
      "types": [
        "Creature"
      ]
    },
    {
      "artist": "Justin Norman",
      "cmc": 4,
      "colors": [
        "Blue"
      ],
      "flavor": "他の多くのイゼットの製作物と同様に、奇魔はでたらめな矛盾をなんとか動くようにしたものだ。",
      "id": "94c4d6d0167beb71f5061e4c5c8f93a4ec5dd648",
      "layout": "normal",
      "manaCost": "{3}{U}",
      "multiverseid": 340249,
      "name": "Steamcore Weird",
      "number": "7",
      "originalText": "蒸気核の奇魔が戦場に出たとき、蒸気核の奇魔を唱えるために{R}が支払われている場合、クリーチャー１体かプレイヤー１人を対象とする。蒸気核の奇魔はそれに２点のダメージを与える。",
      "originalType": "クリーチャー ― — 奇魔",
      "power": "1",
      "rarity": "Common",
      "subtypes": [
        "Weird"
      ],
      "text": "When Steamcore Weird enters the battlefield, if {R} was spent to cast Steamcore Weird, it deals 2 damage to target creature or player.",
      "toughness": "3",
      "type": "Creature — Weird",
      "types": [
        "Creature"
      ]
    },
    {
      "artist": "Carl Frank",
      "cmc": 4,
      "colors": [
        "Blue",
        "Red"
      ],
      "id": "65d9b50af7b516f14f5273c445612e4eb2586028",
      "layout": "normal",
      "manaCost": "{3}{U/R}",
      "multiverseid": 340250,
      "name": "Shrewd Hatchling",
      "number": "8",
      "originalText": "明敏な雛は、－１/－１カウンターが４個置かれた状態で戦場に出る。{U/R}：クリーチャー１体を対象とする。このターン、それでは明敏雛をブロックできない。あなたが青の呪文を１つ唱えるたび、明敏な雛から－１/－１カウンターを１個取り除く。あなたが赤の呪文を１つ唱えるたび、明敏な雛から－１/－１カウンターを１個取り除く。",
      "originalType": "クリーチャー ― — エレメンタル",
      "power": "6",
      "rarity": "Uncommon",
      "subtypes": [
        "Elemental"
      ],
      "text": "Shrewd Hatchling enters the battlefield with four -1/-1 counters on it.\n{U/R}: Target creature can't block Shrewd Hatchling this turn.\nWhenever you cast a blue spell, remove a -1/-1 counter from Shrewd Hatchling.\nWhenever you cast a red spell, remove a -1/-1 counter from Shrewd Hatchling.",
      "toughness": "6",
      "type": "Creature — Elemental",
      "types": [
        "Creature"
      ]
    },
    {
      "artist": "Paolo Parente",
      "cmc": 5,
      "colors": [
        "Red"
      ],
      "flavor": "存在が構造矛盾。",
      "id": "c749bb473c470754af9d8e3d3d9c941826f73cd4",
      "layout": "normal",
      "manaCost": "{4}{R}",
      "multiverseid": 340245,
      "name": "Ogre Savant",
      "number": "9",
      "originalText": "オーガの学者が戦場に出たとき、オーガの学者を唱えるために{U}が支払われている場合、クリーチャー１体を対象とし、それをオーナーの手札に戻す。",
      "originalType": "クリーチャー ― — オーガ・ウィザード",
      "power": "3",
      "rarity": "Common",
      "subtypes": [
        "Ogre",
        "Wizard"
      ],
      "text": "When Ogre Savant enters the battlefield, if {U} was spent to cast Ogre Savant, return target creature to its owner's hand.",
      "toughness": "2",
      "type": "Creature — Ogre Wizard",
      "types": [
        "Creature"
      ]
    },
    {
      "artist": "Kev Walker",
      "cmc": 5,
      "colors": [
        "Red"
      ],
      "flavor": "それはミラディンの外殻に噛み付き穴を開け、あふれ出るエネルギーを餌としている。",
      "id": "88cfbb298800487edaf47f55a3095eaadddb2c4e",
      "layout": "normal",
      "manaCost": "{3}{R}{R}",
      "multiverseid": 340271,
      "name": "Galvanoth",
      "number": "10",
      "originalText": "あなたのアップキープの開始時に、あなたはあなたのライブラリーの一番上のカードを見てもよい。それがインスタント・カードかソーサリー・カードである場合、あなたはそれをそのマナ・コストを支払うことなく唱えてもよい。",
      "originalType": "クリーチャー ― — ビースト",
      "power": "3",
      "rarity": "Rare",
      "subtypes": [
        "Beast"
      ],
      "text": "At the beginning of your upkeep, you may look at the top card of your library. If it's an instant or sorcery card, you may cast it without paying its mana cost.",
      "toughness": "3",
      "type": "Creature — Beast",
      "types": [
        "Creature"
      ]
    },
    {
      "artist": "Steven Belledin",
      "cmc": 5,
      "colors": [
        "Blue",
        "Red"
      ],
      "flavor": "彼が保証するのは、単に二度目の稲妻が落ちるかどうかだけではなく、それがいつ、どこに落ちるかだ。",
      "id": "ce13d78df1bb4ac50d950c404954503108f8628a",
      "layout": "normal",
      "manaCost": "{3}{U}{R}",
      "multiverseid": 340190,
      "name": "Izzet Chronarch",
      "number": "11",
      "originalText": "イゼットの時術師が戦場に出たとき、あなたの墓地にあるインスタント・カード１枚かソーサリー・カード１枚を対象とし、それをあなたの手札に戻す。",
      "originalType": "クリーチャー ― — 人間・ウィザード",
      "power": "2",
      "rarity": "Common",
      "subtypes": [
        "Human",
        "Wizard"
      ],
      "text": "When Izzet Chronarch enters the battlefield, return target instant or sorcery card from your graveyard to your hand.",
      "toughness": "2",
      "type": "Creature — Human Wizard",
      "types": [
        "Creature"
      ]
    },
    {
      "artist": "Carl Critchlow",
      "cmc": 7,
      "colors": [
        "Blue",
        "Red"
      ],
      "id": "2a7c0e162d43b8351183830e43f719981a07704e",
      "layout": "normal",
      "manaCost": "{5}{U/R}{U/R}",
      "multiverseid": 340186,
      "name": "Djinn Illuminatus",
      "number": "12",
      "originalText": "飛行\nあなたが唱えるインスタント呪文とソーサリー呪文は複製を持つ。複製コストは、その呪文自身のマナ・コストに等しい。（あなたがそれを唱えるとき、あなたが複製コストを支払った回数に等しい数だけそれをコピーする。あなたはそれらのコピーの新しい対象を選んでもよい。）",
      "originalType": "クリーチャー ― — ジン",
      "power": "3",
      "rarity": "Rare",
      "subtypes": [
        "Djinn"
      ],
      "text": "({U/R} can be paid with either {U} or {R}.)\nFlying\nEach instant and sorcery spell you cast has replicate. The replicate cost is equal to its mana cost. (When you cast it, copy it for each time you paid its replicate cost. You may choose new targets for the copies.)",
      "toughness": "5",
      "type": "Creature — Djinn",
      "types": [
        "Creature"
      ]
    },
    {
      "artist": "Willian Murai",
      "cmc": 1,
      "colors": [
        "Blue"
      ],
      "flavor": "あるかなきかの光明を求め、彼女の精神はミジウム球配列によって思考場の深みへと誘われた。",
      "id": "55cd05a46af7d5c9a0ea43e20511a6f82bf58024",
      "layout": "normal",
      "manaCost": "{U}",
      "multiverseid": 340201,
      "name": "Brainstorm",
      "number": "13",
      "originalText": "カードを３枚引き、その後あなたの手札にあるカードを２枚、あなたのライブラリーの一番上に望む順番で置く。",
      "originalType": "インスタント",
      "rarity": "Common",
      "text": "Draw three cards, then put two cards from your hand on top of your library in any order.",
      "type": "Instant",
      "types": [
        "Instant"
      ]
    },
    {
      "artist": "Nelson DeCastro",
      "cmc": 1,
      "colors": [
        "Blue"
      ],
      "flavor": "「残念ながら、そうはいかないね。」",
      "id": "c64ffb0ab8e215ea555196f2bbebb3bcdf72aab7",
      "layout": "normal",
      "manaCost": "{U}",
      "multiverseid": 340200,
      "name": "Force Spike",
      "number": "14",
      "originalText": "呪文１つを対象とする。そのコントローラーが{1}を支払わないかぎり、それを打ち消す。",
      "originalType": "インスタント",
      "rarity": "Common",
      "text": "Counter target spell unless its controller pays {1}.",
      "type": "Instant",
      "types": [
        "Instant"
      ]
    },
    {
      "artist": "Jarreau Wimberly",
      "cmc": 1,
      "colors": [
        "Red"
      ],
      "flavor": "「ジャンドは傷を負った世界なの。肌から噴き出す焼けた血に気をつけることね。」——ラッカ・マー",
      "id": "f939c099738483cf36504369eb151dd6b77abeb7",
      "layout": "normal",
      "manaCost": "{R}",
      "multiverseid": 340272,
      "name": "Magma Spray",
      "number": "15",
      "originalText": "クリーチャー１体を対象とする。マグマのしぶきはそれに２点のダメージを与える。そのクリーチャーがこのターンに死亡する場合、代わりにそれを追放する。",
      "originalType": "インスタント",
      "rarity": "Common",
      "text": "Magma Spray deals 2 damage to target creature. If that creature would die this turn, exile it instead.",
      "type": "Instant",
      "types": [
        "Instant"
      ]
    },
    {
      "artist": "Mark Harrison",
      "cmc": 2,
      "id": "095ffb0fc3adf9eba5f54b0a8f843dd33656b9d9",
      "layout": "normal",
      "manaCost": "{2}",
      "multiverseid": 340202,
      "name": "Isochron Scepter",
      "number": "16",
      "originalText": "刻印 — 等時の王笏が戦場に出たとき、あなたはあなたの手札にある点数で見たマナ・コストが２以下のインスタント・カード１枚を追放してもよい。{2}, {T}：あなたはその追放されたカードをコピーしてもよい。そうした場合、あなたはそのコピーをマナ・コストを支払うことなく唱えてもよい。",
      "originalType": "アーティファクト",
      "rarity": "Uncommon",
      "text": "Imprint — When Isochron Scepter enters the battlefield, you may exile an instant card with converted mana cost 2 or less from your hand.\n{2}, {T}: You may copy the exiled card. If you do, you may cast the copy without paying its mana cost.",
      "type": "Artifact",
      "types": [
        "Artifact"
      ]
    },
    {
      "artist": "Raoul Vitale",
      "cmc": 2,
      "flavor": "イゼットの印鑑はしばしばデザインし直され、その度にニヴ＝ミゼットの虚栄に満ちた肖像に近づいていく。",
      "id": "f36cac4d05625f5d56019c317189bb35d4c1d25c",
      "layout": "normal",
      "manaCost": "{2}",
      "multiverseid": 340192,
      "name": "Izzet Signet",
      "number": "17",
      "originalText": "{1}, {T}：あなたのマナ・プールに{U}{R}を加える。",
      "originalType": "アーティファクト",
      "rarity": "Common",
      "text": "{1}, {T}: Add {U}{R} to your mana pool.",
      "type": "Artifact",
      "types": [
        "Artifact"
      ]
    },
    {
      "artist": "Randy Gallegos",
      "cmc": 2,
      "colors": [
        "Blue"
      ],
      "flavor": "バントでは、印章は名誉の褒章であるとともに、義務に対する枷でもある。それを帯びる者は、いついかなる時であってもその責務を満たすために呼び出されることがある。",
      "id": "c3b09ca0138e56bb79871c77d8c453ae1845cad6",
      "layout": "normal",
      "manaCost": "{1}{U}",
      "multiverseid": 340199,
      "name": "Call to Heel",
      "number": "18",
      "originalText": "クリーチャー１体を対象とし、それをオーナーの手札に戻す。それのコントローラーはカードを１枚引く。",
      "originalType": "インスタント",
      "rarity": "Common",
      "text": "Return target creature to its owner's hand. Its controller draws a card.",
      "type": "Instant",
      "types": [
        "Instant"
      ]
    },
    {
      "artist": "Matt Thompson",
      "cmc": 2,
      "colors": [
        "Blue"
      ],
      "flavor": "「しかし、それだと……おお、だが……となると、だ……すなわち……なるほど！」",
      "id": "cd9181527c2d926962db26c9e531674cd2b4d80b",
      "layout": "normal",
      "manaCost": "{1}{U}",
      "multiverseid": 340196,
      "name": "Train of Thought",
      "number": "19",
      "originalText": "複製 {1}{U} （あなたがこの呪文を唱えるとき、あなたが複製コストを支払った回数に等しい数だけこれをコピーする。）\nカードを１枚引く。",
      "originalType": "ソーサリー",
      "rarity": "Common",
      "text": "Replicate {1}{U} (When you cast this spell, copy it for each time you paid its replicate cost.)\nDraw a card.",
      "type": "Sorcery",
      "types": [
        "Sorcery"
      ]
    },
    {
      "artist": "Glen Angus",
      "cmc": 2,
      "colors": [
        "Red"
      ],
      "id": "b73945b167000e5a7b1a20b58b2020d72fbb88a3",
      "layout": "normal",
      "manaCost": "{1}{R}",
      "multiverseid": 340195,
      "name": "Pyromatics",
      "number": "20",
      "originalText": "複製 {1}{R} （あなたがこの呪文を唱えるとき、あなたが複製コストを支払った回数に等しい数だけこれをコピーする。あなたはそれらのコピーの新しい対象を選んでもよい。）\nクリーチャー１体かプレイヤー１人を対象とする。連弾炎はそれに１点のダメージを与える。",
      "originalType": "インスタント",
      "rarity": "Common",
      "text": "Replicate {1}{R} (When you cast this spell, copy it for each time you paid its replicate cost. You may choose new targets for the copies.)\nPyromatics deals 1 damage to target creature or player.",
      "type": "Instant",
      "types": [
        "Instant"
      ]
    },
    {
      "artist": "Zoltan Boros",
      "cmc": 2,
      "colors": [
        "Blue",
        "Red"
      ],
      "id": "7436505152a725cdc0085243856742791899f587",
      "layout": "normal",
      "manaCost": "{U}{R}",
      "multiverseid": 340268,
      "name": "Izzet Charm",
      "number": "21",
      "originalText": "以下の３つから１つを選ぶ。「クリーチャーでない呪文１つを対象とする。そのコントローラーが{2}を支払わないかぎり、それを打ち消す。」「クリーチャー１体を対象とする。イゼットの魔除けはそれに２点のダメージを与える。」「カードを２枚引き、その後カードを２枚捨てる。」",
      "originalType": "インスタント",
      "rarity": "Uncommon",
      "text": "Choose one —\n• Counter target noncreature spell unless its controller pays {2}.\n• Izzet Charm deals 2 damage to target creature.\n• Draw two cards, then discard two cards.",
      "type": "Instant",
      "types": [
        "Instant"
      ]
    },
    {
      "artist": "Ralph Horsley",
      "cmc": 3,
      "colors": [
        "Blue"
      ],
      "flavor": "過去への扉が少しでも開いていれば、過去がその蝶番を吹き飛ばしてしまう。",
      "id": "ab5f47c9688cc560729c4af70484503b7854705a",
      "layout": "normal",
      "manaCost": "{2}{U}",
      "multiverseid": 340273,
      "name": "Reminisce",
      "number": "22",
      "originalText": "プレイヤー１人を対象とする。そのプレイヤーは自分のライブラリーに自分の墓地を加えて切り直す。",
      "originalType": "ソーサリー",
      "rarity": "Uncommon",
      "text": "Target player shuffles his or her graveyard into his or her library.",
      "type": "Sorcery",
      "types": [
        "Sorcery"
      ]
    },
    {
      "artist": "Hideaki Takamura",
      "cmc": 3,
      "colors": [
        "Blue"
      ],
      "flavor": "雲は厚さを増し、その後歯を剥いた。",
      "id": "ef9bcde80d7b8708eb0133e387cb3efc06f9df4d",
      "layout": "normal",
      "manaCost": "{2}{U}",
      "multiverseid": 340252,
      "name": "Thunderheads",
      "number": "23",
      "originalText": "複製 {2}{U} （あなたがこの呪文を唱えるとき、あなたが複製コストを支払った回数に等しい数だけこれをコピーする。）\n防衛と飛行を持つ青の３/３の奇魔・クリーチャー・トークンを１体戦場に出す。次の終了ステップの開始時に、それを追放する。",
      "originalType": "インスタント",
      "rarity": "Uncommon",
      "text": "Replicate {2}{U} (When you cast this spell, copy it for each time you paid its replicate cost.)\nPut a 3/3 blue Weird creature token with defender and flying onto the battlefield. Exile it at the beginning of the next end step.",
      "type": "Instant",
      "types": [
        "Instant"
      ]
    },
    {
      "artist": "Nottsuo",
      "cmc": 3,
      "colors": [
        "Blue"
      ],
      "id": "31511fdc63517e1e2c2fd143c5128bf58d7f6df2",
      "layout": "normal",
      "manaCost": "{2}{U}",
      "multiverseid": 340253,
      "name": "Vacuumelt",
      "number": "24",
      "originalText": "複製 {2}{U} （あなたがこの呪文を唱えるとき、あなたが複製コストを支払った回数に等しい数だけこれをコピーする。あなたはそれらのコピーの新しい対象を選んでもよい。）\nクリーチャー１体を対象とし、それをオーナーの手札に戻す。",
      "originalType": "ソーサリー",
      "rarity": "Uncommon",
      "text": "Replicate {2}{U} (When you cast this spell, copy it for each time you paid its replicate cost. You may choose new targets for the copies.)\nReturn target creature to its owner's hand.",
      "type": "Sorcery",
      "types": [
        "Sorcery"
      ]
    },
    {
      "artist": "Tomasz Jedruszek",
      "cmc": 3,
      "colors": [
        "Blue"
      ],
      "flavor": "「この忌まわしきものは我々の世界のものではない。単に自由の身にしてやっただけだ。」——霊魔道士、ディールク",
      "id": "1c8271da0505893d31be7b69b70908d715b17a9c",
      "layout": "normal",
      "manaCost": "{1}{U}{U}",
      "multiverseid": 340205,
      "name": "Dissipate",
      "number": "25",
      "originalText": "呪文１つを対象とし、それを打ち消す。その呪文がこれにより打ち消された場合、それをオーナーの墓地に置く代わりに追放する。",
      "originalType": "インスタント",
      "rarity": "Uncommon",
      "text": "Counter target spell. If that spell is countered this way, exile it instead of putting it into its owner's graveyard.",
      "type": "Instant",
      "types": [
        "Instant"
      ]
    },
    {
      "artist": "Alex Horley-Orlandelli",
      "cmc": 3,
      "colors": [
        "Blue",
        "Red"
      ],
      "flavor": "ドワーフは水銀の加工技術を「即興の武器鍛造術」と呼んでいる。",
      "id": "4b475fa763fc5d77a99e3d1af49cac2a5302f3c6",
      "layout": "normal",
      "manaCost": "{1}{U}{R}",
      "multiverseid": 340204,
      "name": "Quicksilver Dagger",
      "number": "26",
      "originalText": "エンチャント（クリーチャー）\nエンチャントされているクリーチャーは「{T}：プレイヤー１人を対象とする。このクリーチャーはそのプレイヤーに１点のダメージを与える。あなたはカードを１枚引く。」の能力を持つ。",
      "originalType": "エンチャント ― — オーラ",
      "rarity": "Common",
      "subtypes": [
        "Aura"
      ],
      "text": "Enchant creature\nEnchanted creature has \"{T}: This creature deals 1 damage to target player. You draw a card.\"",
      "type": "Enchantment — Aura",
      "types": [
        "Enchantment"
      ]
    },
    {
      "artist": "Slawomir Maniak",
      "cmc": 5,
      "colors": [
        "Blue",
        "Red"
      ],
      "id": "8a143484f64df18e99d75932c7a54c3acd65d151",
      "layout": "normal",
      "manaCost": "{3}{U}{R}",
      "multiverseid": 340248,
      "name": "Prophetic Bolt",
      "number": "27",
      "originalText": "クリーチャー１体かプレイヤー１人を対象とする。予言の稲妻はそれに４点のダメージを与える。あなたのライブラリーの一番上から４枚のカードを見る。そのうち１枚をあなたの手札に加え、残りをあなたのライブラリーの一番下に望む順番で置く。",
      "originalType": "インスタント",
      "rarity": "Rare",
      "text": "Prophetic Bolt deals 4 damage to target creature or player. Look at the top four cards of your library. Put one of those cards into your hand and the rest on the bottom of your library in any order.",
      "type": "Instant",
      "types": [
        "Instant"
      ]
    },
    {
      "artist": "Alex Horley-Orlandelli",
      "cmc": 6,
      "colors": [
        "Blue"
      ],
      "flavor": "「脳が痛い。」",
      "id": "a8900914223cba8e0b4fe391244f80d891b6df3a",
      "layout": "normal",
      "manaCost": "{4}{U}{U}",
      "multiverseid": 340206,
      "name": "Overwhelming Intellect",
      "number": "28",
      "originalText": "クリーチャー呪文１つを対象とし、それを打ち消す。その呪文の点数で見たマナ・コストに等しい枚数のカードを引く。",
      "originalType": "インスタント",
      "rarity": "Uncommon",
      "text": "Counter target creature spell. Draw cards equal to that spell's converted mana cost.",
      "type": "Instant",
      "types": [
        "Instant"
      ]
    },
    {
      "artist": "Franz Vohwinkel",
      "cmc": 7,
      "flavor": "その主の最後の呪いが中に閉じ込められている。",
      "id": "c58dd80e89e402a0877fdd9a06e811c465a59c2a",
      "layout": "normal",
      "manaCost": "{7}",
      "multiverseid": 340207,
      "name": "Sphinx-Bone Wand",
      "number": "29",
      "originalText": "あなたがインスタント呪文かソーサリー呪文を１つ唱えるたび、クリーチャー１体かプレイヤー１人を対象とする。あなたはスフィンクスの骨の杖の上に蓄積カウンターを１個置いてもよい。そうした場合、スフィンクスの骨の杖はそれに、スフィンクスの骨の杖の上に置かれている蓄積カウンターの数に等しい点数のダメージを与える。",
      "originalType": "アーティファクト",
      "rarity": "Rare",
      "text": "Whenever you cast an instant or sorcery spell, you may put a charge counter on Sphinx-Bone Wand. If you do, Sphinx-Bone Wand deals damage equal to the number of charge counters on it to target creature or player.",
      "type": "Artifact",
      "types": [
        "Artifact"
      ]
    },
    {
      "artist": "Raymond Swanland",
      "cmc": 1,
      "colors": [
        "Red"
      ],
      "id": "e2554e381d9bad4a1621257222d6bc42bc8f1bb0",
      "layout": "normal",
      "manaCost": "{X}{R}",
      "multiverseid": 340266,
      "name": "Street Spasm",
      "number": "30",
      "originalText": "あなたがコントロールしていない飛行を持たないクリーチャー１体を対象とする。通りのひきつけはそれにＸ点のダメージを与える。超過 {X}{X}{R}{R} （あなたはこの呪文をこれの超過コストで唱えてもよい。そうした場合、通りのひきつけはあなたがコントロールしていない飛行を持たない各クリーチャーにそれぞれＸ点のダメージを与える。）",
      "originalType": "インスタント",
      "rarity": "Uncommon",
      "text": "Street Spasm deals X damage to target creature without flying you don't control.\nOverload {X}{X}{R}{R} (You may cast this spell for its overload cost. If you do, change its text by replacing all instances of \"target\" with \"each.\")",
      "type": "Instant",
      "types": [
        "Instant"
      ]
    },
    {
      "artist": "Zoltan Boros & Gabor Szikszai",
      "cmc": 3,
      "colors": [
        "Blue",
        "Red"
      ],
      "flavor": "火想者に合わせられる者にとっては、知識も炎も違いは無い。",
      "id": "02584294e85e4f2b6b5c5324621668e1f4e6257b",
      "layout": "normal",
      "manaCost": "{X}{U}{U}{R}",
      "multiverseid": 340188,
      "name": "Invoke the Firemind",
      "number": "31",
      "originalText": "以下の２つから１つを選ぶ。「カードをＸ枚引く。」「クリーチャー１体かプレイヤー１人を対象とする。火想者の発動はそれにＸ点のダメージを与える。」",
      "originalType": "ソーサリー",
      "rarity": "Rare",
      "text": "Choose one —\n• Draw X cards.\n• Invoke the Firemind deals X damage to target creature or player.",
      "type": "Sorcery",
      "types": [
        "Sorcery"
      ]
    },
    {
      "artist": "Dan Scott",
      "cmc": 2,
      "colors": [
        "Red"
      ],
      "id": "686a16d1763a7dd6201b53dab9754d659021e1d6",
      "layout": "split",
      "manaCost": "{1}{R}",
      "multiverseid": 340203,
      "name": "Fire",
      "names": [
        "Fire",
        "Ice"
      ],
      "number": "32a",
      "originalText": "クリーチャーやプレイヤーを、１つまたは望む組み合わせで２つ対象とする。火はそれらに、２点のダメージをあなたの好きなように分割して与える。//\n氷\n{1}{U}\nパーマネント１つを対象とし、それをタップする。カードを１枚引く。Dan Scott",
      "originalType": "インスタント",
      "rarity": "Uncommon",
      "text": "Fire deals 2 damage divided as you choose among one or two target creatures and/or players.",
      "type": "Instant",
      "types": [
        "Instant"
      ]
    },
    {
      "artist": "Dan Scott",
      "cmc": 2,
      "colors": [
        "Blue"
      ],
      "id": "41b758f8120361f6343b1ba38df8b09e8d653c00",
      "layout": "split",
      "manaCost": "{1}{U}",
      "multiverseid": 340203,
      "name": "Ice",
      "names": [
        "Fire",
        "Ice"
      ],
      "number": "32b",
      "originalText": "クリーチャーやプレイヤーを、１つまたは望む組み合わせで２つ対象とする。火はそれらに、２点のダメージをあなたの好きなように分割して与える。//\n氷\n{1}{U}\nパーマネント１つを対象とし、それをタップする。カードを１枚引く。Dan Scott",
      "originalType": "インスタント",
      "rarity": "Uncommon",
      "text": "Tap target permanent.\nDraw a card.",
      "type": "Instant",
      "types": [
        "Instant"
      ]
    },
    {
      "artist": "Tony Szczudlo",
      "id": "4fc0074a354460790dba4cf2583dfe4745efeb5e",
      "layout": "normal",
      "multiverseid": 340208,
      "name": "Forgotten Cave",
      "number": "33",
      "originalText": "忘れられた洞窟はタップ状態で戦場に出る。{T}：あなたのマナ・プールに{R}を加える。サイクリング {R} （{R}, このカードを捨てる：カードを１枚引く。）",
      "originalType": "土地",
      "rarity": "Common",
      "text": "Forgotten Cave enters the battlefield tapped.\n{T}: Add {R} to your mana pool.\nCycling {R} ({R}, Discard this card: Draw a card.)",
      "type": "Land",
      "types": [
        "Land"
      ]
    },
    {
      "artist": "John Avon",
      "id": "ff5d2635082d4316fc460074d0d2fd08b8d14dd4",
      "layout": "normal",
      "multiverseid": 340189,
      "name": "Izzet Boilerworks",
      "number": "34",
      "originalText": "イゼットの煮沸場はタップ状態で戦場に出る。イゼットの煮沸場が戦場に出たとき、あなたがコントロールする土地を１つオーナーの手札に戻す。{T}：あなたのマナ・プールに{U}{R}を加える。",
      "originalType": "土地",
      "rarity": "Common",
      "text": "Izzet Boilerworks enters the battlefield tapped.\nWhen Izzet Boilerworks enters the battlefield, return a land you control to its owner's hand.\n{T}: Add {U}{R} to your mana pool.",
      "type": "Land",
      "types": [
        "Land"
      ]
    },
    {
      "artist": "Heather Hudson",
      "id": "8503cbcae2ccc48f8ee4cc64740c9223b92f1558",
      "layout": "normal",
      "multiverseid": 340209,
      "name": "Lonely Sandbar",
      "number": "35",
      "originalText": "孤立した砂州はタップ状態で戦場に出る。{T}：あなたのマナ・プールに{U}を加える。サイクリング {U} （{U}, このカードを捨てる：カードを１枚引く。）",
      "originalType": "土地",
      "rarity": "Common",
      "text": "Lonely Sandbar enters the battlefield tapped.\n{T}: Add {U} to your mana pool.\nCycling {U} ({U}, Discard this card: Draw a card.)",
      "type": "Land",
      "types": [
        "Land"
      ]
    },
    {
      "artist": "Martina Pilcerova",
      "flavor": "ニヴ＝ミゼットの才能と虚栄は、ニヴィックスの鏡の間全体に映りわたっている。",
      "id": "ab87ce817d4a89dca33a53a1870844274bfad171",
      "layout": "normal",
      "multiverseid": 340193,
      "name": "Nivix, Aerie of the Firemind",
      "number": "36",
      "originalText": "{T}：あなたのマナ・プールに{1}を加える。\n{2}{U}{R}, {T}：あなたのライブラリーの一番上のカードを追放する。あなたの次のターンまで、そのカードがインスタントかソーサリーである場合、あなたはそれを唱えてもよい。",
      "originalType": "土地",
      "rarity": "Uncommon",
      "text": "{T}: Add {C} to your mana pool.\n{2}{U}{R}, {T}: Exile the top card of your library. Until your next turn, you may cast that card if it's an instant or sorcery.",
      "type": "Land",
      "types": [
        "Land"
      ]
    },
    {
      "artist": "Richard Wright",
      "id": "1f25cb818198c418325c9da85b958b833a02d0e2",
      "layout": "normal",
      "multiverseid": 340213,
      "name": "Island",
      "number": "40",
      "originalText": "U",
      "originalType": "基本土地 ― — 島",
      "rarity": "Basic Land",
      "subtypes": [
        "Island"
      ],
      "supertypes": [
        "Basic"
      ],
      "type": "Basic Land — Island",
      "types": [
        "Land"
      ]
    },
    {
      "artist": "Richard Wright",
      "id": "cc2680c32207eb36e11ebeab80ae6f8c9f14ae6c",
      "layout": "normal",
      "multiverseid": 340217,
      "name": "Mountain",
      "number": "44",
      "originalText": "R",
      "originalType": "基本土地 ― — 山",
      "rarity": "Basic Land",
      "subtypes": [
        "Mountain"
      ],
      "supertypes": [
        "Basic"
      ],
      "type": "Basic Land — Mountain",
      "types": [
        "Land"
      ]
    },
    {
      "artist": "Svetlin Velinov",
      "cmc": 4,
      "colors": [
        "Black",
        "Green"
      ],
      "id": "b219845bbb0022315def19565dab8c09e1129329",
      "layout": "normal",
      "manaCost": "{B}{B}{G}{G}",
      "multiverseid": 340218,
      "name": "Jarad, Golgari Lich Lord",
      "number": "45",
      "originalText": "ゴルガリの死者の王、ジャラドは、あなたの墓地にあるクリーチャー・カード１枚につき＋１/＋１の修整を受ける。{1}{B}{G}, 他のクリーチャー１体を生け贄に捧げる：各対戦相手はそれぞれ生け贄に捧げられたクリーチャーのパワーに等しい点数のライフを失う。沼１枚と森１枚を生け贄に捧げる：ゴルガリの死者の王、ジャラドをあなたの墓地からあなたの手札に戻す。",
      "originalType": "伝説のクリーチャー ― — ゾンビ・エルフ",
      "power": "2",
      "rarity": "Mythic Rare",
      "subtypes": [
        "Zombie",
        "Elf"
      ],
      "supertypes": [
        "Legendary"
      ],
      "text": "Jarad, Golgari Lich Lord gets +1/+1 for each creature card in your graveyard.\n{1}{B}{G}, Sacrifice another creature: Each opponent loses life equal to the sacrificed creature's power.\nSacrifice a Swamp and a Forest: Return Jarad from your graveyard to your hand.",
      "toughness": "2",
      "type": "Legendary Creature — Zombie Elf",
      "types": [
        "Creature"
      ]
    },
    {
      "artist": "Alex Horley-Orlandelli",
      "cmc": 1,
      "colors": [
        "Black"
      ],
      "flavor": "「彼女を見るがいい。かつては満ち溢れるほど無垢だった。死はこんなにも絞りつくしてしまうのだ……不足分をね。」——サヴラ",
      "id": "714944a4babd81b15a66254c4f0af01e24f8cf1a",
      "layout": "normal",
      "manaCost": "{B}",
      "multiverseid": 340251,
      "name": "Plagued Rusalka",
      "number": "46",
      "originalText": "{B}, クリーチャー１体を生け贄に捧げる：クリーチャー１体を対象とする。それはターン終了時まで－１/－１の修整を受ける。",
      "originalType": "クリーチャー ― — スピリット",
      "power": "1",
      "rarity": "Uncommon",
      "subtypes": [
        "Spirit"
      ],
      "text": "{B}, Sacrifice a creature: Target creature gets -1/-1 until end of turn.",
      "toughness": "1",
      "type": "Creature — Spirit",
      "types": [
        "Creature"
      ]
    },
    {
      "artist": "Justin Sweet",
      "cmc": 1,
      "colors": [
        "Green"
      ],
      "flavor": "そのエルフたちは数世代前に議事会を追われ、ゴルガリの落ちぶれた領地を住処とした。",
      "id": "f3bdaa1e0e51a2e60b69b0a87a6f4f3067335f97",
      "layout": "normal",
      "manaCost": "{G}",
      "multiverseid": 340219,
      "name": "Elves of Deep Shadow",
      "number": "47",
      "originalText": "{T}：あなたのマナ・プールに{B}を加える。深き闇のエルフはあなたに１点のダメージを与える。",
      "originalType": "クリーチャー ― — エルフ・ドルイド",
      "power": "1",
      "rarity": "Common",
      "subtypes": [
        "Elf",
        "Druid"
      ],
      "text": "{T}: Add {B} to your mana pool. Elves of Deep Shadow deals 1 damage to you.",
      "toughness": "1",
      "type": "Creature — Elf Druid",
      "types": [
        "Creature"
      ]
    },
    {
      "artist": "Johann Bodin",
      "cmc": 2,
      "colors": [
        "Black"
      ],
      "id": "38d9cc3560b20fb804765a3fbdf0238222f08b44",
      "layout": "normal",
      "manaCost": "{1}{B}",
      "multiverseid": 340228,
      "name": "Golgari Thug",
      "number": "48",
      "originalText": "ゴルガリの凶漢が死亡したとき、あなたの墓地にあるクリーチャー・カード１枚を対象とし、それをあなたのライブラリーの一番上に置く。発掘 ４ （あなたがカードを引く場合、代わりにあなたのライブラリーの一番上からちょうど４枚のカードをあなたの墓地に置いてもよい。そうした場合、このカードをあなたの墓地からあなたの手札に戻す。そうしなかった場合、カードを引く。）",
      "originalType": "クリーチャー ― — 人間・戦士",
      "power": "1",
      "rarity": "Uncommon",
      "subtypes": [
        "Human",
        "Warrior"
      ],
      "text": "When Golgari Thug dies, put target creature card from your graveyard on top of your library.\nDredge 4 (If you would draw a card, instead you may put exactly four cards from the top of your library into your graveyard. If you do, return this card from your graveyard to your hand. Otherwise, draw a card.)",
      "toughness": "1",
      "type": "Creature — Human Warrior",
      "types": [
        "Creature"
      ]
    },
    {
      "artist": "Carl Critchlow",
      "cmc": 2,
      "colors": [
        "Black"
      ],
      "flavor": "本を食い散らかすのは始まりに過ぎない。次は司書の番だ。",
      "id": "dd9ad24b526dc1e50f7c064d2951ee33b4ed082b",
      "layout": "normal",
      "manaCost": "{1}{B}",
      "multiverseid": 340259,
      "name": "Ravenous Rats",
      "number": "49",
      "originalText": "貪欲なるネズミが戦場に出たとき、対戦相手１人を対象とする。そのプレイヤーはカードを１枚捨てる。",
      "originalType": "クリーチャー ― — ネズミ",
      "power": "1",
      "rarity": "Common",
      "subtypes": [
        "Rat"
      ],
      "text": "When Ravenous Rats enters the battlefield, target opponent discards a card.",
      "toughness": "1",
      "type": "Creature — Rat",
      "types": [
        "Creature"
      ]
    },
    {
      "artist": "Austin Hsu",
      "cmc": 2,
      "colors": [
        "Black"
      ],
      "flavor": "「脚や顎の骨が違っていることもあるが、必ずこの場に現れる。」——死者の王、ザル・アシュール",
      "id": "df5a9a334387af8c3da86505194d0c5602808eaf",
      "layout": "normal",
      "manaCost": "{1}{B}",
      "multiverseid": 340257,
      "name": "Reassembling Skeleton",
      "number": "50",
      "originalText": "{1}{B}：あなたの墓地にある組み直しの骸骨をタップ状態で戦場に戻す。",
      "originalType": "クリーチャー ― — スケルトン・戦士",
      "power": "1",
      "rarity": "Uncommon",
      "subtypes": [
        "Skeleton",
        "Warrior"
      ],
      "text": "{1}{B}: Return Reassembling Skeleton from your graveyard to the battlefield tapped.",
      "toughness": "1",
      "type": "Creature — Skeleton Warrior",
      "types": [
        "Creature"
      ]
    },
    {
      "artist": "Jaime Jones",
      "cmc": 2,
      "colors": [
        "Green"
      ],
      "flavor": "そいつにとって、骨溜まりを見つけるより好ましいのは、そこに骨を足すことだけだ。",
      "id": "caaaa3c0f63821cbbf7e1e27421a6c69973cfb1c",
      "layout": "normal",
      "manaCost": "{1}{G}",
      "multiverseid": 340255,
      "name": "Boneyard Wurm",
      "number": "51",
      "originalText": "骨塚のワームのパワーとタフネスは、それぞれあなたの墓地にあるクリーチャー・カードの総数に等しい。",
      "originalType": "クリーチャー ― — ワーム",
      "power": "*",
      "rarity": "Uncommon",
      "subtypes": [
        "Wurm"
      ],
      "text": "Boneyard Wurm's power and toughness are each equal to the number of creature cards in your graveyard.",
      "toughness": "*",
      "type": "Creature — Wurm",
      "types": [
        "Creature"
      ]
    },
    {
      "artist": "Ryan Pancoast",
      "cmc": 2,
      "colors": [
        "Black",
        "Green"
      ],
      "id": "5f63528edd8be07501b0b8bcdaf6ad9efd759cdb",
      "layout": "normal",
      "manaCost": "{B}{G}",
      "multiverseid": 340270,
      "name": "Korozda Guildmage",
      "number": "52",
      "originalText": "{1}{B}{G}：クリーチャー１体を対象とする。それはターン終了時まで、＋１/＋１の修整を受けるとともに威嚇を得る。{2}{B}{G}, トークンでないクリーチャー１体を生け贄に捧げる：緑の１/１の苗木・クリーチャー・トークンをＸ体戦場に出す。Ｘは、その生け贄に捧げられたクリーチャーのタフネスに等しい。",
      "originalType": "クリーチャー ― — エルフ・シャーマン",
      "power": "2",
      "rarity": "Uncommon",
      "subtypes": [
        "Elf",
        "Shaman"
      ],
      "text": "{1}{B}{G}: Target creature gets +1/+1 and gains intimidate until end of turn. (It can't be blocked except by artifact creatures and/or creatures that share a color with it.)\n{2}{B}{G}, Sacrifice a nontoken creature: Put X 1/1 green Saproling creature tokens onto the battlefield, where X is the sacrificed creature's toughness.",
      "toughness": "2",
      "type": "Creature — Elf Shaman",
      "types": [
        "Creature"
      ]
    },
    {
      "artist": "Dave Allsop",
      "cmc": 2,
      "colors": [
        "Black",
        "Green"
      ],
      "flavor": "ナヤの有り余る食料に対応するため、それは新たな口を作り出した。",
      "id": "99b89f78ab3a214da4109cb52d26f1c1b3f45114",
      "layout": "normal",
      "manaCost": "{B}{G}",
      "multiverseid": 340244,
      "name": "Putrid Leech",
      "number": "53",
      "originalText": "ライフを２点支払う：朽ちゆくヒルはターン終了時まで＋２/＋２の修整を受ける。この能力は、毎ターン１回のみ起動できる。",
      "originalType": "クリーチャー ― — ゾンビ・ヒル",
      "power": "2",
      "rarity": "Common",
      "subtypes": [
        "Zombie",
        "Leech"
      ],
      "text": "Pay 2 life: Putrid Leech gets +2/+2 until end of turn. Activate this ability only once each turn.",
      "toughness": "2",
      "type": "Creature — Zombie Leech",
      "types": [
        "Creature"
      ]
    },
    {
      "artist": "Nils Hamm",
      "cmc": 3,
      "colors": [
        "Black"
      ],
      "id": "75c483463bc849a01952809abe08e1d42c4d6c2d",
      "layout": "normal",
      "manaCost": "{2}{B}",
      "multiverseid": 340231,
      "name": "Stinkweed Imp",
      "number": "54",
      "originalText": "飛行\n臭い草のインプがいずれかのクリーチャーに戦闘ダメージを与えるたび、そのクリーチャーを破壊する。発掘 ５ （あなたがカードを引く場合、代わりにあなたのライブラリーの一番上からちょうど５枚のカードをあなたの墓地に置いてもよい。そうした場合、このカードをあなたの墓地からあなたの手札に戻す。そうしなかった場合、カードを引く。）",
      "originalType": "クリーチャー ― — インプ",
      "power": "1",
      "rarity": "Common",
      "subtypes": [
        "Imp"
      ],
      "text": "Flying\nWhenever Stinkweed Imp deals combat damage to a creature, destroy that creature.\nDredge 5 (If you would draw a card, instead you may put exactly five cards from the top of your library into your graveyard. If you do, return this card from your graveyard to your hand. Otherwise, draw a card.)",
      "toughness": "2",
      "type": "Creature — Imp",
      "types": [
        "Creature"
      ]
    },
    {
      "artist": "Terese Nielsen",
      "cmc": 3,
      "colors": [
        "Green"
      ],
      "flavor": "彼女は語られたすべての言葉を覚えている。それは英雄の誓いから、赤ん坊の泣き声にまで至る。",
      "id": "e4d70f49a01c9cdb871522b170ef1e664a708d6a",
      "layout": "normal",
      "manaCost": "{1}{G}{G}",
      "multiverseid": 340238,
      "name": "Eternal Witness",
      "number": "55",
      "originalText": "永遠の証人が戦場に出たとき、あなたの墓地にあるカード１枚を対象とする。あなたはそれをあなたの手札に戻してもよい。",
      "originalType": "クリーチャー ― — 人間・シャーマン",
      "power": "2",
      "rarity": "Uncommon",
      "subtypes": [
        "Human",
        "Shaman"
      ],
      "text": "When Eternal Witness enters the battlefield, you may return target card from your graveyard to your hand.",
      "toughness": "1",
      "type": "Creature — Human Shaman",
      "types": [
        "Creature"
      ]
    },
    {
      "artist": "Peter Mohrbacher",
      "cmc": 3,
      "colors": [
        "Black",
        "Green"
      ],
      "id": "800ac98bfe4c55779b1a03572bbeb3d2117e5118",
      "layout": "normal",
      "manaCost": "{1}{B}{G}",
      "multiverseid": 340267,
      "name": "Dreg Mangler",
      "number": "56",
      "originalText": "速攻\n活用 {3}{B}{G} （{3}{B}{G}, このカードをあなたの墓地から追放する：クリーチャー１体を対象とし、それの上にこのカードのパワーに等しい数の＋１/＋１カウンターを置く。活用はソーサリーとしてのみ行う。）",
      "originalType": "クリーチャー ― — 植物・ゾンビ",
      "power": "3",
      "rarity": "Uncommon",
      "subtypes": [
        "Plant",
        "Zombie"
      ],
      "text": "Haste\nScavenge {3}{B}{G} ({3}{B}{G}, Exile this card from your graveyard: Put a number of +1/+1 counters equal to this card's power on target creature. Scavenge only as a sorcery.)",
      "toughness": "3",
      "type": "Creature — Plant Zombie",
      "types": [
        "Creature"
      ]
    },
    {
      "artist": "Joel Thomas",
      "cmc": 3,
      "colors": [
        "Black",
        "Green"
      ],
      "id": "f38e979ff938dd5956ee80a20985739989914574",
      "layout": "normal",
      "manaCost": "{1}{B}{G}",
      "multiverseid": 340230,
      "name": "Shambling Shell",
      "number": "57",
      "originalText": "よろめく殻を生け贄に捧げる：クリーチャー１体を対象とし、それの上に＋１/＋１カウンターを１個置く。発掘 ３ （あなたがカードを引く場合、代わりにあなたのライブラリーの一番上からちょうど３枚のカードをあなたの墓地においてもよい。そうした場合、このカードをあなたの墓地からあなたの手札に戻す。そうでない場合、カードを引く。）",
      "originalType": "クリーチャー ― — 植物・ゾンビ",
      "power": "3",
      "rarity": "Common",
      "subtypes": [
        "Plant",
        "Zombie"
      ],
      "text": "Sacrifice Shambling Shell: Put a +1/+1 counter on target creature.\nDredge 3 (If you would draw a card, instead you may put exactly three cards from the top of your library into your graveyard. If you do, return this card from your graveyard to your hand. Otherwise, draw a card.)",
      "toughness": "1",
      "type": "Creature — Plant Zombie",
      "types": [
        "Creature"
      ]
    },
    {
      "artist": "Anthony Jones",
      "cmc": 4,
      "colors": [
        "Black"
      ],
      "id": "2bda5195a4e4b9d6811f5dcdea467bcb990dc273",
      "layout": "normal",
      "manaCost": "{3}{B}",
      "multiverseid": 340256,
      "name": "Brain Weevil",
      "number": "58",
      "originalText": "威嚇（このクリーチャーはアーティファクト・クリーチャーかこれと共通の色を持つクリーチャー以外にはブロックされない。）\n脳ゾウムシを生け贄に捧げる：プレイヤー１人を対象とする。そのプレイヤーはカードを２枚捨てる。この能力は、あなたがソーサリーを唱えられるときにのみ起動できる。",
      "originalType": "クリーチャー ― — 昆虫",
      "power": "1",
      "rarity": "Common",
      "subtypes": [
        "Insect"
      ],
      "text": "Intimidate (This creature can't be blocked except by artifact creatures and/or creatures that share a color with it.)\nSacrifice Brain Weevil: Target player discards two cards. Activate this ability only any time you could cast a sorcery.",
      "toughness": "1",
      "type": "Creature — Insect",
      "types": [
        "Creature"
      ]
    },
    {
      "artist": "Chippy",
      "cmc": 4,
      "colors": [
        "Green"
      ],
      "flavor": "人間にとって最良の苔。",
      "id": "ccfc0aa704c5da7dfa3e601eac5885e4c0c5a9af",
      "layout": "normal",
      "manaCost": "{3}{G}",
      "multiverseid": 340274,
      "name": "Greater Mossdog",
      "number": "59",
      "originalText": "発掘 ３ （あなたがカードを引く場合、代わりにあなたのライブラリーの一番上からちょうど３枚のカードをあなたの墓地に置いてもよい。そうした場合、このカードをあなたの墓地からあなたの手札に戻す。そうしなかった場合、カードを引く。）",
      "originalType": "クリーチャー ― — 植物・猟犬",
      "power": "3",
      "rarity": "Common",
      "subtypes": [
        "Plant",
        "Hound"
      ],
      "text": "Dredge 3 (If you would draw a card, instead you may put exactly three cards from the top of your library into your graveyard. If you do, return this card from your graveyard to your hand. Otherwise, draw a card.)",
      "toughness": "3",
      "type": "Creature — Plant Hound",
      "types": [
        "Creature"
      ]
    },
    {
      "artist": "Greg Hildebrandt",
      "cmc": 5,
      "colors": [
        "Green"
      ],
      "id": "25674b932f66108408f87c9a34bbaa9ce28e703a",
      "layout": "normal",
      "manaCost": "{4}{G}",
      "multiverseid": 340261,
      "name": "Golgari Grave-Troll",
      "number": "60",
      "originalText": "ゴルガリの墓トロールは、あなたの墓地にあるクリーチャー・カード１枚につき１個の＋１/＋１カウンターが置かれた状態で戦場に出る。{1}, ゴルガリの墓トロールの上から＋１/＋１カウンターを１個取り除く：ゴルガリの墓トロールを再生する。発掘 ６",
      "originalType": "クリーチャー ― — スケルトン・トロール",
      "power": "0",
      "rarity": "Rare",
      "subtypes": [
        "Troll",
        "Skeleton"
      ],
      "text": "Golgari Grave-Troll enters the battlefield with a +1/+1 counter on it for each creature card in your graveyard.\n{1}, Remove a +1/+1 counter from Golgari Grave-Troll: Regenerate Golgari Grave-Troll.\nDredge 6 (If you would draw a card, instead you may put exactly six cards from the top of your library into your graveyard. If you do, return this card from your graveyard to your hand. Otherwise, draw a card.)",
      "toughness": "0",
      "type": "Creature — Troll Skeleton",
      "types": [
        "Creature"
      ]
    },
    {
      "artist": "Dave Allsop",
      "cmc": 5,
      "colors": [
        "Green"
      ],
      "flavor": "最も美味しい獲物とは、自分が危険に逢わなくなっていると思い込んだ怠け者だ。",
      "id": "7cd622c5a9bc39c3588f221363f48d378d3e8bf1",
      "layout": "normal",
      "manaCost": "{4}{G}",
      "multiverseid": 340258,
      "name": "Stingerfling Spider",
      "number": "61",
      "originalText": "到達（このクリーチャーは飛行を持つクリーチャーをブロックできる。）\n棘投げの蜘蛛が戦場に出たとき、飛行を持つクリーチャー１体を対象とする。あなたはそれを破壊してもよい。",
      "originalType": "クリーチャー ― — 蜘蛛",
      "power": "2",
      "rarity": "Uncommon",
      "subtypes": [
        "Spider"
      ],
      "text": "Reach\nWhen Stingerfling Spider enters the battlefield, you may destroy target creature with flying.",
      "toughness": "5",
      "type": "Creature — Spider",
      "types": [
        "Creature"
      ]
    },
    {
      "artist": "Paolo Parente",
      "cmc": 5,
      "colors": [
        "Black"
      ],
      "flavor": "「ピットでの勝利は、その勝利をもたらすために私が使った方法と同じぐらいに価値のあることだ。」",
      "id": "9b234d66092044801779c58aff1cadf477d5687c",
      "layout": "normal",
      "manaCost": "{3}{B}{B}",
      "multiverseid": 340263,
      "name": "Sadistic Hypnotist",
      "number": "62",
      "originalText": "クリーチャー１体を生け贄に捧げる：プレイヤー１人を対象とする。そのプレイヤーはカードを２枚捨てる。この能力は、あなたがソーサリーを唱えられるときにのみ起動できる。",
      "originalType": "クリーチャー ― — 人間・ミニオン",
      "power": "2",
      "rarity": "Uncommon",
      "subtypes": [
        "Human",
        "Minion"
      ],
      "text": "Sacrifice a creature: Target player discards two cards. Activate this ability only any time you could cast a sorcery.",
      "toughness": "2",
      "type": "Creature — Human Minion",
      "types": [
        "Creature"
      ]
    },
    {
      "artist": "Wayne England",
      "cmc": 5,
      "colors": [
        "Black",
        "Green"
      ],
      "flavor": "死骸にわく蟲が殻を突き抜けるように、腐れワームは地底街の空虚な骨組みの間を滑りぬけている。",
      "id": "a62eea016803ffa9aa890583efbe9ed4fd09e2f7",
      "layout": "normal",
      "manaCost": "{3}{B}{G}",
      "multiverseid": 340226,
      "name": "Golgari Rotwurm",
      "number": "63",
      "originalText": "{B}, クリーチャーを１体生け贄に捧げる：プレイヤー１人を対象とする。そのプレイヤーは１点のライフを失う。",
      "originalType": "クリーチャー ― — ゾンビ・ワーム",
      "power": "5",
      "rarity": "Common",
      "subtypes": [
        "Zombie",
        "Wurm"
      ],
      "text": "{B}, Sacrifice a creature: Target player loses 1 life.",
      "toughness": "4",
      "type": "Creature — Zombie Wurm",
      "types": [
        "Creature"
      ]
    },
    {
      "artist": "Jeremy Jarvis",
      "cmc": 6,
      "colors": [
        "Black",
        "Green"
      ],
      "id": "f148afd5974a8d0f3326e055d35cc513c3f18b2e",
      "layout": "normal",
      "manaCost": "{3}{B/G}{B/G}{B/G}",
      "multiverseid": 340247,
      "name": "Gleancrawler",
      "number": "64",
      "originalText": "トランプル\nあなたの終了ステップの開始時に、このターンに戦場からあなたの墓地に置かれたすべてのクリーチャー・カードをあなたの手札に戻す。",
      "originalType": "クリーチャー ― — 昆虫・ホラー",
      "power": "6",
      "rarity": "Rare",
      "subtypes": [
        "Insect",
        "Horror"
      ],
      "text": "({B/G} can be paid with either {B} or {G}.)\nTrample\nAt the beginning of your end step, return to your hand all creature cards in your graveyard that were put there from the battlefield this turn.",
      "toughness": "6",
      "type": "Creature — Insect Horror",
      "types": [
        "Creature"
      ]
    },
    {
      "artist": "Dave Allsop",
      "cmc": 7,
      "colors": [
        "Black",
        "Green"
      ],
      "flavor": "それは最も美味なものが自分自身であると気づくまで食らい続ける。",
      "id": "ebb190f0a4dbe32e58e6aa036c223c6006113899",
      "layout": "normal",
      "manaCost": "{4}{B/G}{B/G}{B/G}",
      "multiverseid": 340241,
      "name": "Doomgape",
      "number": "65",
      "originalText": "トランプル\nあなたのアップキープの開始時に、クリーチャーを１体生け贄に捧げる。あなたはそのクリーチャーのタフネスに等しい点数のライフを得る。",
      "originalType": "クリーチャー ― — エレメンタル",
      "power": "10",
      "rarity": "Rare",
      "subtypes": [
        "Elemental"
      ],
      "text": "Trample\nAt the beginning of your upkeep, sacrifice a creature. You gain life equal to that creature's toughness.",
      "toughness": "10",
      "type": "Creature — Elemental",
      "types": [
        "Creature"
      ]
    },
    {
      "artist": "Raoul Vitale",
      "cmc": 2,
      "flavor": "見るものの視点により、その印章が示すものは、自然の巡りを護る名誉ある守護者にも、永遠の生命のために魂を闇に売り渡した者にもなる。",
      "id": "f811a20d8a2c6cd6e8eef357da018fd57f57889b",
      "layout": "normal",
      "manaCost": "{2}",
      "multiverseid": 340227,
      "name": "Golgari Signet",
      "number": "66",
      "originalText": "{1}, {T}：あなたのマナ・プールに{B}{G}を加える。",
      "originalType": "アーティファクト",
      "rarity": "Common",
      "text": "{1}, {T}: Add {B}{G} to your mana pool.",
      "type": "Artifact",
      "types": [
        "Artifact"
      ]
    },
    {
      "artist": "Alan Pollack",
      "cmc": 2,
      "colors": [
        "Black"
      ],
      "flavor": "メルカディア人の中で貧乏で墓が買えない者は、｢食屍鬼の食料品室｣と呼ばれている沼地へ放り込まれる。",
      "id": "f99a4b826759c392ef734ed308b578c483e2f460",
      "layout": "normal",
      "manaCost": "{1}{B}",
      "multiverseid": 340262,
      "name": "Ghoul's Feast",
      "number": "67",
      "originalText": "クリーチャー１体を対象とする。それはターン終了時まで＋X/＋０の修整を受ける。Ｘはあなたの墓地にあるクリーチャー・カードの総数に等しい。",
      "originalType": "インスタント",
      "rarity": "Uncommon",
      "text": "Target creature gets +X/+0 until end of turn, where X is the number of creature cards in your graveyard.",
      "type": "Instant",
      "types": [
        "Instant"
      ]
    },
    {
      "artist": "Paul Bonner",
      "cmc": 2,
      "colors": [
        "Black"
      ],
      "flavor": "悪魔の頸木は、ある意味鎖であり、ある意味首吊り縄である。",
      "id": "52ca4f919b6a1c7193941c56ef89cddaa4991ee7",
      "layout": "normal",
      "manaCost": "{1}{B}",
      "multiverseid": 340276,
      "name": "Yoke of the Damned",
      "number": "68",
      "originalText": "エンチャント（クリーチャー）クリーチャーが１体死亡したとき、エンチャントされているクリーチャーを破壊する。",
      "originalType": "エンチャント ― — オーラ",
      "rarity": "Common",
      "subtypes": [
        "Aura"
      ],
      "text": "Enchant creature\nWhen a creature dies, destroy enchanted creature.",
      "type": "Enchantment — Aura",
      "types": [
        "Enchantment"
      ]
    },
    {
      "artist": "Terese Nielsen",
      "cmc": 2,
      "colors": [
        "Green"
      ],
      "id": "aa3e7b730f6e5cedede5a22e50d4e333d355073e",
      "layout": "normal",
      "manaCost": "{1}{G}",
      "multiverseid": 340264,
      "name": "Life from the Loam",
      "number": "69",
      "originalText": "あなたの墓地にある土地カードを最大３枚まで対象とし、それらをあなたの手札に戻す。発掘 ３ （あなたがカードを引く場合、代わりにあなたのライブラリーの一番上からちょうど３枚のカードをあなたの墓地に置いてもよい。そうした場合、このカードをあなたの墓地からあなたの手札に戻す。そうしなかった場合、カードを引く。）",
      "originalType": "ソーサリー",
      "rarity": "Rare",
      "text": "Return up to three target land cards from your graveyard to your hand.\nDredge 3 (If you would draw a card, instead you may put exactly three cards from the top of your library into your graveyard. If you do, return this card from your graveyard to your hand. Otherwise, draw a card.)",
      "type": "Sorcery",
      "types": [
        "Sorcery"
      ]
    },
    {
      "artist": "Thomas M. Baxa",
      "cmc": 3,
      "colors": [
        "Black",
        "Green"
      ],
      "flavor": "ゴルガリは死体を埋葬しない。植えるのだ。",
      "id": "035fea99689c949ccd54ea56cd358d159b6854bf",
      "layout": "normal",
      "manaCost": "{1}{B}{G}",
      "multiverseid": 340224,
      "name": "Golgari Germination",
      "number": "70",
      "originalText": "あなたがコントロールするトークンでないクリーチャーが１体死亡するたび、緑の１/１の苗木・クリーチャー・トークンを１体戦場に出す。",
      "originalType": "エンチャント",
      "rarity": "Uncommon",
      "text": "Whenever a nontoken creature you control dies, put a 1/1 green Saproling creature token onto the battlefield.",
      "type": "Enchantment",
      "types": [
        "Enchantment"
      ]
    },
    {
      "artist": "Clint Cearley",
      "cmc": 3,
      "colors": [
        "Black",
        "Green"
      ],
      "flavor": "「生きてようが何だろうが、時間が経てば腐るんだ。俺らは単にその速度を速めてるだけだ。」——ゴルガリの腐敗農夫、イーゾック",
      "id": "f0e2d9b42824fd3e7707cc20839d6d8589f850ab",
      "layout": "normal",
      "manaCost": "{1}{B}{G}",
      "multiverseid": 340229,
      "name": "Putrefy",
      "number": "71",
      "originalText": "アーティファクト１つかクリーチャー１体を対象とし、それを破壊する。それは再生できない。",
      "originalType": "インスタント",
      "rarity": "Uncommon",
      "text": "Destroy target artifact or creature. It can't be regenerated.",
      "type": "Instant",
      "types": [
        "Instant"
      ]
    },
    {
      "artist": "Chase Stone",
      "cmc": 4,
      "colors": [
        "Black"
      ],
      "flavor": "「死の恩恵は、生者などには理解できまい。」——トレッサーホーンの守り手、チェスカ",
      "id": "0b808f29984d41fed1595666f5bbd25872b52be9",
      "layout": "normal",
      "manaCost": "{3}{B}",
      "multiverseid": 340260,
      "name": "Feast or Famine",
      "number": "72",
      "originalText": "以下の２つから１つを選ぶ。「黒の２/２のゾンビ・クリーチャー・トークンを１体戦場に出す。」「アーティファクトでも黒でもないクリーチャー１体を対象とし、それを破壊する。それは再生できない。」",
      "originalType": "インスタント",
      "rarity": "Common",
      "text": "Choose one —\n• Put a 2/2 black Zombie creature token onto the battlefield.\n• Destroy target nonartifact, nonblack creature. It can't be regenerated.",
      "type": "Instant",
      "types": [
        "Instant"
      ]
    },
    {
      "artist": "Chippy",
      "cmc": 4,
      "colors": [
        "Black"
      ],
      "id": "9e4a5d03132b92b23bbfb869e77b1b2748050be3",
      "layout": "normal",
      "manaCost": "{3}{B}",
      "multiverseid": 340265,
      "name": "Nightmare Void",
      "number": "73",
      "originalText": "プレイヤー１人を対象とする。そのプレイヤーは自分の手札を公開する。あなたはその中からカードを１枚選ぶ。そのプレイヤーはそのカードを捨てる。発掘 ２ （あなたがカードを引く場合、代わりにあなたのライブラリーの一番上からちょうど２枚のカードをあなたの墓地に置いてもよい。そうした場合、このカードをあなたの墓地からあなたの手札に戻す。そうでない場合、カードを引く。）",
      "originalType": "ソーサリー",
      "rarity": "Uncommon",
      "text": "Target player reveals his or her hand. You choose a card from it. That player discards that card.\nDredge 2 (If you would draw a card, instead you may put exactly two cards from the top of your library into your graveyard. If you do, return this card from your graveyard to your hand. Otherwise, draw a card.)",
      "type": "Sorcery",
      "types": [
        "Sorcery"
      ]
    },
    {
      "artist": "Dan Scott",
      "cmc": 4,
      "colors": [
        "Black"
      ],
      "flavor": "恐怖や弱さが腐れ落ちてしまうと、残るのは生きていた頃より強くなったものだけだ。",
      "id": "0df4b85ed771db2a7383f176fbbe0e6d0279d794",
      "layout": "normal",
      "manaCost": "{2}{B}{B}",
      "multiverseid": 340275,
      "name": "Vigor Mortis",
      "number": "74",
      "originalText": "あなたの墓地にあるクリーチャー・カード１枚を対象とし、それを戦場に戻す。死後剛直を唱えるために{G}が支払われている場合、そのクリーチャーは＋１/＋１カウンターが１個置かれた状態で戦場に出る。",
      "originalType": "ソーサリー",
      "rarity": "Uncommon",
      "text": "Return target creature card from your graveyard to the battlefield. If {G} was spent to cast Vigor Mortis, that creature enters the battlefield with an additional +1/+1 counter on it.",
      "type": "Sorcery",
      "types": [
        "Sorcery"
      ]
    },
    {
      "artist": "Adam Paquette",
      "cmc": 6,
      "colors": [
        "Green"
      ],
      "flavor": "「自然には無駄になるものなどありません。何の役にも立たない、血に飢えた吸血鬼の腐った死体であろうと。」——ウルヴェンワルドのハラナ",
      "id": "61d4ff099bca857c69365f2b916ac79541567aa4",
      "layout": "normal",
      "manaCost": "{5}{G}",
      "multiverseid": 340246,
      "name": "Grim Flowering",
      "number": "75",
      "originalText": "あなたは、あなたの墓地にあるクリーチャー・カード１枚につきカードを１枚引く。",
      "originalType": "ソーサリー",
      "rarity": "Uncommon",
      "text": "Draw a card for each creature card in your graveyard.",
      "type": "Sorcery",
      "types": [
        "Sorcery"
      ]
    },
    {
      "artist": "Mark Romanoski",
      "cmc": 6,
      "colors": [
        "Black"
      ],
      "flavor": "陽は落ち、我らは立ち上がる。——死滅都市に刻まれている言葉",
      "id": "00c4351c3d44deb52741e677ebe85b605b8dbed0",
      "layout": "normal",
      "manaCost": "{4}{B}{B}",
      "multiverseid": 340254,
      "name": "Twilight's Call",
      "number": "76",
      "originalText": "あなたが黄昏の呼び声を唱えるためにさらに{2}を支払うならば、あなたは黄昏の呼び声を、あなたがインスタントを唱えられるときならいつでも唱えてよい。各プレイヤーは、自分の墓地にあるすべてのクリーチャー・カードを戦場に戻す。",
      "originalType": "ソーサリー",
      "rarity": "Rare",
      "text": "You may cast Twilight's Call as though it had flash if you pay {2} more to cast it. (You may cast it any time you could cast an instant.)\nEach player returns all creature cards from his or her graveyard to the battlefield.",
      "type": "Sorcery",
      "types": [
        "Sorcery"
      ]
    },
    {
      "artist": "Ryan Barger",
      "cmc": 1,
      "colors": [
        "Green"
      ],
      "id": "b5acd353843d6b0de6b27b0cde8d654faa560bb1",
      "layout": "split",
      "manaCost": "{G}",
      "multiverseid": 340240,
      "name": "Life",
      "names": [
        "Life",
        "Death"
      ],
      "number": "77a",
      "originalText": "ターン終了時まで、あなたがコントロールするすべての土地は１/１のクリーチャーになる。それらは土地でもある。//\n死\n{1}{B}\nソーサリー\nあなたの墓地にあるクリーチャー・カード１枚を対象とし、それを戦場に戻す。あなたはそれの点数で見たマナ・コストに等しい点数のライフを失う。Ryan Barger",
      "originalType": "ソーサリー",
      "rarity": "Uncommon",
      "text": "All lands you control become 1/1 creatures until end of turn. They're still lands.",
      "type": "Sorcery",
      "types": [
        "Sorcery"
      ]
    },
    {
      "artist": "Ryan Barger",
      "cmc": 2,
      "colors": [
        "Black"
      ],
      "id": "6b5add50799f92cddfe93ba9f7ffb182e801ae3c",
      "layout": "split",
      "manaCost": "{1}{B}",
      "multiverseid": 340240,
      "name": "Death",
      "names": [
        "Life",
        "Death"
      ],
      "number": "77b",
      "originalText": "ターン終了時まで、あなたがコントロールするすべての土地は１/１のクリーチャーになる。それらは土地でもある。//\n死\n{1}{B}\nソーサリー\nあなたの墓地にあるクリーチャー・カード１枚を対象とし、それを戦場に戻す。あなたはそれの点数で見たマナ・コストに等しい点数のライフを失う。Ryan Barger",
      "originalType": "ソーサリー",
      "rarity": "Uncommon",
      "text": "Return target creature card from your graveyard to the battlefield. You lose life equal to its converted mana cost.",
      "type": "Sorcery",
      "types": [
        "Sorcery"
      ]
    },
    {
      "artist": "Heather Hudson",
      "id": "f2b4d5333bd6a365ddb3e03749a6bd2e5aedfc57",
      "layout": "normal",
      "multiverseid": 340237,
      "name": "Barren Moor",
      "number": "78",
      "originalText": "やせた原野はタップ状態で戦場に出る。{T}：あなたのマナ・プールに{B}を加える。サイクリング {B} （{B}, このカードを捨てる：カードを１枚引く。）",
      "originalType": "土地",
      "rarity": "Common",
      "text": "Barren Moor enters the battlefield tapped.\n{T}: Add {B} to your mana pool.\nCycling {B} ({B}, Discard this card: Draw a card.)",
      "type": "Land",
      "types": [
        "Land"
      ]
    },
    {
      "artist": "John Avon",
      "id": "3fba48bd4087a7c7dec3a019f0d109bb2cdbe28b",
      "layout": "normal",
      "multiverseid": 340242,
      "name": "Dakmor Salvage",
      "number": "79",
      "originalText": "ダクムーアの回収場はタップ状態で戦場に出る。{T}：あなたのマナ・プールに{B}を加える。発掘 ２ （あなたがカードを引く場合、代わりにあなたのライブラリーの一番上からちょうど２枚のカードをあなたの墓地に置いてもよい。そうした場合、このカードをあなたの墓地からあなたの手札に戻す。そうしなかった場合、カードを引く。）",
      "originalType": "土地",
      "rarity": "Uncommon",
      "text": "Dakmor Salvage enters the battlefield tapped.\n{T}: Add {B} to your mana pool.\nDredge 2 (If you would draw a card, instead you may put exactly two cards from the top of your library into your graveyard. If you do, return this card from your graveyard to your hand. Otherwise, draw a card.)",
      "type": "Land",
      "types": [
        "Land"
      ]
    },
    {
      "artist": "John Avon",
      "id": "60a5848a642cabad59df3636fd1221a35fc255fb",
      "layout": "normal",
      "multiverseid": 340225,
      "name": "Golgari Rot Farm",
      "number": "80",
      "originalText": "ゴルガリの腐敗農場はタップ状態で戦場に出る。ゴルガリの腐敗農場が戦場に出たとき、あなたがコントロールする土地を１つオーナーの手札に戻す。{T}：あなたのマナ・プールに{B}{G}を加える。",
      "originalType": "土地",
      "rarity": "Common",
      "text": "Golgari Rot Farm enters the battlefield tapped.\nWhen Golgari Rot Farm enters the battlefield, return a land you control to its owner's hand.\n{T}: Add {B}{G} to your mana pool.",
      "type": "Land",
      "types": [
        "Land"
      ]
    },
    {
      "artist": "Martina Pilcerova",
      "id": "8ac1131293298f81944eb3a92c2140c53dcfe68c",
      "layout": "normal",
      "multiverseid": 340232,
      "name": "Svogthos, the Restless Tomb",
      "number": "81",
      "originalText": "{T}：あなたのマナ・プールに{1}を加える。\n{3}{B}{G}：ターン終了時まで、安息の無い墓、スヴォグトースは「このクリーチャーのパワーとタフネスは、それぞれあなたの墓地にあるクリーチャー・カードの総数に等しい」の能力を持つ黒であり緑である植物・ゾンビ・クリーチャーになる。これは土地でもある。",
      "originalType": "土地",
      "rarity": "Uncommon",
      "text": "{T}: Add {C} to your mana pool.\n{3}{B}{G}: Until end of turn, Svogthos, the Restless Tomb becomes a black and green Plant Zombie creature with \"This creature's power and toughness are each equal to the number of creature cards in your graveyard.\" It's still a land.",
      "type": "Land",
      "types": [
        "Land"
      ]
    },
    {
      "artist": "Heather Hudson",
      "id": "8eba33b7f7fc3f0eef4f56557f16d0968906a0c7",
      "layout": "normal",
      "multiverseid": 340239,
      "name": "Tranquil Thicket",
      "number": "82",
      "originalText": "平穏な茂みはタップ状態で戦場に出る。{T}：あなたのマナ・プールに{G}を加える。サイクリング {G} （{G}, このカードを捨てる：カードを１枚引く。）",
      "originalType": "土地",
      "rarity": "Common",
      "text": "Tranquil Thicket enters the battlefield tapped.\n{T}: Add {G} to your mana pool.\nCycling {G} ({G}, Discard this card: Draw a card.)",
      "type": "Land",
      "types": [
        "Land"
      ]
    },
    {
      "artist": "Richard Wright",
      "id": "6a8f4e0da7ec6f7c9bb2529ec2f1bbe8cd252dd2",
      "layout": "normal",
      "multiverseid": 340236,
      "name": "Swamp",
      "number": "86",
      "originalText": "B",
      "originalType": "基本土地 ― — 沼",
      "rarity": "Basic Land",
      "subtypes": [
        "Swamp"
      ],
      "supertypes": [
        "Basic"
      ],
      "type": "Basic Land — Swamp",
      "types": [
        "Land"
      ]
    },
    {
      "artist": "Richard Wright",
      "id": "0998218112c2e5514e1a78f6ca2a1548455ee897",
      "layout": "normal",
      "multiverseid": 340223,
      "name": "Forest",
      "number": "90",
      "originalText": "G",
      "originalType": "基本土地 ― — 森",
      "rarity": "Basic Land",
      "subtypes": [
        "Forest"
      ],
      "supertypes": [
        "Basic"
      ],
      "type": "Basic Land — Forest",
      "types": [
        "Land"
      ]
    }
  ]
}