{
  "name": "Duel Decks: Blessed vs. Cursed",
  "code": "DDQ",
  "language": "jp",
  "cards": [
    {
      "artist": "Daarken",
      "cmc": 3,
      "colors": [
        "White",
        "Blue"
      ],
      "id": "ac23a661ae2980f5462494c52cde470cbfe37b91",
      "layout": "normal",
      "manaCost": "{1}{W}{U}",
      "multiverseid": 409657,
      "name": "聖トラフトの霊",
      "number": "1",
      "originalText": "呪禁（このクリーチャーは、対戦相手がコントロールする呪文や能力の対象にならない。）\n聖トラフトの霊が攻撃するたび、飛行を持つ白の４/４の天使・クリーチャー・トークンを１体、タップ状態かつ攻撃している状態で戦場に出す。戦闘終了時に、そのトークンを追放する。",
      "originalType": "伝説のクリーチャー ― — スピリット・クレリック",
      "power": "2",
      "rarity": "Mythic Rare",
      "subtypes": [
        "Spirit",
        "Cleric"
      ],
      "supertypes": [
        "Legendary"
      ],
      "text": "Hexproof (This creature can't be the target of spells or abilities your opponents control.)\nWhenever Geist of Saint Traft attacks, put a 4/4 white Angel creature token with flying onto the battlefield tapped and attacking. Exile that token at end of combat.",
      "toughness": "2",
      "type": "Legendary Creature — Spirit Cleric",
      "types": [
        "Creature"
      ]
    },
    {
      "artist": "Steve Argyle",
      "cmc": 2,
      "colors": [
        "White"
      ],
      "flavor": "「破壊し得ぬ物は縛られるであろう。」\n——アヴァシンの誓約",
      "id": "96be755b45b98dbbc7efd480ce13ae6830a9ab3b",
      "layout": "normal",
      "manaCost": "{1}{W}",
      "multiverseid": 409658,
      "name": "信仰の縛め",
      "number": "2",
      "originalText": "エンチャント（クリーチャー）\nエンチャントされているクリーチャーは、それが人間であるかぎり＋２/＋２の修整を受ける。そうでないかぎり、それでは攻撃したりブロックしたりできない。",
      "originalType": "エンチャント ― — オーラ",
      "rarity": "Common",
      "subtypes": [
        "Aura"
      ],
      "text": "Enchant creature\nEnchanted creature gets +2/+2 as long as it's a Human. Otherwise, it can't attack or block.",
      "type": "Enchantment — Aura",
      "types": [
        "Enchantment"
      ]
    },
    {
      "artist": "Michael C. Hayes",
      "cmc": 1,
      "colors": [
        "White"
      ],
      "flavor": "「悪はほどなく征伐されるでしょう。イニストラードに今もっとも必要なのは癒しです。」",
      "id": "a02a7ac2433b429d72cc7093ff940511f2bb09c8",
      "layout": "normal",
      "manaCost": "{W}",
      "multiverseid": 409659,
      "name": "大聖堂の聖別者",
      "number": "3",
      "originalText": "大聖堂の聖別者が戦場に出たとき、あなたは３点のライフを得る。",
      "originalType": "クリーチャー ― — 人間・クレリック",
      "power": "1",
      "rarity": "Common",
      "subtypes": [
        "Human",
        "Cleric"
      ],
      "text": "When Cathedral Sanctifier enters the battlefield, you gain 3 life.",
      "toughness": "1",
      "type": "Creature — Human Cleric",
      "types": [
        "Creature"
      ]
    },
    {
      "artist": "Svetlin Velinov",
      "cmc": 1,
      "colors": [
        "White"
      ],
      "flavor": "「私はこの町の靴屋や皮職人や愚か者のために戦う——そして、彼らも私のために戦ってくれる。」",
      "id": "02206744da70edc107d126fd6d0dea23c7446b6b",
      "layout": "normal",
      "manaCost": "{W}",
      "multiverseid": 409660,
      "name": "教区の勇者",
      "number": "4",
      "originalText": "他の人間が１体あなたのコントロール下で戦場に出るたび、教区の勇者の上に＋１/＋１カウンターを１個置く。",
      "originalType": "クリーチャー ― — 人間・兵士",
      "power": "1",
      "rarity": "Rare",
      "subtypes": [
        "Human",
        "Soldier"
      ],
      "text": "Whenever another Human enters the battlefield under your control, put a +1/+1 counter on Champion of the Parish.",
      "toughness": "1",
      "type": "Creature — Human Soldier",
      "types": [
        "Creature"
      ]
    },
    {
      "artist": "Peter Mohrbacher",
      "cmc": 3,
      "colors": [
        "White"
      ],
      "flavor": "死はそれを後悔の鎖で縛る。それは永遠に贖罪を求め続け、善行一つが鎖の輪を一つ取り除く。",
      "id": "4143f7a6ed94e452e0c09571f10538710b9953a4",
      "layout": "normal",
      "manaCost": "{1}{W}{W}",
      "multiverseid": 409661,
      "name": "礼拝堂の霊",
      "number": "5",
      "originalText": "飛行",
      "originalType": "クリーチャー ― — スピリット",
      "power": "2",
      "rarity": "Common",
      "subtypes": [
        "Spirit"
      ],
      "text": "Flying",
      "toughness": "3",
      "type": "Creature — Spirit",
      "types": [
        "Creature"
      ]
    },
    {
      "artist": "Daniel Ljunggren",
      "cmc": 6,
      "colors": [
        "White"
      ],
      "flavor": "「我らの祖先を忘れてはならぬ。彼らは我々を忘れてはおらぬ。」\n——月皇ミケウス",
      "id": "fc63c158c1670138c62c10c4c7396f6602d541a0",
      "layout": "normal",
      "manaCost": "{4}{W}{W}",
      "multiverseid": 409662,
      "name": "安らかに旅立つ者",
      "number": "6",
      "originalText": "飛行\n安らかに旅立つ者があなたの墓地にあるかぎり、あなたがコントロールする各人間・クリーチャーは、＋１/＋１カウンターが追加で１個置かれた状態で戦場に出る。",
      "originalType": "クリーチャー ― — スピリット",
      "power": "5",
      "rarity": "Rare",
      "subtypes": [
        "Spirit"
      ],
      "text": "Flying\nAs long as Dearly Departed is in your graveyard, each Human creature you control enters the battlefield with an additional +1/+1 counter on it.",
      "toughness": "5",
      "type": "Creature — Spirit",
      "types": [
        "Creature"
      ]
    },
    {
      "artist": "Lars Grant-West",
      "cmc": 1,
      "colors": [
        "White"
      ],
      "flavor": "彼は目的地に着くまで決して休まないことを誓った。それがどれだけ正しいことなのかはわかっていない。",
      "id": "03a37b20f8820d7b0eef841cb6db1dcb441ce175",
      "layout": "normal",
      "manaCost": "{W}",
      "multiverseid": 409663,
      "name": "宿命の旅人",
      "number": "7",
      "originalText": "宿命の旅人が死亡したとき、飛行を持つ白の１/１のスピリット・クリーチャー・トークンを１体戦場に出す。",
      "originalType": "クリーチャー ― — 人間・兵士",
      "power": "1",
      "rarity": "Common",
      "subtypes": [
        "Human",
        "Soldier"
      ],
      "text": "When Doomed Traveler dies, put a 1/1 white Spirit creature token with flying onto the battlefield.",
      "toughness": "1",
      "type": "Creature — Human Soldier",
      "types": [
        "Creature"
      ]
    },
    {
      "artist": "Svetlin Velinov",
      "cmc": 3,
      "colors": [
        "White"
      ],
      "flavor": "存在と忘却の境界は、人々が思うより僅かである。",
      "id": "feeea02ad0d30a7da05b87802955906fc72a9510",
      "layout": "normal",
      "manaCost": "{2}{W}",
      "multiverseid": 409664,
      "name": "奇妙な幕間",
      "number": "8",
      "originalText": "あなたがコントロールする望む数のクリーチャーを対象とし、それらを追放する。次の終了ステップの開始時に、それらのカードをオーナーのコントロール下で戦場に戻す。",
      "originalType": "インスタント",
      "rarity": "Rare",
      "text": "Exile any number of target creatures you control. Return those cards to the battlefield under their owner's control at the beginning of the next end step.",
      "type": "Instant",
      "types": [
        "Instant"
      ]
    },
    {
      "artist": "Chris Rahn",
      "cmc": 3,
      "colors": [
        "White"
      ],
      "flavor": "「私の一番の望みは、お前が全ての面で私を追い越し、私の名を歴史の片隅に埋もれさせてしまうことだ。」",
      "id": "a63e9318472821b2c0f0e848df3217d8eef36e4f",
      "layout": "normal",
      "manaCost": "{2}{W}",
      "multiverseid": 409665,
      "name": "上座の聖戦士",
      "number": "9",
      "originalText": "上座の聖戦士が死亡したとき、あなたがコントロールするクリーチャー１体を対象とし、それの上に＋１/＋１カウンターを１個置く。そのクリーチャーが人間であるなら、代わりにそれの上に＋１/＋１カウンターを２個置く。",
      "originalType": "クリーチャー ― — 人間・兵士",
      "power": "2",
      "rarity": "Common",
      "subtypes": [
        "Human",
        "Soldier"
      ],
      "text": "When Elder Cathar dies, put a +1/+1 counter on target creature you control. If that creature is a Human, put two +1/+1 counters on it instead.",
      "toughness": "2",
      "type": "Creature — Human Soldier",
      "types": [
        "Creature"
      ]
    },
    {
      "artist": "Scott Chou",
      "cmc": 3,
      "colors": [
        "White"
      ],
      "flavor": "「あなたは最善を尽くしました。もうお休みになって結構です。」",
      "id": "bb32c9edcd6cfa19605f70b133d6e9ae21c86393",
      "layout": "normal",
      "manaCost": "{1}{W}{W}",
      "multiverseid": 409666,
      "name": "解放の天使",
      "number": "10",
      "originalText": "飛行\n解放の天使が戦場に出たとき、あなたがコントロールするパーマネント１つをオーナーの手札に戻す。",
      "originalType": "クリーチャー ― — 天使",
      "power": "3",
      "rarity": "Uncommon",
      "subtypes": [
        "Angel"
      ],
      "text": "Flying\nWhen Emancipation Angel enters the battlefield, return a permanent you control to its owner's hand.",
      "toughness": "3",
      "type": "Creature — Angel",
      "types": [
        "Creature"
      ]
    },
    {
      "artist": "Wayne Reynolds",
      "cmc": 3,
      "colors": [
        "White"
      ],
      "id": "ee263a0742cd643ba34bfe7276e0133f590b1b38",
      "layout": "normal",
      "manaCost": "{1}{W}{W}",
      "multiverseid": 409667,
      "name": "悪鬼の狩人",
      "number": "11",
      "originalText": "悪鬼の狩人が戦場に出たとき、他のクリーチャー１体を対象とする。あなたはそれを追放してもよい。\n悪鬼の狩人が戦場を離れたとき、その追放されたカードをオーナーのコントロール下で戦場に戻す。",
      "originalType": "クリーチャー ― — 人間・クレリック",
      "power": "1",
      "rarity": "Uncommon",
      "subtypes": [
        "Human",
        "Cleric"
      ],
      "text": "When Fiend Hunter enters the battlefield, you may exile another target creature.\nWhen Fiend Hunter leaves the battlefield, return the exiled card to the battlefield under its owner's control.",
      "toughness": "3",
      "type": "Creature — Human Cleric",
      "types": [
        "Creature"
      ]
    },
    {
      "artist": "Dan Scott",
      "cmc": 2,
      "colors": [
        "White"
      ],
      "flavor": "彼らが失った仲間への想いの中には、街を守るために必要な力がある。",
      "id": "76cea306c0f3ef3445545d8f44e716625f9d52e6",
      "layout": "normal",
      "manaCost": "{1}{W}",
      "multiverseid": 409668,
      "name": "町民の結集",
      "number": "12",
      "originalText": "白の１/１の人間・クリーチャー・トークンを２体戦場に出す。\n窮地 — あなたのライフが５点以下であるなら、代わりにそれらのトークンを５体戦場に出す。",
      "originalType": "ソーサリー",
      "rarity": "Common",
      "text": "Put two 1/1 white Human creature tokens onto the battlefield.\nFateful hour — If you have 5 or less life, put five of those tokens onto the battlefield instead.",
      "type": "Sorcery",
      "types": [
        "Sorcery"
      ]
    },
    {
      "artist": "Karl Kopinski",
      "cmc": 6,
      "colors": [
        "White"
      ],
      "flavor": "その苦難には一節たりとも触れることなく、聖体はアヴァシンの帰還を歌いあげる。",
      "id": "32f851052fce973dead6917042315e9682156078",
      "layout": "normal",
      "manaCost": "{4}{W}{W}",
      "multiverseid": 409669,
      "name": "黄金夜の救い手",
      "number": "13",
      "originalText": "飛行\n黄金夜の救い手が戦場に出たとき、あなたはあなたがコントロールする他のクリーチャー１体につき２点のライフを得る。",
      "originalType": "クリーチャー ― — 天使",
      "power": "4",
      "rarity": "Uncommon",
      "subtypes": [
        "Angel"
      ],
      "text": "Flying\nWhen Goldnight Redeemer enters the battlefield, you gain 2 life for each other creature you control.",
      "toughness": "4",
      "type": "Creature — Angel",
      "types": [
        "Creature"
      ]
    },
    {
      "artist": "Daniel Ljunggren",
      "cmc": 5,
      "colors": [
        "White"
      ],
      "id": "ec6ac22dd82f1d2536c79a923732c40b5eb651e7",
      "layout": "normal",
      "manaCost": "{3}{W}{W}",
      "multiverseid": 409670,
      "name": "高まる献身",
      "number": "14",
      "originalText": "白の１/１の人間・クリーチャー・トークンを５体戦場に出す。高まる献身が墓地から唱えられたなら、代わりにそれらのトークンを10体戦場に出す。\nフラッシュバック{7}{W}{W}（あなたはあなたの墓地から、このカードをこれのフラッシュバック・コストで唱えてもよい。その後、これを追放する。）",
      "originalType": "ソーサリー",
      "rarity": "Rare",
      "text": "Put five 1/1 white Human creature tokens onto the battlefield. If Increasing Devotion was cast from a graveyard, put ten of those tokens onto the battlefield instead.\nFlashback {7}{W}{W} (You may cast this card from your graveyard for its flashback cost. Then exile it.)",
      "type": "Sorcery",
      "types": [
        "Sorcery"
      ]
    },
    {
      "artist": "Evan Shipard",
      "cmc": 2,
      "colors": [
        "White"
      ],
      "id": "bd2b0d168abc55b61c5666d977c3f5c92cb12420",
      "layout": "normal",
      "manaCost": "{1}{W}",
      "multiverseid": 409671,
      "name": "一瞬の瞬き",
      "number": "15",
      "originalText": "あなたがコントロールするクリーチャー１体を対象とし、それを追放する。その後それをオーナーのコントロール下で戦場に戻す。\nフラッシュバック{3}{U}（あなたはあなたの墓地から、このカードをこれのフラッシュバック・コストで唱えてもよい。その後、これを追放する。）",
      "originalType": "インスタント",
      "rarity": "Common",
      "text": "Exile target creature you control, then return it to the battlefield under its owner's control.\nFlashback {3}{U} (You may cast this card from your graveyard for its flashback cost. Then exile it.)",
      "type": "Instant",
      "types": [
        "Instant"
      ]
    },
    {
      "artist": "David Palumbo",
      "cmc": 2,
      "colors": [
        "White"
      ],
      "flavor": "審問官が教わるのは経典と哲学、そして斧を研ぎ澄ませる業である。",
      "id": "b45c920100a83f24e2d961afcac8c467cec906a4",
      "layout": "normal",
      "manaCost": "{1}{W}",
      "multiverseid": 409672,
      "name": "ムーアランドの審問官",
      "number": "16",
      "originalText": "{2}{W}：ターン終了時まで、ムーアランドの審問官は先制攻撃を得る。",
      "originalType": "クリーチャー ― — 人間・兵士",
      "power": "2",
      "rarity": "Common",
      "subtypes": [
        "Human",
        "Soldier"
      ],
      "text": "{2}{W}: Moorland Inquisitor gains first strike until end of turn.",
      "toughness": "2",
      "type": "Creature — Human Soldier",
      "types": [
        "Creature"
      ]
    },
    {
      "artist": "Igor Kieryluk",
      "cmc": 3,
      "colors": [
        "White"
      ],
      "flavor": "「望んでスカーブに縫い合わされた者などいません。言葉が話せるなら、自らの破滅を請うでしょう。」\n——聖戦騎士、サリア",
      "id": "ebdd963e3c373e93eb83974851d333d85045f8c6",
      "layout": "normal",
      "manaCost": "{2}{W}",
      "multiverseid": 409673,
      "name": "叱責",
      "number": "17",
      "originalText": "攻撃クリーチャー１体を対象とし、それを破壊する。",
      "originalType": "インスタント",
      "rarity": "Common",
      "text": "Destroy target attacking creature.",
      "type": "Instant",
      "types": [
        "Instant"
      ]
    },
    {
      "artist": "Anthony Palumbo",
      "cmc": 4,
      "colors": [
        "White"
      ],
      "flavor": "彼の獲物の首の数々は見たくないだろう。",
      "id": "3d8711a1adf19cc4430d4a30a072e7698c91a85d",
      "layout": "normal",
      "manaCost": "{3}{W}",
      "multiverseid": 409674,
      "name": "忌まわしきものの処刑者",
      "number": "18",
      "originalText": "忌まわしきものの処刑者が戦場に出たとき、吸血鬼１体か狼男１体かゾンビ１体を対象とする。あなたはそれを破壊してもよい。",
      "originalType": "クリーチャー ― — 人間・兵士",
      "power": "3",
      "rarity": "Uncommon",
      "subtypes": [
        "Human",
        "Soldier"
      ],
      "text": "When Slayer of the Wicked enters the battlefield, you may destroy target Vampire, Werewolf, or Zombie.",
      "toughness": "2",
      "type": "Creature — Human Soldier",
      "types": [
        "Creature"
      ]
    },
    {
      "artist": "Wayne England",
      "cmc": 5,
      "colors": [
        "White"
      ],
      "id": "0fb273313371b103323952e28e8411b0f3a331ea",
      "layout": "normal",
      "manaCost": "{4}{W}",
      "multiverseid": 409675,
      "name": "幽体の門護衛",
      "number": "19",
      "originalText": "結魂（このクリーチャーか他のまだ組になっていないクリーチャーが戦場に出たとき、あなたはそれらを組にしてもよい。それらのクリーチャーは、あなたがその両方をコントロールし続けるかぎり組である。）\n幽体の門護衛が他のクリーチャーと組になっているかぎり、両方のクリーチャーは警戒を持つ。",
      "originalType": "クリーチャー ― — スピリット・兵士",
      "power": "2",
      "rarity": "Common",
      "subtypes": [
        "Spirit",
        "Soldier"
      ],
      "text": "Soulbond (You may pair this creature with another unpaired creature when either enters the battlefield. They remain paired for as long as you control both of them.)\nAs long as Spectral Gateguards is paired with another creature, both creatures have vigilance.",
      "toughness": "5",
      "type": "Creature — Spirit Soldier",
      "types": [
        "Creature"
      ]
    },
    {
      "artist": "James Ryman",
      "cmc": 2,
      "colors": [
        "White"
      ],
      "flavor": "「死者を焼くことを非難するならさせておけばいい。グール呼びどもに、これ以上奴らの狂気の燃料を与える訳にはいかん。」",
      "id": "5e8cb98894145f6db59e322085e76003e5a5208d",
      "layout": "normal",
      "manaCost": "{1}{W}",
      "multiverseid": 409676,
      "name": "スレイベンの異端者",
      "number": "20",
      "originalText": "{T}：いずれかの墓地からクリーチャー・カード１枚を対象とし、それを追放する。",
      "originalType": "クリーチャー ― — 人間・ウィザード",
      "power": "2",
      "rarity": "Uncommon",
      "subtypes": [
        "Human",
        "Wizard"
      ],
      "text": "{T}: Exile target creature card from a graveyard.",
      "toughness": "2",
      "type": "Creature — Human Wizard",
      "types": [
        "Creature"
      ]
    },
    {
      "artist": "Seb McKinnon",
      "cmc": 1,
      "colors": [
        "White"
      ],
      "id": "1935d78dde18a8bdb66725d32e3321d80898ee78",
      "layout": "normal",
      "manaCost": "{W}",
      "multiverseid": 409677,
      "name": "倒し霊",
      "number": "21",
      "originalText": "飛行\n倒し霊が戦場に出たとき、対戦相手がコントロールするクリーチャー１体を対象とし、それをタップする。\n昂揚 — 各対戦相手のアップキープの開始時に、あなたの墓地にあるカードにカード・タイプが合計４種類以上含まれる場合、そのプレイヤーがコントロールするクリーチャー１体を対象とし、それをタップする。",
      "originalType": "クリーチャー ― — スピリット",
      "power": "1",
      "rarity": "Uncommon",
      "subtypes": [
        "Spirit"
      ],
      "text": "Flying\nWhen Topplegeist enters the battlefield, tap target creature an opponent controls.\nDelirium — At the beginning of each opponent's upkeep, if there are four or more card types among cards in your graveyard, tap target creature that player controls.",
      "toughness": "1",
      "type": "Creature — Spirit",
      "types": [
        "Creature"
      ]
    },
    {
      "artist": "David Palumbo",
      "cmc": 3,
      "colors": [
        "White"
      ],
      "flavor": "「僧よ、狩人よ、処刑者よ——武器を取れ！敵が近づいているぞ！」",
      "id": "4aa2b1fd34292b52afebb5e86b2b784cf4d37a4c",
      "layout": "normal",
      "manaCost": "{2}{W}",
      "multiverseid": 409678,
      "name": "村の鐘鳴らし",
      "number": "22",
      "originalText": "瞬速（あなたはこの呪文を、あなたがインスタントを唱えられるときならいつでも唱えてよい。）\n村の鐘鳴らしが戦場に出たとき、あなたがコントロールするすべてのクリーチャーをアンタップする。",
      "originalType": "クリーチャー ― — 人間・スカウト",
      "power": "1",
      "rarity": "Common",
      "subtypes": [
        "Human",
        "Scout"
      ],
      "text": "Flash (You may cast this spell any time you could cast an instant.)\nWhen Village Bell-Ringer enters the battlefield, untap all creatures you control.",
      "toughness": "4",
      "type": "Creature — Human Scout",
      "types": [
        "Creature"
      ]
    },
    {
      "artist": "Igor Kieryluk",
      "cmc": 6,
      "colors": [
        "White"
      ],
      "flavor": "彼女の角笛はイニストラード中に響き、正しき者達の心を奮い立たせた。",
      "id": "8c7ea8f4c4ff2d3820917b80a0f045b8774f3f6d",
      "layout": "normal",
      "manaCost": "{4}{W}{W}",
      "multiverseid": 409679,
      "name": "州民の声",
      "number": "23",
      "originalText": "飛行\n州民の声が戦場に出たとき、白の１/１の人間・クリーチャー・トークンを１体戦場に出す。",
      "originalType": "クリーチャー ― — 天使",
      "power": "3",
      "rarity": "Common",
      "subtypes": [
        "Angel"
      ],
      "text": "Flying\nWhen Voice of the Provinces enters the battlefield, put a 1/1 white Human creature token onto the battlefield.",
      "toughness": "3",
      "type": "Creature — Angel",
      "types": [
        "Creature"
      ]
    },
    {
      "artist": "Allen Williams",
      "cmc": 3,
      "colors": [
        "Blue"
      ],
      "flavor": "「俺は単なる船長じゃねえ。北風は俺の仲間。潮流は俺の航海士なのさ。」",
      "id": "7d5eaa24ff694d53efaf1c36c56b7dbdee914486",
      "layout": "normal",
      "manaCost": "{2}{U}",
      "multiverseid": 409680,
      "name": "霧の海の船長",
      "number": "24",
      "originalText": "他の人間が１体あなたのコントロール下で戦場に出るたび、霧の海の船長をアンタップする。\n{1}{U}, {T}：パーマネント１つを対象とする。あなたはそれをタップまたはアンタップしてもよい。",
      "originalType": "クリーチャー ― — 人間・ウィザード",
      "power": "2",
      "rarity": "Rare",
      "subtypes": [
        "Human",
        "Wizard"
      ],
      "text": "Whenever another Human enters the battlefield under your control, untap Captain of the Mists.\n{1}{U}, {T}: You may tap or untap target permanent.",
      "toughness": "3",
      "type": "Creature — Human Wizard",
      "types": [
        "Creature"
      ]
    },
    {
      "artist": "Jason Chan",
      "cmc": 5,
      "colors": [
        "Blue"
      ],
      "flavor": "「グールが扉を叩き壊したんです。でもグリフの呼び声が聞こえてきて、それで私らは救われたと分かりました。」\n——ハンウィアーの商店主、エッカ",
      "id": "c43d147113a7162a98251f580f4662ec7ae05db9",
      "layout": "normal",
      "manaCost": "{4}{U}",
      "multiverseid": 409681,
      "name": "グリフの先兵",
      "number": "25",
      "originalText": "飛行\nグリフの先兵が戦場に出たとき、カードを１枚引く。",
      "originalType": "クリーチャー ― — 人間・騎士",
      "power": "3",
      "rarity": "Common",
      "subtypes": [
        "Human",
        "Knight"
      ],
      "text": "Flying\nWhen Gryff Vanguard enters the battlefield, draw a card.",
      "toughness": "2",
      "type": "Creature — Human Knight",
      "types": [
        "Creature"
      ]
    },
    {
      "artist": "John Avon",
      "cmc": 4,
      "colors": [
        "Blue"
      ],
      "flavor": "「鴉を見たら丘へ急げよ。あいつは幽霊潮が迫るのが分かるんだ。」\n——ネファリアの漁師、スヴェド",
      "id": "3402ea6b736f9d301936937873c9e8aaa65c3677",
      "layout": "normal",
      "manaCost": "{2}{U}{U}",
      "multiverseid": 409682,
      "name": "霧鴉",
      "number": "26",
      "originalText": "飛行\n霧鴉が戦場に出たとき、クリーチャー１体を対象とし、それをオーナーの手札に戻す。",
      "originalType": "クリーチャー ― — 鳥",
      "power": "2",
      "rarity": "Common",
      "subtypes": [
        "Bird"
      ],
      "text": "Flying\nWhen Mist Raven enters the battlefield, return target creature to its owner's hand.",
      "toughness": "2",
      "type": "Creature — Bird",
      "types": [
        "Creature"
      ]
    },
    {
      "artist": "Matt Stewart",
      "cmc": 1,
      "colors": [
        "Blue"
      ],
      "flavor": "「うちの御者連中は信頼できるぜ。俺がこの手で舌を抜いたからな。他に知りたいことは？」",
      "id": "bdbf5bf857c874f11a4492a3c14c681fc02bde66",
      "layout": "normal",
      "manaCost": "{U}",
      "multiverseid": 409683,
      "name": "ネファリアの密輸人",
      "number": "27",
      "originalText": "{3}{U}, {T}：あなたがコントロールする他のクリーチャー１体を対象とし、それを追放する。その後そのカードをあなたのコントロール下で戦場に戻す。",
      "originalType": "クリーチャー ― — 人間・ならず者",
      "power": "1",
      "rarity": "Uncommon",
      "subtypes": [
        "Human",
        "Rogue"
      ],
      "text": "{3}{U}, {T}: Exile another target creature you control, then return that card to the battlefield under your control.",
      "toughness": "1",
      "type": "Creature — Human Rogue",
      "types": [
        "Creature"
      ]
    },
    {
      "artist": "Magali Villeneuve",
      "cmc": 5,
      "colors": [
        "Blue"
      ],
      "flavor": "「『マルコフ荘園の運命がこれらの謎の石と関係しているのは間違いない……』どうやらタミヨウは何かを知っていたようだ。」",
      "id": "fb783a1f324d62bef8475f347e9247623655824b",
      "layout": "normal",
      "manaCost": "{3}{U}{U}",
      "multiverseid": 409684,
      "name": "熟読",
      "number": "28",
      "originalText": "カードを３枚引き、土地を最大２つアンタップし、その後カードを１枚捨てる。",
      "originalType": "ソーサリー",
      "rarity": "Uncommon",
      "text": "Draw three cards, untap up to two lands, then discard a card.",
      "type": "Sorcery",
      "types": [
        "Sorcery"
      ]
    },
    {
      "artist": "Kev Walker",
      "cmc": 3,
      "colors": [
        "Blue"
      ],
      "id": "1f75d0ca7fab12d857a620464334ad074273733f",
      "layout": "normal",
      "manaCost": "{2}{U}",
      "multiverseid": 409685,
      "name": "二人組の見張り番",
      "number": "29",
      "originalText": "結魂（このクリーチャーか他のまだ組になっていないクリーチャーが戦場に出たとき、あなたはそれらを組にしてもよい。それらのクリーチャーは、あなたがその両方をコントロールし続けるかぎり組である。）\n二人組の見張り番が他のクリーチャーと組になっているかぎり、両方のクリーチャーはそれぞれ「このクリーチャーが対戦相手１人にダメージを与えるたび、カードを１枚引く。」を持つ。",
      "originalType": "クリーチャー ― — 人間・スカウト",
      "power": "2",
      "rarity": "Uncommon",
      "subtypes": [
        "Human",
        "Scout"
      ],
      "text": "Soulbond (You may pair this creature with another unpaired creature when either enters the battlefield. They remain paired for as long as you control both of them.)\nAs long as Tandem Lookout is paired with another creature, each of those creatures has \"Whenever this creature deals damage to an opponent, draw a card.\"",
      "toughness": "1",
      "type": "Creature — Human Scout",
      "types": [
        "Creature"
      ]
    },
    {
      "artist": "Izzy",
      "cmc": 4,
      "colors": [
        "Blue"
      ],
      "flavor": "ジェンリクの塔に仕えているのは、招かれざるままに入る術を求めた者達だ。",
      "id": "436ce8d00154a736d2bf49b6adf2494bc5888db8",
      "layout": "normal",
      "manaCost": "{3}{U}",
      "multiverseid": 409686,
      "name": "塔の霊",
      "number": "30",
      "originalText": "飛行\n塔の霊が戦場に出たとき、あなたのライブラリーの一番上から２枚のカードを見る。そのうち１枚をあなたの手札に加え、もう１枚をあなたの墓地に置く。",
      "originalType": "クリーチャー ― — スピリット",
      "power": "2",
      "rarity": "Uncommon",
      "subtypes": [
        "Spirit"
      ],
      "text": "Flying\nWhen Tower Geist enters the battlefield, look at the top two cards of your library. Put one of them into your hand and the other into your graveyard.",
      "toughness": "2",
      "type": "Creature — Spirit",
      "types": [
        "Creature"
      ]
    },
    {
      "artist": "Jason Felix",
      "cmc": 3,
      "flavor": "スレイベンに守られている外では、道具と武器の間にはほとんど違いが無い。",
      "id": "337c41bf36e930af7a47619302dd091c1a3f156c",
      "layout": "normal",
      "manaCost": "{3}",
      "multiverseid": 409687,
      "name": "肉屋の包丁",
      "number": "31",
      "originalText": "装備しているクリーチャーは＋３/＋０の修整を受ける。\n装備しているクリーチャーが人間であるかぎり、それは絆魂を持つ。\n装備{3}",
      "originalType": "アーティファクト ― — 装備品",
      "rarity": "Uncommon",
      "subtypes": [
        "Equipment"
      ],
      "text": "Equipped creature gets +3/+0.\nAs long as equipped creature is a Human, it has lifelink.\nEquip {3}",
      "type": "Artifact — Equipment",
      "types": [
        "Artifact"
      ]
    },
    {
      "artist": "Winona Nelson",
      "cmc": 2,
      "flavor": "誰もが祝福された銀の剣を持っているわけではない。誰もがそれを必要としているわけでもないが。",
      "id": "88b0acbb6c670ce6622b043158eb49c76d1e6bce",
      "layout": "normal",
      "manaCost": "{2}",
      "multiverseid": 409688,
      "name": "とがった三つ叉",
      "number": "32",
      "originalText": "装備しているクリーチャーは先制攻撃を持つ。\n装備しているクリーチャーが人間であるかぎり、それは＋１/＋１の修整を受ける。\n装備{1}",
      "originalType": "アーティファクト ― — 装備品",
      "rarity": "Uncommon",
      "subtypes": [
        "Equipment"
      ],
      "text": "Equipped creature has first strike.\nAs long as equipped creature is a Human, it gets +1/+1.\nEquip {1}",
      "type": "Artifact — Equipment",
      "types": [
        "Artifact"
      ]
    },
    {
      "artist": "David Palumbo",
      "id": "d613e735b946dd15cb900f68da539ec28ca597f9",
      "layout": "normal",
      "multiverseid": 409689,
      "name": "熾天使の聖域",
      "number": "33",
      "originalText": "熾天使の聖域が戦場に出たとき、あなたは１点のライフを得る。\n天使が１体あなたのコントロール下で戦場に出るたび、あなたは１点のライフを得る。\n{T}：あなたのマナ・プールに{C}を加える。",
      "originalType": "土地",
      "rarity": "Common",
      "text": "When Seraph Sanctuary enters the battlefield, you gain 1 life.\nWhenever an Angel enters the battlefield under your control, you gain 1 life.\n{T}: Add {C} to your mana pool.",
      "type": "Land",
      "types": [
        "Land"
      ]
    },
    {
      "artist": "John Avon",
      "id": "18f9f50e9f336a85a6fd51163ff9b942888a1ce6",
      "layout": "normal",
      "multiverseid": 409690,
      "name": "平穏な入り江",
      "number": "34",
      "originalText": "平穏な入り江はタップ状態で戦場に出る。\n平穏な入り江が戦場に出たとき、あなたは１点のライフを得る。\n{T}：あなたのマナ・プールに{W}か{U}を加える。",
      "originalType": "土地",
      "rarity": "Common",
      "text": "Tranquil Cove enters the battlefield tapped.\nWhen Tranquil Cove enters the battlefield, you gain 1 life.\n{T}: Add {W} or {U} to your mana pool.",
      "type": "Land",
      "types": [
        "Land"
      ]
    },
    {
      "artist": "Eytan Zana",
      "id": "8c141b26a68c1ae39daffbcafddc6c749692f382",
      "layout": "normal",
      "multiverseid": 409696,
      "name": "平地",
      "number": "40",
      "originalText": "W",
      "originalType": "基本土地 ― — 平地",
      "rarity": "Basic Land",
      "subtypes": [
        "Plains"
      ],
      "supertypes": [
        "Basic"
      ],
      "type": "Basic Land — Plains",
      "types": [
        "Land"
      ]
    },
    {
      "artist": "Daarken",
      "cmc": 4,
      "colors": [
        "Black"
      ],
      "id": "5f74f3b2a28a6977439f066c9713230d02caee46",
      "layout": "normal",
      "manaCost": "{2}{B}{B}",
      "multiverseid": 409697,
      "name": "精神壊しの悪魔",
      "number": "41",
      "originalText": "飛行、トランプル\n精神壊しの悪魔が戦場に出たとき、あなたのライブラリーの一番上から４枚のカードをあなたの墓地に置く。\n昂揚 — あなたのアップキープの開始時に、あなたの墓地にあるカードにカード・タイプが合計４種類以上含まれるのでないかぎり、あなたは４点のライフを失う。",
      "originalType": "クリーチャー ― — デーモン",
      "power": "4",
      "rarity": "Mythic Rare",
      "subtypes": [
        "Demon"
      ],
      "text": "Flying, trample\nWhen Mindwrack Demon enters the battlefield, put the top four cards of your library into your graveyard.\nDelirium — At the beginning of your upkeep, you lose 4 life unless there are four or more card types among cards in your graveyard.",
      "toughness": "5",
      "type": "Creature — Demon",
      "types": [
        "Creature"
      ]
    },
    {
      "artist": "Seb McKinnon",
      "cmc": 2,
      "colors": [
        "Blue"
      ],
      "flavor": "「おもてなしは、これくらいに。」",
      "id": "e003ff29bbfd38a4a5e58dd568b275c8eb441bad",
      "layout": "normal",
      "manaCost": "{1}{U}",
      "multiverseid": 409698,
      "name": "抗えない抑止",
      "number": "42",
      "originalText": "土地でないパーマネント１つを対象とし、それをオーナーの手札に戻す。あなたがゾンビをコントロールしているなら、その後そのプレイヤーはカードを１枚捨てる。",
      "originalType": "インスタント",
      "rarity": "Uncommon",
      "text": "Return target nonland permanent to its owner's hand. Then that player discards a card if you control a Zombie.",
      "type": "Instant",
      "types": [
        "Instant"
      ]
    },
    {
      "artist": "David Rapoza",
      "cmc": 3,
      "colors": [
        "Blue"
      ],
      "id": "9c9a7d317d7081644ecb772199c8c38024741555",
      "layout": "normal",
      "manaCost": "{2}{U}",
      "multiverseid": 409699,
      "name": "禁忌の錬金術",
      "number": "43",
      "originalText": "あなたのライブラリーの一番上から４枚のカードを見る。そのうち１枚をあなたの手札に加え、残りをあなたの墓地に置く。\nフラッシュバック{6}{B}（あなたはあなたの墓地から、このカードをこれのフラッシュバック・コストで唱えてもよい。その後、これを追放する。）",
      "originalType": "インスタント",
      "rarity": "Common",
      "text": "Look at the top four cards of your library. Put one of them into your hand and the rest into your graveyard.\nFlashback {6}{B} (You may cast this card from your graveyard for its flashback cost. Then exile it.)",
      "type": "Instant",
      "types": [
        "Instant"
      ]
    },
    {
      "artist": "Bud Cook",
      "cmc": 4,
      "colors": [
        "Blue"
      ],
      "flavor": "「死体はかくも多く、時間はかくも少ない。」",
      "id": "ff62d081725e920a04a40d0a38f245c1db130bd1",
      "layout": "normal",
      "manaCost": "{2}{U}{U}",
      "multiverseid": 409700,
      "name": "ヘイヴングルのルーン縛り",
      "number": "44",
      "originalText": "{2}{U}, {T}, あなたの墓地からクリーチャー・カードを１枚追放する：黒の２/２のゾンビ・クリーチャー・トークンを１体戦場に出し、その後あなたがコントロールする各ゾンビ・クリーチャーの上にそれぞれ＋１/＋１カウンターを１個置く。",
      "originalType": "クリーチャー ― — 人間・ウィザード",
      "power": "2",
      "rarity": "Rare",
      "subtypes": [
        "Human",
        "Wizard"
      ],
      "text": "{2}{U}, {T}, Exile a creature card from your graveyard: Put a 2/2 black Zombie creature token onto the battlefield, then put a +1/+1 counter on each Zombie creature you control.",
      "toughness": "2",
      "type": "Creature — Human Wizard",
      "types": [
        "Creature"
      ]
    },
    {
      "artist": "James Ryman",
      "cmc": 4,
      "colors": [
        "Blue"
      ],
      "flavor": "「人々が何故こんな使えそうなものを捨てるのか、いつも理解に苦しむな。」\n——屍錬金術師、ルーデヴィック",
      "id": "4491e0f6082e84cf99c62e79cf8a20187df88f59",
      "layout": "normal",
      "manaCost": "{3}{U}",
      "multiverseid": 409701,
      "name": "その場しのぎのやっかいもの",
      "number": "45",
      "originalText": "その場しのぎのやっかいものを唱えるための追加コストとして、あなたの墓地からクリーチャー・カードを１枚追放する。",
      "originalType": "クリーチャー ― — ゾンビ・ホラー",
      "power": "4",
      "rarity": "Common",
      "subtypes": [
        "Zombie",
        "Horror"
      ],
      "text": "As an additional cost to cast Makeshift Mauler, exile a creature card from your graveyard.",
      "toughness": "5",
      "type": "Creature — Zombie Horror",
      "types": [
        "Creature"
      ]
    },
    {
      "artist": "Karl Kopinski",
      "cmc": 5,
      "colors": [
        "Blue"
      ],
      "id": "ceafb3f73dd920e6e4cbb9dccf56cd7164e1896e",
      "layout": "normal",
      "manaCost": "{3}{U}{U}",
      "multiverseid": 409702,
      "name": "執拗なスカーブ",
      "number": "46",
      "originalText": "執拗なスカーブを唱えるための追加コストとして、あなたの墓地からクリーチャー・カードを１枚追放する。\n不死（このクリーチャーが死亡したとき、これの上に＋１/＋１カウンターが置かれていなかったなら、これを＋１/＋１カウンターが１個置かれた状態でオーナーのコントロール下で戦場に戻す。）",
      "originalType": "クリーチャー ― — ゾンビ",
      "power": "4",
      "rarity": "Uncommon",
      "subtypes": [
        "Zombie"
      ],
      "text": "As an additional cost to cast Relentless Skaabs, exile a creature card from your graveyard.\nUndying (When this creature dies, if it had no +1/+1 counters on it, return it to the battlefield under its owner's control with a +1/+1 counter on it.)",
      "toughness": "4",
      "type": "Creature — Zombie",
      "types": [
        "Creature"
      ]
    },
    {
      "artist": "Kev Walker",
      "cmc": 3,
      "colors": [
        "Blue"
      ],
      "flavor": "「聖戦士達が下で私のスカーブを殺したようだ。その剣がどれほどの高さまで届くか見てやろうじゃないか。」\n——屍錬金術師、ルーデヴィック",
      "id": "085eaa4d1818e1c3b006f27a418af3cc732d87bc",
      "layout": "normal",
      "manaCost": "{2}{U}",
      "multiverseid": 409703,
      "name": "屑肌のドレイク",
      "number": "47",
      "originalText": "飛行\n屑肌のドレイクは飛行を持つクリーチャーのみをブロックできる。",
      "originalType": "クリーチャー ― — ゾンビ・ドレイク",
      "power": "2",
      "rarity": "Common",
      "subtypes": [
        "Zombie",
        "Drake"
      ],
      "text": "Flying (This creature can't be blocked except by creatures with flying or reach.)\nScrapskin Drake can block only creatures with flying.",
      "toughness": "3",
      "type": "Creature — Zombie Drake",
      "types": [
        "Creature"
      ]
    },
    {
      "artist": "Clint Cearley",
      "cmc": 2,
      "colors": [
        "Blue"
      ],
      "flavor": "その叫び声は、お前が正気を失う音だ。",
      "id": "47ed9c9f39f31ba894f8d50f4f1815094e549529",
      "layout": "normal",
      "manaCost": "{1}{U}",
      "multiverseid": 409704,
      "name": "金切り声のスカーブ",
      "number": "48",
      "originalText": "金切り声のスカーブが戦場に出たとき、あなたのライブラリーの一番上から２枚のカードをあなたの墓地に置く。",
      "originalType": "クリーチャー ― — ゾンビ",
      "power": "2",
      "rarity": "Common",
      "subtypes": [
        "Zombie"
      ],
      "text": "When Screeching Skaab enters the battlefield, put the top two cards of your library into your graveyard.",
      "toughness": "1",
      "type": "Creature — Zombie",
      "types": [
        "Creature"
      ]
    },
    {
      "artist": "Chris Rahn",
      "cmc": 3,
      "colors": [
        "Blue"
      ],
      "flavor": "「最高のスカーブは、その部品全部を集めたよりも強力で美しい。」\n——縫い師、ゲラルフ",
      "id": "ac38a7305159e6ecd73941c0071bb100ef956ed4",
      "layout": "normal",
      "manaCost": "{1}{U}{U}",
      "multiverseid": 409705,
      "name": "縫い合わせのドレイク",
      "number": "49",
      "originalText": "縫い合わせのドレイクを唱えるための追加コストとして、あなたの墓地からクリーチャー・カードを１枚追放する。\n飛行",
      "originalType": "クリーチャー ― — ゾンビ・ドレイク",
      "power": "3",
      "rarity": "Common",
      "subtypes": [
        "Zombie",
        "Drake"
      ],
      "text": "As an additional cost to cast Stitched Drake, exile a creature card from your graveyard.\nFlying",
      "toughness": "4",
      "type": "Creature — Zombie Drake",
      "types": [
        "Creature"
      ]
    },
    {
      "artist": "Volkan Baga",
      "cmc": 4,
      "colors": [
        "Black"
      ],
      "flavor": "死は彼の人間性を奪ったが、包丁使いの腕までは奪わなかった。",
      "id": "2f55d04cf9af4ef906e542532ad2624d7c43a484",
      "layout": "normal",
      "manaCost": "{3}{B}",
      "multiverseid": 409706,
      "name": "肉切り屋のグール",
      "number": "50",
      "originalText": "先制攻撃\nこのターンに肉切り屋のグールからダメージを与えられたクリーチャーが１体死亡するたび、あなたはそのクリーチャーのタフネスに等しい点数のライフを得る。",
      "originalType": "クリーチャー ― — ゾンビ",
      "power": "3",
      "rarity": "Uncommon",
      "subtypes": [
        "Zombie"
      ],
      "text": "First strike\nWhenever a creature dealt damage by Abattoir Ghoul this turn dies, you gain life equal to that creature's toughness.",
      "toughness": "2",
      "type": "Creature — Zombie",
      "types": [
        "Creature"
      ]
    },
    {
      "artist": "Michael C. Hayes",
      "cmc": 1,
      "colors": [
        "Black"
      ],
      "flavor": "桃と同じで、一口目が一番美味い。",
      "id": "8cc221b2234acdfed85ccffdf12490fc2bbb4b9b",
      "layout": "normal",
      "manaCost": "{B}",
      "multiverseid": 409707,
      "name": "脳食願望",
      "number": "51",
      "originalText": "対戦相手１人を対象とする。そのプレイヤーは自分の手札を公開する。あなたはその中から点数で見たマナ・コストが４以上のカードを１枚選び、そのカードを追放する。",
      "originalType": "ソーサリー",
      "rarity": "Uncommon",
      "text": "Target opponent reveals his or her hand. You choose a card from it with converted mana cost 4 or greater and exile that card.",
      "type": "Sorcery",
      "types": [
        "Sorcery"
      ]
    },
    {
      "artist": "Eric Deschamps",
      "cmc": 4,
      "colors": [
        "Black"
      ],
      "flavor": "「我らは皆、イニストラードのために犠牲を払わねばならない。」\n——ソリン・マルコフ",
      "id": "9b2616afc7b1100cf7119f767abf4d35e414aba7",
      "layout": "normal",
      "manaCost": "{2}{B}{B}",
      "multiverseid": 409708,
      "name": "血のやりとり",
      "number": "52",
      "originalText": "各プレイヤーはそれぞれ、クリーチャーを２体生け贄に捧げる。",
      "originalType": "ソーサリー",
      "rarity": "Uncommon",
      "text": "Each player sacrifices two creatures.",
      "type": "Sorcery",
      "types": [
        "Sorcery"
      ]
    },
    {
      "artist": "Christopher Moeller",
      "cmc": 2,
      "colors": [
        "Black"
      ],
      "flavor": "精神がないから、死を恐れない。魂がないから、平気で殺す。",
      "id": "e3fa04a972b596fe3ec4c9de4fd84b7b4c47ac13",
      "layout": "normal",
      "manaCost": "{1}{B}",
      "multiverseid": 409709,
      "name": "グールの解体人",
      "number": "53",
      "originalText": "不死（このクリーチャーが死亡したとき、これの上に＋１/＋１カウンターが置かれていなかったなら、これを＋１/＋１カウンターが１個置かれた状態でオーナーのコントロール下で戦場に戻す。）",
      "originalType": "クリーチャー ― — ゾンビ",
      "power": "1",
      "rarity": "Common",
      "subtypes": [
        "Zombie"
      ],
      "text": "Undying (When this creature dies, if it had no +1/+1 counters on it, return it to the battlefield under its owner's control with a +1/+1 counter on it.)",
      "toughness": "1",
      "type": "Creature — Zombie",
      "types": [
        "Creature"
      ]
    },
    {
      "artist": "Dave Kendall",
      "cmc": 1,
      "colors": [
        "Black"
      ],
      "flavor": "「少なくとも、こいつはまだ腕も脚もある。まあ、脚の大部分だがな。」\n——ネファリアのグール呼び、エンスロウ",
      "id": "a282ed0c1c135c68cdb85e27fb2b1aeeace2c5b9",
      "layout": "normal",
      "manaCost": "{B}",
      "multiverseid": 409710,
      "name": "戦墓のグール",
      "number": "54",
      "originalText": "戦墓のグールはタップ状態で戦場に出る。",
      "originalType": "クリーチャー ― — ゾンビ",
      "power": "2",
      "rarity": "Uncommon",
      "subtypes": [
        "Zombie"
      ],
      "text": "Diregraf Ghoul enters the battlefield tapped.",
      "toughness": "2",
      "type": "Creature — Zombie",
      "types": [
        "Creature"
      ]
    },
    {
      "artist": "Svetlin Velinov",
      "cmc": 4,
      "colors": [
        "Black"
      ],
      "flavor": "戻りたいという気持ちが、生きていたいという気持ちを上回ることがある。",
      "id": "b55fa3533452c98d290c7d1b29bce03a4b491c59",
      "layout": "normal",
      "manaCost": "{2}{B}{B}",
      "multiverseid": 409711,
      "name": "戦慄の復活",
      "number": "55",
      "originalText": "あなたの墓地からクリーチャー・カード１枚を対象とし、それを戦場に戻す。\nフラッシュバック — クリーチャーを３体生け贄に捧げる。（あなたはあなたの墓地から、このカードをこれのフラッシュバック・コストで唱えてもよい。その後、これを追放する。）",
      "originalType": "ソーサリー",
      "rarity": "Uncommon",
      "text": "Return target creature card from your graveyard to the battlefield.\nFlashback—Sacrifice three creatures. (You may cast this card from your graveyard for its flashback cost. Then exile it.)",
      "type": "Sorcery",
      "types": [
        "Sorcery"
      ]
    },
    {
      "artist": "James Ryman",
      "cmc": 4,
      "colors": [
        "Black"
      ],
      "flavor": "聖戦士に屋敷を焼かれ、先祖代々の餌場を追われた吸血鬼の一部は、死体売買に身をやつすこととなった。",
      "id": "476180852411f8233a4d7abc2f22531963f0a894",
      "layout": "normal",
      "manaCost": "{3}{B}",
      "multiverseid": 409712,
      "name": "死体の運び屋",
      "number": "56",
      "originalText": "死体の運び屋が死亡したとき、あなたの墓地から点数で見たマナ・コストが２以下のクリーチャー・カード１枚を対象とし、それを戦場に戻す。",
      "originalType": "クリーチャー ― — 吸血鬼",
      "power": "3",
      "rarity": "Common",
      "subtypes": [
        "Vampire"
      ],
      "text": "When Driver of the Dead dies, return target creature card with converted mana cost 2 or less from your graveyard to the battlefield.",
      "toughness": "2",
      "type": "Creature — Vampire",
      "types": [
        "Creature"
      ]
    },
    {
      "artist": "Slawomir Maniak",
      "cmc": 4,
      "colors": [
        "Black"
      ],
      "flavor": "「私は常々考えるのだ。私の餌食に選ばれたことで、奴らがどれだけ喜ぶべきなのかということを。」",
      "id": "345decf9984c88956b3a625ff9f2417009c6da5c",
      "layout": "normal",
      "manaCost": "{3}{B}",
      "multiverseid": 409713,
      "name": "ファルケンラスの貴族",
      "number": "57",
      "originalText": "飛行\nファルケンラスの貴族か他のクリーチャーが１体死亡するたび、プレイヤー１人を対象とする。そのプレイヤーは１点のライフを失い、あなたは１点のライフを得る。",
      "originalType": "クリーチャー ― — 吸血鬼",
      "power": "2",
      "rarity": "Uncommon",
      "subtypes": [
        "Vampire"
      ],
      "text": "Flying\nWhenever Falkenrath Noble or another creature dies, target player loses 1 life and you gain 1 life.",
      "toughness": "2",
      "type": "Creature — Vampire",
      "types": [
        "Creature"
      ]
    },
    {
      "artist": "Steve Prescott",
      "cmc": 3,
      "colors": [
        "Black"
      ],
      "flavor": "「来たれ。同胞を連れてこい。今宵、お前は生者の肉を楽しむであろう。」\n——ネファリアのグール呼び、ジャダー",
      "id": "5b52ecb86ae6245b54cb7b75238e017dde84e7c1",
      "layout": "normal",
      "manaCost": "{1}{B}{B}",
      "multiverseid": 409714,
      "name": "グール起こし",
      "number": "58",
      "originalText": "グール起こしが戦場に出たとき、あなたの墓地からゾンビ・カードを１枚無作為に選んであなたの手札に戻す。",
      "originalType": "クリーチャー ― — ゾンビ",
      "power": "2",
      "rarity": "Common",
      "subtypes": [
        "Zombie"
      ],
      "text": "When Ghoulraiser enters the battlefield, return a Zombie card at random from your graveyard to your hand.",
      "toughness": "2",
      "type": "Creature — Zombie",
      "types": [
        "Creature"
      ]
    },
    {
      "artist": "Steven Belledin",
      "cmc": 1,
      "colors": [
        "Black"
      ],
      "flavor": "「イニストラードのグール呼びにも才能はあるけど、本当の力を持った者が生み出すものを見せてやるよ。」\n——リリアナ・ヴェス",
      "id": "9985423c805ec7c9ab92da3059aa027f04606586",
      "layout": "normal",
      "manaCost": "{B}",
      "multiverseid": 409715,
      "name": "墓所這い",
      "number": "59",
      "originalText": "墓所這いではブロックできない。\nあなたは、あなたがゾンビをコントロールしているかぎり、墓所這いをあなたの墓地から唱えてもよい。",
      "originalType": "クリーチャー ― — ゾンビ",
      "power": "2",
      "rarity": "Rare",
      "subtypes": [
        "Zombie"
      ],
      "text": "Gravecrawler can't block.\nYou may cast Gravecrawler from your graveyard as long as you control a Zombie.",
      "toughness": "1",
      "type": "Creature — Zombie",
      "types": [
        "Creature"
      ]
    },
    {
      "artist": "Slawomir Maniak",
      "cmc": 6,
      "colors": [
        "Black"
      ],
      "flavor": "「彼は裁判官であり、陪審員であり、執行人だ。その全員を彼が殺したのだからな。」\n——エルゴードのカール司教",
      "id": "993458ca31b804cf77093f86d4a8397bd1676840",
      "layout": "normal",
      "manaCost": "{4}{B}{B}",
      "multiverseid": 409716,
      "name": "魂の収穫者",
      "number": "60",
      "originalText": "接死\n他のトークンでないクリーチャーが１体死亡するたび、あなたはカードを１枚引いてもよい。",
      "originalType": "クリーチャー ― — デーモン",
      "power": "5",
      "rarity": "Rare",
      "subtypes": [
        "Demon"
      ],
      "text": "Deathtouch\nWhenever another nontoken creature dies, you may draw a card.",
      "toughness": "5",
      "type": "Creature — Demon",
      "types": [
        "Creature"
      ]
    },
    {
      "artist": "David Palumbo",
      "cmc": 1,
      "colors": [
        "Black"
      ],
      "flavor": "「私は百もの定命の血筋が栄えては滅びるのを見届けてきたわ。あと千の血筋よりも生き永らえてみせましょう。」\n——オリヴィア・ヴォルダーレン",
      "id": "9507631adcea7828c191d73e8e040a073020ef82",
      "layout": "normal",
      "manaCost": "{B}",
      "multiverseid": 409717,
      "name": "人間の脆さ",
      "number": "61",
      "originalText": "人間・クリーチャー１体を対象とし、それを破壊する。",
      "originalType": "インスタント",
      "rarity": "Uncommon",
      "text": "Destroy target Human creature.",
      "type": "Instant",
      "types": [
        "Instant"
      ]
    },
    {
      "artist": "Nils Hamm",
      "cmc": 4,
      "colors": [
        "Black"
      ],
      "flavor": "グールにとって、すべての村は御馳走であり、すべての災害は再会である。",
      "id": "0da8069e11a479665f0103e013ce0b4cbec6717b",
      "layout": "normal",
      "manaCost": "{2}{B}{B}",
      "multiverseid": 409718,
      "name": "神聖を汚す者のうめき",
      "number": "62",
      "originalText": "黒の２/２のゾンビ・クリーチャー・トークンを２体戦場に出す。\nフラッシュバック{5}{B}{B}（あなたはあなたの墓地から、このカードをこれのフラッシュバック・コストで唱えてもよい。その後、これを追放する。）",
      "originalType": "ソーサリー",
      "rarity": "Uncommon",
      "text": "Put two 2/2 black Zombie creature tokens onto the battlefield.\nFlashback {5}{B}{B} (You may cast this card from your graveyard for its flashback cost. Then exile it.)",
      "type": "Sorcery",
      "types": [
        "Sorcery"
      ]
    },
    {
      "artist": "Clint Cearley",
      "cmc": 4,
      "colors": [
        "Black"
      ],
      "id": "b6f4ddf842fce6d944bc4ad950dd4001263647ad",
      "layout": "normal",
      "manaCost": "{3}{B}",
      "multiverseid": 409719,
      "name": "血統の切断",
      "number": "63",
      "originalText": "クリーチャー１体を対象とする。それと、そのクリーチャーと同じ名前を持つ他のすべてのクリーチャーを追放する。\nフラッシュバック{5}{B}{B}（あなたはあなたの墓地から、このカードをこれのフラッシュバック・コストで唱えてもよい。その後、これを追放する。）",
      "originalType": "ソーサリー",
      "rarity": "Rare",
      "text": "Exile target creature and all other creatures with the same name as that creature.\nFlashback {5}{B}{B} (You may cast this card from your graveyard for its flashback cost. Then exile it.)",
      "type": "Sorcery",
      "types": [
        "Sorcery"
      ]
    },
    {
      "artist": "Bud Cook",
      "cmc": 3,
      "colors": [
        "Black"
      ],
      "id": "d538f4f2c1c5cbbe3f77e3871acdb492bf137be0",
      "layout": "normal",
      "manaCost": "{2}{B}",
      "multiverseid": 409720,
      "name": "歯牙収集家",
      "number": "64",
      "originalText": "歯牙収集家が戦場に出たとき、対戦相手がコントロールするクリーチャー１体を対象とする。ターン終了時まで、それは－１/－１の修整を受ける。\n昂揚 — 各対戦相手のアップキープの開始時に、あなたの墓地にあるカードにカード・タイプが合計４種類以上含まれる場合、そのプレイヤーがコントロールするクリーチャー１体を対象とする。ターン終了時まで、それは－１/－１の修整を受ける。",
      "originalType": "クリーチャー ― — 人間・ならず者",
      "power": "3",
      "rarity": "Uncommon",
      "subtypes": [
        "Human",
        "Rogue"
      ],
      "text": "When Tooth Collector enters the battlefield, target creature an opponent controls gets -1/-1 until end of turn.\nDelirium — At the beginning of each opponent's upkeep, if there are four or more card types among cards in your graveyard, target creature that player controls gets -1/-1 until end of turn.",
      "toughness": "2",
      "type": "Creature — Human Rogue",
      "types": [
        "Creature"
      ]
    },
    {
      "artist": "Dave Kendall",
      "cmc": 3,
      "colors": [
        "Black"
      ],
      "flavor": "マレーラは喜んでいた。その舞踏会には、彼女の娘への求婚者が数多く集まり、その中にはあの美形のよそ者もいた。二人はどこに行ってしまったのだろうか……。",
      "id": "208688e7a207e255b10c137141af4f4da810a377",
      "layout": "normal",
      "manaCost": "{2}{B}",
      "multiverseid": 409721,
      "name": "飢えへの貢ぎ物",
      "number": "65",
      "originalText": "対戦相手１人を対象とする。そのプレイヤーはクリーチャーを１体生け贄に捧げる。あなたはそのクリーチャーのタフネスに等しい点数のライフを得る。",
      "originalType": "インスタント",
      "rarity": "Uncommon",
      "text": "Target opponent sacrifices a creature. You gain life equal to that creature's toughness.",
      "type": "Instant",
      "types": [
        "Instant"
      ]
    },
    {
      "artist": "Dave Kendall",
      "cmc": 3,
      "colors": [
        "Black"
      ],
      "id": "cb23f91990248a5a9a0b84f9777f9651484af7a9",
      "layout": "normal",
      "manaCost": "{2}{B}",
      "multiverseid": 409722,
      "name": "息せぬ群れ",
      "number": "66",
      "originalText": "息せぬ群れは、あなたがコントロールする他のゾンビ１体およびあなたの墓地にあるゾンビ・カード１枚につき、＋１/＋１カウンターが１個置かれた状態で戦場に出る。\n息せぬ群れにダメージが与えられるなら、そのダメージを軽減し、それの上から＋１/＋１カウンターを１個取り除く。",
      "originalType": "クリーチャー ― — ゾンビ",
      "power": "0",
      "rarity": "Rare",
      "subtypes": [
        "Zombie"
      ],
      "text": "Unbreathing Horde enters the battlefield with a +1/+1 counter on it for each other Zombie you control and each Zombie card in your graveyard.\nIf Unbreathing Horde would be dealt damage, prevent that damage and remove a +1/+1 counter from it.",
      "toughness": "0",
      "type": "Creature — Zombie",
      "types": [
        "Creature"
      ]
    },
    {
      "artist": "Winona Nelson",
      "cmc": 2,
      "colors": [
        "Black"
      ],
      "flavor": "「血に触っては駄目。まだよ。処刑者の最後の信仰の危機というのを見たいのよ。」\n——オリヴィア・ヴォルダーレン",
      "id": "95645a5d35ddc3f771521fc40cb5c39e655ae3e2",
      "layout": "normal",
      "manaCost": "{B}{B}",
      "multiverseid": 409723,
      "name": "夜の犠牲",
      "number": "67",
      "originalText": "吸血鬼でも狼男でもゾンビでもないクリーチャー１体を対象とし、それを破壊する。",
      "originalType": "インスタント",
      "rarity": "Common",
      "text": "Destroy target non-Vampire, non-Werewolf, non-Zombie creature.",
      "type": "Instant",
      "types": [
        "Instant"
      ]
    },
    {
      "artist": "Slawomir Maniak",
      "cmc": 3,
      "colors": [
        "Blue",
        "Black"
      ],
      "flavor": "精神は腐り果ててからずいぶんと経つが、恐るべき剣とその腕前は変わっていない。",
      "id": "e0779e73f86ecae9f207efec0d785d628aed65ca",
      "layout": "normal",
      "manaCost": "{1}{U}{B}",
      "multiverseid": 409724,
      "name": "戦墓の隊長",
      "number": "68",
      "originalText": "接死\nあなたがコントロールする他のゾンビ・クリーチャーは＋１/＋１の修整を受ける。\nあなたのコントロールする他のゾンビが１体死亡するたび、対戦相手１人を対象とする。そのプレイヤーは１点のライフを失う。",
      "originalType": "クリーチャー ― — ゾンビ・兵士",
      "power": "2",
      "rarity": "Uncommon",
      "subtypes": [
        "Zombie",
        "Soldier"
      ],
      "text": "Deathtouch\nOther Zombie creatures you control get +1/+1.\nWhenever another Zombie you control dies, target opponent loses 1 life.",
      "toughness": "2",
      "type": "Creature — Zombie Soldier",
      "types": [
        "Creature"
      ]
    },
    {
      "artist": "Matt Stewart",
      "cmc": 2,
      "flavor": "屍錬金術師にとって、あらゆる謎は知性と集めた身体の部品があれば解けるものだ。",
      "id": "613202a71da0dcf8b25605374d706bd7f86ab385",
      "layout": "normal",
      "manaCost": "{2}",
      "multiverseid": 409725,
      "name": "継ぎ当ての翼",
      "number": "69",
      "originalText": "装備しているクリーチャーは飛行を持つ。\n装備{1}",
      "originalType": "アーティファクト ― — 装備品",
      "rarity": "Common",
      "subtypes": [
        "Equipment"
      ],
      "text": "Equipped creature has flying.\nEquip {1} ({1}: Attach to target creature you control. Equip only as a sorcery.)",
      "type": "Artifact — Equipment",
      "types": [
        "Artifact"
      ]
    },
    {
      "artist": "Sam Burley",
      "id": "c1dddff029851be409c0b2aa5928252ac6082418",
      "layout": "normal",
      "multiverseid": 409726,
      "name": "陰鬱な僻地",
      "number": "70",
      "originalText": "陰鬱な僻地はタップ状態で戦場に出る。\n陰鬱な僻地が戦場に出たとき、あなたは１点のライフを得る。\n{T}：あなたのマナ・プールに{U}か{B}を加える。",
      "originalType": "土地",
      "rarity": "Common",
      "text": "Dismal Backwater enters the battlefield tapped.\nWhen Dismal Backwater enters the battlefield, you gain 1 life.\n{T}: Add {U} or {B} to your mana pool.",
      "type": "Land",
      "types": [
        "Land"
      ]
    },
    {
      "artist": "Jung Park",
      "id": "ae045a449f2d8aeed9821bf9ca39d45ccc381d3c",
      "layout": "normal",
      "multiverseid": 409729,
      "name": "島",
      "number": "73",
      "originalText": "U",
      "originalType": "基本土地 ― — 島",
      "rarity": "Basic Land",
      "subtypes": [
        "Island"
      ],
      "supertypes": [
        "Basic"
      ],
      "type": "Basic Land — Island",
      "types": [
        "Land"
      ]
    },
    {
      "artist": "Jung Park",
      "id": "468494132273e4154101778867d6d8f673b26e58",
      "layout": "normal",
      "multiverseid": 409732,
      "name": "沼",
      "number": "76",
      "originalText": "B",
      "originalType": "基本土地 ― — 沼",
      "rarity": "Basic Land",
      "subtypes": [
        "Swamp"
      ],
      "supertypes": [
        "Basic"
      ],
      "type": "Basic Land — Swamp",
      "types": [
        "Land"
      ]
    },
    {
      "artist": "Winona Nelson",
      "id": "d0f999f9d41703ffa82d9de02168a4c2acb98552",
      "layout": "token",
      "multiverseid": 409733,
      "name": "天使",
      "number": "77",
      "originalText": "飛行",
      "originalType": "トークン・クリーチャー ― — 天使",
      "power": "4",
      "rarity": "Common",
      "subtypes": [
        "Angel"
      ],
      "text": "Flying",
      "toughness": "4",
      "type": " Creature — Angel",
      "types": [
        "Creature"
      ]
    },
    {
      "artist": "John Stanko",
      "id": "7dd2208854ebc1778a6fc8b4f9e84dd6fa74b595",
      "layout": "token",
      "multiverseid": 409734,
      "name": "人間",
      "number": "78",
      "originalType": "トークン・クリーチャー ― — 人間",
      "power": "1",
      "rarity": "Common",
      "subtypes": [
        "Human"
      ],
      "toughness": "1",
      "type": " Creature — Human",
      "types": [
        "Creature"
      ]
    },
    {
      "artist": "Kev Walker",
      "id": "3d164f05d02e789d8aec72f0c021592095191a76",
      "layout": "normal",
      "multiverseid": 409735,
      "name": "スピリット",
      "number": "79",
      "originalText": "飛行",
      "originalType": "トークン・クリーチャー ― — スピリット",
      "power": "1",
      "rarity": "Common",
      "subtypes": [
        "Spirit"
      ],
      "text": "Flying",
      "toughness": "1",
      "type": "Creature — Spirit",
      "types": [
        "Creature"
      ]
    },
    {
      "artist": "Lucas Graciano",
      "id": "c9693d1f18ef4c86fd8157c9f13b0472b2e6b334",
      "layout": "token",
      "multiverseid": 409736,
      "name": "ゾンビ",
      "number": "80",
      "originalType": "トークン・クリーチャー ― — ゾンビ",
      "power": "2",
      "rarity": "Common",
      "subtypes": [
        "Zombie"
      ],
      "toughness": "2",
      "type": " Creature — Zombie",
      "types": [
        "Creature"
      ]
    }
  ]
}