{
  "name": "From the Vault: Dragons",
  "code": "DRB",
  "magicCardsInfoCode": "fvd",
  "releaseDate": "2008-08-29",
  "border": "black",
  "type": "from the vault",
  "mkm_name": "From the Vault: Dragons",
  "mkm_id": 100,
  "cards": [
    {
      "artist": "Kev Walker",
      "cmc": 7,
      "colorIdentity": [
        "B",
        "R"
      ],
      "colors": [
        "Black",
        "Red"
      ],
      "id": "af70813f8b3d43d041df2c57f183667e1fa964fc",
      "imageName": "bladewing the risen",
      "layout": "normal",
      "legalities": [
        {
          "format": "Commander",
          "legality": "Legal"
        },
        {
          "format": "Legacy",
          "legality": "Legal"
        },
        {
          "format": "Onslaught Block",
          "legality": "Legal"
        },
        {
          "format": "Vintage",
          "legality": "Legal"
        }
      ],
      "manaCost": "{3}{B}{B}{R}{R}",
      "mciNumber": "1",
      "multiverseid": 178014,
      "name": "Bladewing the Risen",
      "number": "1",
      "originalText": "Flying\nWhen Bladewing the Risen comes into play, you may return target Dragon permanent card from your graveyard to play.\n{B}{R}: Dragon creatures get +1/+1 until end of turn.",
      "originalType": "Legendary Creature — Zombie Dragon",
      "power": "4",
      "printings": [
        "SCG",
        "DRB",
        "CMD"
      ],
      "rarity": "Rare",
      "subtypes": [
        "Zombie",
        "Dragon"
      ],
      "supertypes": [
        "Legendary"
      ],
      "text": "Flying\nWhen Bladewing the Risen enters the battlefield, you may return target Dragon permanent card from your graveyard to the battlefield.\n{B}{R}: Dragon creatures get +1/+1 until end of turn.",
      "toughness": "4",
      "type": "Legendary Creature — Zombie Dragon",
      "types": [
        "Creature"
      ]
    },
    {
      "artist": "Scott M. Fischer",
      "cmc": 8,
      "colorIdentity": [
        "R"
      ],
      "colors": [
        "Red"
      ],
      "flavor": "Cleansing the world, one breath at a time.",
      "id": "d34ffb961c0a77bafd7c7d7449d6d28c63a7a734",
      "imageName": "bogardan hellkite",
      "layout": "normal",
      "legalities": [
        {
          "format": "Commander",
          "legality": "Legal"
        },
        {
          "format": "Legacy",
          "legality": "Legal"
        },
        {
          "format": "Modern",
          "legality": "Legal"
        },
        {
          "format": "Time Spiral Block",
          "legality": "Legal"
        },
        {
          "format": "Vintage",
          "legality": "Legal"
        }
      ],
      "manaCost": "{6}{R}{R}",
      "mciNumber": "2",
      "multiverseid": 178017,
      "name": "Bogardan Hellkite",
      "number": "2",
      "originalText": "Flash\nFlying\nWhen Bogardan Hellkite comes into play, it deals 5 damage divided as you choose among any number of target creatures and/or players.",
      "originalType": "Creature — Dragon",
      "power": "5",
      "printings": [
        "TSP",
        "DRB",
        "M10",
        "DDG",
        "C14"
      ],
      "rarity": "Rare",
      "rulings": [
        {
          "date": "2009-10-01",
          "text": "The number of targets chosen for the enters-the-battlefield ability must be at least 1 and at most 5. You divide the damage as you put the ability on the stack, not as it resolves. Each target must be assigned at least 1 damage."
        }
      ],
      "subtypes": [
        "Dragon"
      ],
      "text": "Flash\nFlying\nWhen Bogardan Hellkite enters the battlefield, it deals 5 damage divided as you choose among any number of target creatures and/or players.",
      "toughness": "5",
      "type": "Creature — Dragon",
      "types": [
        "Creature"
      ]
    },
    {
      "artist": "Sam Wood",
      "cmc": 16,
      "id": "a034aecff0ce091c26f61be3e9d42b11f91dfb28",
      "imageName": "draco",
      "layout": "normal",
      "legalities": [
        {
          "format": "Commander",
          "legality": "Legal"
        },
        {
          "format": "Freeform",
          "legality": "Legal"
        },
        {
          "format": "Invasion Block",
          "legality": "Legal"
        },
        {
          "format": "Legacy",
          "legality": "Legal"
        },
        {
          "format": "Prismatic",
          "legality": "Legal"
        },
        {
          "format": "Singleton 100",
          "legality": "Legal"
        },
        {
          "format": "Tribal Wars Legacy",
          "legality": "Legal"
        },
        {
          "format": "Vintage",
          "legality": "Legal"
        }
      ],
      "manaCost": "{16}",
      "mciNumber": "3",
      "multiverseid": 178018,
      "name": "Draco",
      "number": "3",
      "originalText": "Draco costs {2} less to play for each basic land type among lands you control.\nFlying\nAt the beginning of your upkeep, sacrifice Draco unless you pay {10}. This cost is reduced by {2} for each basic land type among lands you control.",
      "originalType": "Artifact Creature — Dragon",
      "power": "9",
      "printings": [
        "PLS",
        "DRB"
      ],
      "rarity": "Rare",
      "rulings": [
        {
          "date": "2009-02-01",
          "text": "To determine the number of basic land types among lands you control, look at the lands you have on the battlefield and ask yourself whether the subtypes Plains, Island, Swamp, Mountain, and Forest appear within that group. The number of times you say yes (topping out at five) tells you how powerful your domain abilities will be."
        },
        {
          "date": "2009-02-01",
          "text": "How many lands you control of a particular basic land type is irrelevant to a domain ability, as long as that number is greater than zero. As far as domain is concerned, ten Forests is the same as one Forest."
        },
        {
          "date": "2009-02-01",
          "text": "A number of nonbasic lands have basic land types. Domain abilities don't count the number of lands you control -- they count the number of basic land types among lands you control, even if that means checking the same land twice. For example, if you control a Tundra, an Overgrown Tomb, and a Madblind Mountain, you'll have a Plains, Island, Swamp, Mountain, and Forest among the lands you control. Your domain abilities will be maxed out."
        }
      ],
      "subtypes": [
        "Dragon"
      ],
      "text": "Domain — Draco costs {2} less to cast for each basic land type among lands you control.\nFlying\nDomain — At the beginning of your upkeep, sacrifice Draco unless you pay {10}. This cost is reduced by {2} for each basic land type among lands you control.",
      "toughness": "9",
      "type": "Artifact Creature — Dragon",
      "types": [
        "Artifact",
        "Creature"
      ]
    },
    {
      "artist": "Steven Belledin",
      "cmc": 4,
      "colorIdentity": [
        "R"
      ],
      "colors": [
        "Red"
      ],
      "flavor": "Dragon whelps face few threats besides their own enthusiasm.",
      "id": "23eba96da790d1822ef8b08eadf5203bb45b82a8",
      "imageName": "dragon whelp",
      "layout": "normal",
      "legalities": [
        {
          "format": "Commander",
          "legality": "Legal"
        },
        {
          "format": "Legacy",
          "legality": "Legal"
        },
        {
          "format": "Modern",
          "legality": "Legal"
        },
        {
          "format": "Time Spiral Block",
          "legality": "Legal"
        },
        {
          "format": "Vintage",
          "legality": "Legal"
        }
      ],
      "manaCost": "{2}{R}{R}",
      "mciNumber": "4",
      "multiverseid": 178019,
      "name": "Dragon Whelp",
      "number": "4",
      "originalText": "Flying\n{R}: Dragon Whelp gets +1/+0 until end of turn. At end of turn, if this ability has been played four or more times this turn, sacrifice Dragon Whelp.",
      "originalType": "Creature — Dragon",
      "power": "2",
      "printings": [
        "LEA",
        "LEB",
        "2ED",
        "CED",
        "CEI",
        "3ED",
        "4ED",
        "TSB",
        "DRB",
        "M10",
        "ARC",
        "DDG",
        "CMD"
      ],
      "rarity": "Rare",
      "rulings": [
        {
          "date": "2009-10-01",
          "text": "The first three times Dragon Whelp’s ability is activated in a turn will do nothing other than give it +1/+0 until end of turn. Any subsequent activations will also cause its delayed triggered ability to trigger. That means if you activate Dragon Whelp’s ability five times, for example, two different delayed triggered abilities will trigger at the beginning of the next end step and cause you to sacrifice Dragon Whelp."
        },
        {
          "date": "2009-10-01",
          "text": "If the fourth (or more) time Dragon Whelp’s ability is activated during the same turn happens to be during that turn’s end step, the delayed triggered ability won’t trigger until the beginning of the next turn’s end step. You’ll have to sacrifice Dragon Whelp at that time."
        }
      ],
      "subtypes": [
        "Dragon"
      ],
      "text": "Flying\n{R}: Dragon Whelp gets +1/+0 until end of turn. If this ability has been activated four or more times this turn, sacrifice Dragon Whelp at the beginning of the next end step.",
      "toughness": "3",
      "type": "Creature — Dragon",
      "types": [
        "Creature"
      ]
    },
    {
      "artist": "Kev Walker",
      "cmc": 9,
      "colorIdentity": [
        "R"
      ],
      "colors": [
        "Red"
      ],
      "flavor": "Dragons come not in packs or in herds but in storms.",
      "id": "61504157c57aad588ca2ad049a82e77a87b4e4cc",
      "imageName": "dragonstorm",
      "layout": "normal",
      "legalities": [
        {
          "format": "Commander",
          "legality": "Legal"
        },
        {
          "format": "Legacy",
          "legality": "Legal"
        },
        {
          "format": "Modern",
          "legality": "Legal"
        },
        {
          "format": "Onslaught Block",
          "legality": "Legal"
        },
        {
          "format": "Time Spiral Block",
          "legality": "Legal"
        },
        {
          "format": "Vintage",
          "legality": "Legal"
        }
      ],
      "manaCost": "{8}{R}",
      "mciNumber": "5",
      "multiverseid": 178015,
      "name": "Dragonstorm",
      "number": "5",
      "originalText": "Search your library for a Dragon permanent card and put it into play. Then shuffle your library.\nStorm (When you play this spell, copy it for each spell played before it this turn.)",
      "originalType": "Sorcery",
      "printings": [
        "SCG",
        "TSB",
        "DRB",
        "MMA"
      ],
      "rarity": "Rare",
      "rulings": [
        {
          "date": "2013-06-07",
          "text": "The copies are put directly onto the stack. They aren’t cast and won’t be counted by other spells with storm cast later in the turn."
        },
        {
          "date": "2013-06-07",
          "text": "Spells cast from zones other than a player’s hand and spells that were countered are counted by the storm ability."
        },
        {
          "date": "2013-06-07",
          "text": "A copy of a spell can be countered like any other spell, but it must be countered individually. Countering a spell with storm won’t affect the copies."
        },
        {
          "date": "2013-06-07",
          "text": "The triggered ability that creates the copies can itself be countered by anything that can counter a triggered ability. If it is countered, no copies will be put onto the stack."
        }
      ],
      "text": "Search your library for a Dragon permanent card and put it onto the battlefield. Then shuffle your library.\nStorm (When you cast this spell, copy it for each spell cast before it this turn.)",
      "type": "Sorcery",
      "types": [
        "Sorcery"
      ]
    },
    {
      "artist": "Donato Giancola",
      "cmc": 7,
      "colorIdentity": [
        "B"
      ],
      "colors": [
        "Black"
      ],
      "flavor": "\"The dragon wing of night o'erspreads the earth.\"\n—Troilus and Cressida, William Shakespeare",
      "id": "cb9e5fbf9354847df83a7427a72ab8643a8de609",
      "imageName": "ebon dragon",
      "layout": "normal",
      "legalities": [
        {
          "format": "Commander",
          "legality": "Legal"
        },
        {
          "format": "Legacy",
          "legality": "Legal"
        },
        {
          "format": "Vintage",
          "legality": "Legal"
        }
      ],
      "manaCost": "{5}{B}{B}",
      "mciNumber": "6",
      "multiverseid": 178021,
      "name": "Ebon Dragon",
      "number": "6",
      "originalText": "Flying\nWhen Ebon Dragon comes into play, you may have target opponent discard a card.",
      "originalType": "Creature — Dragon",
      "power": "5",
      "printings": [
        "POR",
        "DRB",
        "ME4"
      ],
      "rarity": "Rare",
      "subtypes": [
        "Dragon"
      ],
      "text": "Flying\nWhen Ebon Dragon enters the battlefield, you may have target opponent discard a card.",
      "toughness": "4",
      "type": "Creature — Dragon",
      "types": [
        "Creature"
      ]
    },
    {
      "artist": "Daarken",
      "cmc": 7,
      "colorIdentity": [
        "R"
      ],
      "colors": [
        "Red"
      ],
      "id": "2ab6ca3f600e108cecaa69e464c307e83c57b943",
      "imageName": "form of the dragon",
      "layout": "normal",
      "legalities": [
        {
          "format": "Commander",
          "legality": "Legal"
        },
        {
          "format": "Freeform",
          "legality": "Legal"
        },
        {
          "format": "Legacy",
          "legality": "Legal"
        },
        {
          "format": "Modern",
          "legality": "Legal"
        },
        {
          "format": "Onslaught Block",
          "legality": "Legal"
        },
        {
          "format": "Prismatic",
          "legality": "Legal"
        },
        {
          "format": "Singleton 100",
          "legality": "Legal"
        },
        {
          "format": "Tribal Wars Legacy",
          "legality": "Legal"
        },
        {
          "format": "Vintage",
          "legality": "Legal"
        }
      ],
      "manaCost": "{4}{R}{R}{R}",
      "mciNumber": "7",
      "multiverseid": 178016,
      "name": "Form of the Dragon",
      "number": "7",
      "originalText": "At the beginning of your upkeep, Form of the Dragon deals 5 damage to target creature or player.\nAt the end of each turn, your life total becomes 5.\nCreatures without flying can't attack you.",
      "originalType": "Enchantment",
      "printings": [
        "SCG",
        "9ED",
        "DRB"
      ],
      "rarity": "Rare",
      "rulings": [
        {
          "date": "2004-10-04",
          "text": "If you life total was above 5 at end of turn, then you lose life to make your total 5. If it was less than 5, you gain life to bring it to 5."
        },
        {
          "date": "2004-10-04",
          "text": "It sets your life total at the beginning of the end step of every player's turn, not just your own."
        },
        {
          "date": "2014-02-01",
          "text": "Unless some effect explicitly says otherwise, a creature that can't attack you can still attack a planeswalker you control."
        }
      ],
      "text": "At the beginning of your upkeep, Form of the Dragon deals 5 damage to target creature or player.\nAt the beginning of each end step, your life total becomes 5.\nCreatures without flying can't attack you.",
      "type": "Enchantment",
      "types": [
        "Enchantment"
      ]
    },
    {
      "artist": "Justin Sweet",
      "cmc": 8,
      "colorIdentity": [
        "B",
        "R",
        "G"
      ],
      "colors": [
        "Black",
        "Red",
        "Green"
      ],
      "flavor": "\"The dragon has no pretense of compassion, no false mask of civilization—just hunger, heat, and need.\"\n—Sarkhan Vol",
      "id": "c4b37f84111e8c84b2dd0ed6153892e0ebe3cdb8",
      "imageName": "hellkite overlord",
      "layout": "normal",
      "legalities": [
        {
          "format": "Commander",
          "legality": "Legal"
        },
        {
          "format": "Legacy",
          "legality": "Legal"
        },
        {
          "format": "Modern",
          "legality": "Legal"
        },
        {
          "format": "Shards of Alara Block",
          "legality": "Legal"
        },
        {
          "format": "Vintage",
          "legality": "Legal"
        }
      ],
      "manaCost": "{4}{B}{R}{R}{G}",
      "mciNumber": "8",
      "multiverseid": 178028,
      "name": "Hellkite Overlord",
      "number": "8",
      "originalText": "Flying, trample, haste\n{R}: Hellkite Overlord gets +1/+0 until end of turn.\n{B}{G}: Regenerate Hellkite Overlord.",
      "originalType": "Creature — Dragon",
      "power": "8",
      "printings": [
        "DRB",
        "ALA"
      ],
      "rarity": "Rare",
      "subtypes": [
        "Dragon"
      ],
      "text": "Flying, trample, haste\n{R}: Hellkite Overlord gets +1/+0 until end of turn.\n{B}{G}: Regenerate Hellkite Overlord.",
      "toughness": "8",
      "type": "Creature — Dragon",
      "types": [
        "Creature"
      ]
    },
    {
      "artist": "Tsutomu Kawade",
      "cmc": 6,
      "colorIdentity": [
        "B"
      ],
      "colors": [
        "Black"
      ],
      "flavor": "The fall of the evening star never heralds a gentle dawn.",
      "id": "915f46d09ab7934c3c29d36d7aee8edb127ad0e7",
      "imageName": "kokusho, the evening star",
      "layout": "normal",
      "legalities": [
        {
          "format": "Commander",
          "legality": "Legal"
        },
        {
          "format": "Kamigawa Block",
          "legality": "Legal"
        },
        {
          "format": "Legacy",
          "legality": "Legal"
        },
        {
          "format": "Modern",
          "legality": "Legal"
        },
        {
          "format": "Vintage",
          "legality": "Legal"
        }
      ],
      "manaCost": "{4}{B}{B}",
      "mciNumber": "9",
      "multiverseid": 178022,
      "name": "Kokusho, the Evening Star",
      "number": "9",
      "originalText": "Flying\nWhen Kokusho, the Evening Star is put into a graveyard from play, each opponent loses 5 life. You gain life equal to the life lost this way.",
      "originalType": "Legendary Creature — Dragon Spirit",
      "power": "5",
      "printings": [
        "CHK",
        "DRB",
        "MMA"
      ],
      "rarity": "Rare",
      "subtypes": [
        "Dragon",
        "Spirit"
      ],
      "supertypes": [
        "Legendary"
      ],
      "text": "Flying\nWhen Kokusho, the Evening Star dies, each opponent loses 5 life. You gain life equal to the life lost this way.",
      "toughness": "5",
      "type": "Legendary Creature — Dragon Spirit",
      "types": [
        "Creature"
      ]
    },
    {
      "artist": "D. Alexander Gregory",
      "cmc": 8,
      "colorIdentity": [
        "U",
        "B",
        "R"
      ],
      "colors": [
        "Blue",
        "Black",
        "Red"
      ],
      "flavor": "Dominaria's most ancient evil.",
      "id": "847e71a2d44b22ac0436e6892d6be901d951e12c",
      "imageName": "nicol bolas",
      "layout": "normal",
      "legalities": [
        {
          "format": "Commander",
          "legality": "Legal"
        },
        {
          "format": "Legacy",
          "legality": "Legal"
        },
        {
          "format": "Modern",
          "legality": "Legal"
        },
        {
          "format": "Time Spiral Block",
          "legality": "Legal"
        },
        {
          "format": "Vintage",
          "legality": "Legal"
        }
      ],
      "manaCost": "{2}{U}{U}{B}{B}{R}{R}",
      "mciNumber": "10",
      "multiverseid": 178020,
      "name": "Nicol Bolas",
      "number": "10",
      "originalText": "Flying\nAt the beginning of your upkeep, sacrifice Nicol Bolas unless you pay {U}{B}{R}.\nWhenever Nicol Bolas deals damage to an opponent, that player discards his or her hand.",
      "originalType": "Legendary Creature — Elder Dragon",
      "power": "7",
      "printings": [
        "LEG",
        "CHR",
        "TSB",
        "DRB",
        "ME3"
      ],
      "rarity": "Rare",
      "rulings": [
        {
          "date": "2009-10-01",
          "text": "Nicol Bolas’s third ability triggers whenever it deals damage to an opponent for any reason. It’s not limited to combat damage."
        }
      ],
      "subtypes": [
        "Elder",
        "Dragon"
      ],
      "supertypes": [
        "Legendary"
      ],
      "text": "Flying\nAt the beginning of your upkeep, sacrifice Nicol Bolas unless you pay {U}{B}{R}.\nWhenever Nicol Bolas deals damage to an opponent, that player discards his or her hand.",
      "toughness": "7",
      "type": "Legendary Creature — Elder Dragon",
      "types": [
        "Creature"
      ]
    },
    {
      "artist": "Todd Lockwood",
      "cmc": 6,
      "colorIdentity": [
        "U",
        "R"
      ],
      "colors": [
        "Blue",
        "Red"
      ],
      "flavor": "As brilliant as a cut diamond, and with just as cruel an edge.",
      "id": "b35a969f1f4f4025bc7f3376e34ae85dbfdbe882",
      "imageName": "niv-mizzet, the firemind",
      "layout": "normal",
      "legalities": [
        {
          "format": "Commander",
          "legality": "Legal"
        },
        {
          "format": "Legacy",
          "legality": "Legal"
        },
        {
          "format": "Modern",
          "legality": "Legal"
        },
        {
          "format": "Ravnica Block",
          "legality": "Legal"
        },
        {
          "format": "Vintage",
          "legality": "Legal"
        }
      ],
      "manaCost": "{2}{U}{U}{R}{R}",
      "mciNumber": "11",
      "multiverseid": 178023,
      "name": "Niv-Mizzet, the Firemind",
      "number": "11",
      "originalText": "Flying\nWhenever you draw a card, Niv-Mizzet, the Firemind deals 1 damage to target creature or player.\n{T}: Draw a card.",
      "originalType": "Legendary Creature — Dragon Wizard",
      "power": "4",
      "printings": [
        "GPT",
        "pCMP",
        "DRB",
        "DDJ",
        "MM2"
      ],
      "rarity": "Rare",
      "subtypes": [
        "Dragon",
        "Wizard"
      ],
      "supertypes": [
        "Legendary"
      ],
      "text": "Flying\nWhenever you draw a card, Niv-Mizzet, the Firemind deals 1 damage to target creature or player.\n{T}: Draw a card.",
      "toughness": "4",
      "type": "Legendary Creature — Dragon Wizard",
      "types": [
        "Creature"
      ]
    },
    {
      "artist": "Todd Lockwood",
      "cmc": 6,
      "colorIdentity": [
        "W",
        "R",
        "G"
      ],
      "colors": [
        "White",
        "Red",
        "Green"
      ],
      "id": "8d0e40ebbe5061bbf70514c43f83230df4f9f5a0",
      "imageName": "rith, the awakener",
      "layout": "normal",
      "legalities": [
        {
          "format": "Commander",
          "legality": "Legal"
        },
        {
          "format": "Freeform",
          "legality": "Legal"
        },
        {
          "format": "Invasion Block",
          "legality": "Legal"
        },
        {
          "format": "Legacy",
          "legality": "Legal"
        },
        {
          "format": "Prismatic",
          "legality": "Legal"
        },
        {
          "format": "Singleton 100",
          "legality": "Legal"
        },
        {
          "format": "Tribal Wars Legacy",
          "legality": "Legal"
        },
        {
          "format": "Vintage",
          "legality": "Legal"
        }
      ],
      "manaCost": "{3}{R}{G}{W}",
      "mciNumber": "12",
      "multiverseid": 178024,
      "name": "Rith, the Awakener",
      "number": "12",
      "originalText": "Flying\nWhenever Rith, the Awakener deals combat damage to a player, you may pay {2}{G}. If you do, choose a color. Put a 1/1 green Saproling creature token into play for each permanent of that color.",
      "originalType": "Legendary Creature — Dragon",
      "power": "6",
      "printings": [
        "INV",
        "DRB",
        "DDE"
      ],
      "rarity": "Rare",
      "rulings": [
        {
          "date": "2004-10-04",
          "text": "You choose the color during resolution. This means your opponent does not get to react after knowing the color you chose."
        }
      ],
      "subtypes": [
        "Dragon"
      ],
      "supertypes": [
        "Legendary"
      ],
      "text": "Flying\nWhenever Rith, the Awakener deals combat damage to a player, you may pay {2}{G}. If you do, choose a color, then put a 1/1 green Saproling creature token onto the battlefield for each permanent of that color.",
      "toughness": "6",
      "type": "Legendary Creature — Dragon",
      "types": [
        "Creature"
      ]
    },
    {
      "artist": "Justin Sweet",
      "cmc": 6,
      "colorIdentity": [
        "R"
      ],
      "colors": [
        "Red"
      ],
      "flavor": "The undisputed master of the mountains of Shiv.",
      "id": "2d7473881c61517329f5ca4e4a84398fd8ada86b",
      "imageName": "shivan dragon",
      "layout": "normal",
      "legalities": [
        {
          "format": "Commander",
          "legality": "Legal"
        },
        {
          "format": "Legacy",
          "legality": "Legal"
        },
        {
          "format": "Modern",
          "legality": "Legal"
        },
        {
          "format": "Standard",
          "legality": "Legal"
        },
        {
          "format": "Vintage",
          "legality": "Legal"
        }
      ],
      "manaCost": "{4}{R}{R}",
      "mciNumber": "13",
      "multiverseid": 178025,
      "name": "Shivan Dragon",
      "number": "13",
      "originalText": "Flying\n{R}: Shivan Dragon gets +1/+0 until end of turn.",
      "originalType": "Creature — Dragon",
      "power": "5",
      "printings": [
        "LEA",
        "LEB",
        "2ED",
        "CED",
        "CEI",
        "3ED",
        "4ED",
        "5ED",
        "BTD",
        "7ED",
        "pREL",
        "8ED",
        "9ED",
        "10E",
        "DRB",
        "M10",
        "DPA",
        "ME4",
        "M14",
        "M15",
        "ORI",
        "W16"
      ],
      "rarity": "Rare",
      "subtypes": [
        "Dragon"
      ],
      "text": "Flying (This creature can't be blocked except by creatures with flying or reach.)\n{R}: Shivan Dragon gets +1/+0 until end of turn.",
      "toughness": "5",
      "type": "Creature — Dragon",
      "types": [
        "Creature"
      ]
    },
    {
      "artist": "Chris Rahn",
      "cmc": 7,
      "colorIdentity": [
        "R"
      ],
      "colors": [
        "Red"
      ],
      "flavor": "Sometimes primitive cultures attributed natural phenomena to monsters. Sometimes they were right.",
      "id": "e7e979679e91fdb167e03ae8c1a85804cda53ea7",
      "imageName": "thunder dragon",
      "layout": "normal",
      "legalities": [
        {
          "format": "Commander",
          "legality": "Legal"
        },
        {
          "format": "Legacy",
          "legality": "Legal"
        },
        {
          "format": "Vintage",
          "legality": "Legal"
        }
      ],
      "manaCost": "{5}{R}{R}",
      "mciNumber": "14",
      "multiverseid": 178026,
      "name": "Thunder Dragon",
      "number": "14",
      "originalText": "Flying\nWhen Thunder Dragon comes into play, it deals 3 damage to each creature without flying.",
      "originalType": "Creature — Dragon",
      "power": "5",
      "printings": [
        "S99",
        "DRB",
        "ME4",
        "DDG"
      ],
      "rarity": "Rare",
      "subtypes": [
        "Dragon"
      ],
      "text": "Flying\nWhen Thunder Dragon enters the battlefield, it deals 3 damage to each creature without flying.",
      "toughness": "5",
      "type": "Creature — Dragon",
      "types": [
        "Creature"
      ]
    },
    {
      "artist": "Sam Wood",
      "cmc": 6,
      "colorIdentity": [
        "R"
      ],
      "colors": [
        "Red"
      ],
      "id": "66c228f137e60757d5d42a9122c548248cb8de77",
      "imageName": "two-headed dragon",
      "layout": "normal",
      "legalities": [
        {
          "format": "Commander",
          "legality": "Legal"
        },
        {
          "format": "Legacy",
          "legality": "Legal"
        },
        {
          "format": "Masques Block",
          "legality": "Legal"
        },
        {
          "format": "Modern",
          "legality": "Legal"
        },
        {
          "format": "Vintage",
          "legality": "Legal"
        }
      ],
      "manaCost": "{4}{R}{R}",
      "mciNumber": "15",
      "multiverseid": 178027,
      "name": "Two-Headed Dragon",
      "number": "15",
      "originalText": "Flying\n{1}{R}: Two-Headed Dragon gets +2/+0 until end of turn.\nTwo-Headed Dragon can't be blocked except by two or more creatures.\nTwo-Headed Dragon may block an additional creature.",
      "originalType": "Creature — Dragon",
      "power": "4",
      "printings": [
        "MMQ",
        "pSUS",
        "8ED",
        "DRB",
        "ARC"
      ],
      "rarity": "Rare",
      "subtypes": [
        "Dragon"
      ],
      "text": "Flying\nMenace (This creature can't be blocked except by two or more creatures.)\nTwo-Headed Dragon can block an additional creature each combat.\n{1}{R}: Two-Headed Dragon gets +2/+0 until end of turn.",
      "toughness": "4",
      "type": "Creature — Dragon",
      "types": [
        "Creature"
      ]
    }
  ]
}