{
  "name": "Zendikar Expeditions",
  "code": "EXP",
  "magicCardsInfoCode": "exp",
  "releaseDate": "2015-10-02",
  "border": "black",
  "type": "promo",
  "mkm_name": "Zendikar Expeditions",
  "mkm_id": 1669,
  "cards": [
    {
      "artist": "Titus Lunter",
      "colorIdentity": [
        "W",
        "U"
      ],
      "id": "843b5445c1d60f2b9347135735bc186fc8c4dda4",
      "imageName": "prairie stream",
      "layout": "normal",
      "legalities": [
        {
          "format": "Battle for Zendikar Block",
          "legality": "Legal"
        },
        {
          "format": "Commander",
          "legality": "Legal"
        },
        {
          "format": "Freeform",
          "legality": "Legal"
        },
        {
          "format": "Legacy",
          "legality": "Legal"
        },
        {
          "format": "Modern",
          "legality": "Legal"
        },
        {
          "format": "Prismatic",
          "legality": "Legal"
        },
        {
          "format": "Singleton 100",
          "legality": "Legal"
        },
        {
          "format": "Standard",
          "legality": "Legal"
        },
        {
          "format": "Tribal Wars Legacy",
          "legality": "Legal"
        },
        {
          "format": "Tribal Wars Standard",
          "legality": "Legal"
        },
        {
          "format": "Vintage",
          "legality": "Legal"
        }
      ],
      "mciNumber": "1",
      "multiverseid": 405105,
      "name": "Prairie Stream",
      "number": "1",
      "originalText": "Prairie Stream enters the battlefield tapped unless you control two or more basic lands.",
      "originalType": "Land — Plains Island",
      "printings": [
        "BFZ",
        "EXP"
      ],
      "rarity": "Mythic Rare",
      "rulings": [
        {
          "date": "2015-08-25",
          "text": "Even though these lands have basic land types, they are not basic lands because “basic” doesn’t appear on their type line. Notably, controlling two or more of them won’t allow others to enter the battlefield untapped."
        },
        {
          "date": "2015-08-25",
          "text": "However, because these cards have basic land types, effects that specify a basic land type without also specifying that the land be basic can affect them. For example, a spell or ability that reads “Destroy target Forest” can target Canopy Vista, while one that reads “Destroy target basic Forest” cannot."
        },
        {
          "date": "2015-08-25",
          "text": "If one of these lands enters the battlefield at the same time as any number of basic lands, those other lands are not counted when determining if this land enters the battlefield tapped or untapped."
        }
      ],
      "subtypes": [
        "Plains",
        "Island"
      ],
      "text": "({T}: Add {W} or {U} to your mana pool.)\nPrairie Stream enters the battlefield tapped unless you control two or more basic lands.",
      "type": "Land — Plains Island",
      "types": [
        "Land"
      ]
    },
    {
      "artist": "Titus Lunter",
      "colorIdentity": [
        "U",
        "B"
      ],
      "id": "92b6611d64d3289140bef4327620bffb5b251327",
      "imageName": "sunken hollow",
      "layout": "normal",
      "legalities": [
        {
          "format": "Battle for Zendikar Block",
          "legality": "Legal"
        },
        {
          "format": "Commander",
          "legality": "Legal"
        },
        {
          "format": "Freeform",
          "legality": "Legal"
        },
        {
          "format": "Legacy",
          "legality": "Legal"
        },
        {
          "format": "Modern",
          "legality": "Legal"
        },
        {
          "format": "Prismatic",
          "legality": "Legal"
        },
        {
          "format": "Singleton 100",
          "legality": "Legal"
        },
        {
          "format": "Standard",
          "legality": "Legal"
        },
        {
          "format": "Tribal Wars Legacy",
          "legality": "Legal"
        },
        {
          "format": "Tribal Wars Standard",
          "legality": "Legal"
        },
        {
          "format": "Vintage",
          "legality": "Legal"
        }
      ],
      "mciNumber": "2",
      "multiverseid": 405111,
      "name": "Sunken Hollow",
      "number": "2",
      "originalText": "Sunken Hollow enters the battlefield tapped unless you control two or more basic lands.",
      "originalType": "Land — Island Swamp",
      "printings": [
        "BFZ",
        "EXP"
      ],
      "rarity": "Mythic Rare",
      "rulings": [
        {
          "date": "2015-08-25",
          "text": "Even though these lands have basic land types, they are not basic lands because “basic” doesn’t appear on their type line. Notably, controlling two or more of them won’t allow others to enter the battlefield untapped."
        },
        {
          "date": "2015-08-25",
          "text": "However, because these cards have basic land types, effects that specify a basic land type without also specifying that the land be basic can affect them. For example, a spell or ability that reads “Destroy target Forest” can target Canopy Vista, while one that reads “Destroy target basic Forest” cannot."
        },
        {
          "date": "2015-08-25",
          "text": "If one of these lands enters the battlefield at the same time as any number of basic lands, those other lands are not counted when determining if this land enters the battlefield tapped or untapped."
        }
      ],
      "subtypes": [
        "Island",
        "Swamp"
      ],
      "text": "({T}: Add {U} or {B} to your mana pool.)\nSunken Hollow enters the battlefield tapped unless you control two or more basic lands.",
      "type": "Land — Island Swamp",
      "types": [
        "Land"
      ]
    },
    {
      "artist": "Titus Lunter",
      "colorIdentity": [
        "B",
        "R"
      ],
      "id": "064549bef3befb5c0cbd8345f953552ea3054c0b",
      "imageName": "smoldering marsh",
      "layout": "normal",
      "legalities": [
        {
          "format": "Battle for Zendikar Block",
          "legality": "Legal"
        },
        {
          "format": "Commander",
          "legality": "Legal"
        },
        {
          "format": "Freeform",
          "legality": "Legal"
        },
        {
          "format": "Legacy",
          "legality": "Legal"
        },
        {
          "format": "Modern",
          "legality": "Legal"
        },
        {
          "format": "Prismatic",
          "legality": "Legal"
        },
        {
          "format": "Singleton 100",
          "legality": "Legal"
        },
        {
          "format": "Standard",
          "legality": "Legal"
        },
        {
          "format": "Tribal Wars Legacy",
          "legality": "Legal"
        },
        {
          "format": "Tribal Wars Standard",
          "legality": "Legal"
        },
        {
          "format": "Vintage",
          "legality": "Legal"
        }
      ],
      "mciNumber": "3",
      "multiverseid": 405108,
      "name": "Smoldering Marsh",
      "number": "3",
      "originalText": "Smoldering Marsh enters the battlefield tapped unless you control two or more basic lands.",
      "originalType": "Land — Swamp Mountain",
      "printings": [
        "BFZ",
        "EXP"
      ],
      "rarity": "Mythic Rare",
      "rulings": [
        {
          "date": "2015-08-25",
          "text": "Even though these lands have basic land types, they are not basic lands because “basic” doesn’t appear on their type line. Notably, controlling two or more of them won’t allow others to enter the battlefield untapped."
        },
        {
          "date": "2015-08-25",
          "text": "However, because these cards have basic land types, effects that specify a basic land type without also specifying that the land be basic can affect them. For example, a spell or ability that reads “Destroy target Forest” can target Canopy Vista, while one that reads “Destroy target basic Forest” cannot."
        },
        {
          "date": "2015-08-25",
          "text": "If one of these lands enters the battlefield at the same time as any number of basic lands, those other lands are not counted when determining if this land enters the battlefield tapped or untapped."
        }
      ],
      "subtypes": [
        "Swamp",
        "Mountain"
      ],
      "text": "({T}: Add {B} or {R} to your mana pool.)\nSmoldering Marsh enters the battlefield tapped unless you control two or more basic lands.",
      "type": "Land — Swamp Mountain",
      "types": [
        "Land"
      ]
    },
    {
      "artist": "Titus Lunter",
      "colorIdentity": [
        "R",
        "G"
      ],
      "id": "5ef93ea1575505510cb9ad3ffda173c19d495f04",
      "imageName": "cinder glade",
      "layout": "normal",
      "legalities": [
        {
          "format": "Battle for Zendikar Block",
          "legality": "Legal"
        },
        {
          "format": "Commander",
          "legality": "Legal"
        },
        {
          "format": "Freeform",
          "legality": "Legal"
        },
        {
          "format": "Legacy",
          "legality": "Legal"
        },
        {
          "format": "Modern",
          "legality": "Legal"
        },
        {
          "format": "Prismatic",
          "legality": "Legal"
        },
        {
          "format": "Singleton 100",
          "legality": "Legal"
        },
        {
          "format": "Standard",
          "legality": "Legal"
        },
        {
          "format": "Tribal Wars Legacy",
          "legality": "Legal"
        },
        {
          "format": "Tribal Wars Standard",
          "legality": "Legal"
        },
        {
          "format": "Vintage",
          "legality": "Legal"
        }
      ],
      "mciNumber": "4",
      "multiverseid": 405097,
      "name": "Cinder Glade",
      "number": "4",
      "originalText": "Cinder Glade enters the battlefield tapped unless you control two or more basic lands.",
      "originalType": "Land — Mountain Forest",
      "printings": [
        "BFZ",
        "EXP"
      ],
      "rarity": "Mythic Rare",
      "rulings": [
        {
          "date": "2015-08-25",
          "text": "Even though these lands have basic land types, they are not basic lands because “basic” doesn’t appear on their type line. Notably, controlling two or more of them won’t allow others to enter the battlefield untapped."
        },
        {
          "date": "2015-08-25",
          "text": "However, because these cards have basic land types, effects that specify a basic land type without also specifying that the land be basic can affect them. For example, a spell or ability that reads “Destroy target Forest” can target Canopy Vista, while one that reads “Destroy target basic Forest” cannot."
        },
        {
          "date": "2015-08-25",
          "text": "If one of these lands enters the battlefield at the same time as any number of basic lands, those other lands are not counted when determining if this land enters the battlefield tapped or untapped."
        }
      ],
      "subtypes": [
        "Mountain",
        "Forest"
      ],
      "text": "({T}: Add {R} or {G} to your mana pool.)\nCinder Glade enters the battlefield tapped unless you control two or more basic lands.",
      "type": "Land — Mountain Forest",
      "types": [
        "Land"
      ]
    },
    {
      "artist": "Titus Lunter",
      "colorIdentity": [
        "W",
        "G"
      ],
      "id": "f9eeee1ef34c90c6a39acf5de384014fd574a513",
      "imageName": "canopy vista",
      "layout": "normal",
      "legalities": [
        {
          "format": "Battle for Zendikar Block",
          "legality": "Legal"
        },
        {
          "format": "Commander",
          "legality": "Legal"
        },
        {
          "format": "Freeform",
          "legality": "Legal"
        },
        {
          "format": "Legacy",
          "legality": "Legal"
        },
        {
          "format": "Modern",
          "legality": "Legal"
        },
        {
          "format": "Prismatic",
          "legality": "Legal"
        },
        {
          "format": "Singleton 100",
          "legality": "Legal"
        },
        {
          "format": "Standard",
          "legality": "Legal"
        },
        {
          "format": "Tribal Wars Legacy",
          "legality": "Legal"
        },
        {
          "format": "Tribal Wars Standard",
          "legality": "Legal"
        },
        {
          "format": "Vintage",
          "legality": "Legal"
        }
      ],
      "mciNumber": "5",
      "multiverseid": 405096,
      "name": "Canopy Vista",
      "number": "5",
      "originalText": "Canopy Vista enters the battlefield tapped unless you control two or more basic lands.",
      "originalType": "Land — Forest Plains",
      "printings": [
        "BFZ",
        "EXP"
      ],
      "rarity": "Mythic Rare",
      "rulings": [
        {
          "date": "2015-08-25",
          "text": "Even though these lands have basic land types, they are not basic lands because “basic” doesn’t appear on their type line. Notably, controlling two or more of them won’t allow others to enter the battlefield untapped."
        },
        {
          "date": "2015-08-25",
          "text": "However, because these cards have basic land types, effects that specify a basic land type without also specifying that the land be basic can affect them. For example, a spell or ability that reads “Destroy target Forest” can target Canopy Vista, while one that reads “Destroy target basic Forest” cannot."
        },
        {
          "date": "2015-08-25",
          "text": "If one of these lands enters the battlefield at the same time as any number of basic lands, those other lands are not counted when determining if this land enters the battlefield tapped or untapped."
        }
      ],
      "subtypes": [
        "Forest",
        "Plains"
      ],
      "text": "({T}: Add {G} or {W} to your mana pool.)\nCanopy Vista enters the battlefield tapped unless you control two or more basic lands.",
      "type": "Land — Forest Plains",
      "types": [
        "Land"
      ]
    },
    {
      "artist": "Min Yum",
      "colorIdentity": [
        "W",
        "U"
      ],
      "id": "00aa87bd1a15d7a6e32d7f18d4ca12d255005d1e",
      "imageName": "hallowed fountain",
      "layout": "normal",
      "legalities": [
        {
          "format": "Commander",
          "legality": "Legal"
        },
        {
          "format": "Freeform",
          "legality": "Legal"
        },
        {
          "format": "Legacy",
          "legality": "Legal"
        },
        {
          "format": "Modern",
          "legality": "Legal"
        },
        {
          "format": "Prismatic",
          "legality": "Legal"
        },
        {
          "format": "Ravnica Block",
          "legality": "Legal"
        },
        {
          "format": "Return to Ravnica Block",
          "legality": "Legal"
        },
        {
          "format": "Singleton 100",
          "legality": "Legal"
        },
        {
          "format": "Tribal Wars Legacy",
          "legality": "Legal"
        },
        {
          "format": "Vintage",
          "legality": "Legal"
        }
      ],
      "mciNumber": "6",
      "multiverseid": 405100,
      "name": "Hallowed Fountain",
      "number": "6",
      "originalText": "As Hallowed Fountain enters the battlefield, you may pay 2 life. If you don't, Hallowed Fountain enters the battlefield tapped.",
      "originalType": "Land — Plains Island",
      "printings": [
        "DIS",
        "RTR",
        "EXP"
      ],
      "rarity": "Mythic Rare",
      "rulings": [
        {
          "date": "2005-10-01",
          "text": "Has basic land types, but isn’t a basic land. Things that affect basic lands don’t affect it. For example, you can’t find it with Civic Wayfinder."
        },
        {
          "date": "2005-10-01",
          "text": "If another effect (such as Loxodon Gatekeeper’s ability) tells you to put lands onto the battlefield tapped, it enters the battlefield tapped whether you pay 2 life or not."
        },
        {
          "date": "2005-10-01",
          "text": "If multiple permanents with “as enters the battlefield” effects are entering the battlefield at the same time, process those effects one at a time, then put the permanents onto the battlefield all at once. For example, if you’re at 3 life and an effect puts two of these onto the battlefield, you can pay 2 life for only one of them, not both."
        }
      ],
      "subtypes": [
        "Plains",
        "Island"
      ],
      "text": "({T}: Add {W} or {U} to your mana pool.)\nAs Hallowed Fountain enters the battlefield, you may pay 2 life. If you don't, Hallowed Fountain enters the battlefield tapped.",
      "type": "Land — Plains Island",
      "types": [
        "Land"
      ]
    },
    {
      "artist": "Min Yum",
      "colorIdentity": [
        "U",
        "B"
      ],
      "id": "fa63b8fabe778f0d2789665c98772bdfcbecd859",
      "imageName": "watery grave",
      "layout": "normal",
      "legalities": [
        {
          "format": "Commander",
          "legality": "Legal"
        },
        {
          "format": "Freeform",
          "legality": "Legal"
        },
        {
          "format": "Legacy",
          "legality": "Legal"
        },
        {
          "format": "Modern",
          "legality": "Legal"
        },
        {
          "format": "Prismatic",
          "legality": "Legal"
        },
        {
          "format": "Ravnica Block",
          "legality": "Legal"
        },
        {
          "format": "Return to Ravnica Block",
          "legality": "Legal"
        },
        {
          "format": "Singleton 100",
          "legality": "Legal"
        },
        {
          "format": "Tribal Wars Legacy",
          "legality": "Legal"
        },
        {
          "format": "Vintage",
          "legality": "Legal"
        }
      ],
      "mciNumber": "7",
      "multiverseid": 405114,
      "name": "Watery Grave",
      "number": "7",
      "originalText": "As Watery Grave enters the battlefield, you may pay 2 life. If you don't, Watery Grave enters the battlefield tapped.",
      "originalType": "Land — Island Swamp",
      "printings": [
        "RAV",
        "GTC",
        "EXP"
      ],
      "rarity": "Mythic Rare",
      "rulings": [
        {
          "date": "2005-10-01",
          "text": "Has basic land types, but isn’t a basic land. Things that affect basic lands don’t affect it. For example, you can’t find it with Civic Wayfinder."
        },
        {
          "date": "2005-10-01",
          "text": "If another effect (such as Loxodon Gatekeeper’s ability) tells you to put lands onto the battlefield tapped, it enters the battlefield tapped whether you pay 2 life or not."
        },
        {
          "date": "2005-10-01",
          "text": "If multiple permanents with “as enters the battlefield” effects are entering the battlefield at the same time, process those effects one at a time, then put the permanents onto the battlefield all at once. For example, if you’re at 3 life and an effect puts two of these onto the battlefield, you can pay 2 life for only one of them, not both."
        }
      ],
      "subtypes": [
        "Island",
        "Swamp"
      ],
      "text": "({T}: Add {U} or {B} to your mana pool.)\nAs Watery Grave enters the battlefield, you may pay 2 life. If you don't, Watery Grave enters the battlefield tapped.",
      "type": "Land — Island Swamp",
      "types": [
        "Land"
      ]
    },
    {
      "artist": "Min Yum",
      "colorIdentity": [
        "B",
        "R"
      ],
      "id": "c4bb37e0e192105ae64c7918fbf5d2935a893aad",
      "imageName": "blood crypt",
      "layout": "normal",
      "legalities": [
        {
          "format": "Commander",
          "legality": "Legal"
        },
        {
          "format": "Freeform",
          "legality": "Legal"
        },
        {
          "format": "Legacy",
          "legality": "Legal"
        },
        {
          "format": "Modern",
          "legality": "Legal"
        },
        {
          "format": "Prismatic",
          "legality": "Legal"
        },
        {
          "format": "Ravnica Block",
          "legality": "Legal"
        },
        {
          "format": "Return to Ravnica Block",
          "legality": "Legal"
        },
        {
          "format": "Singleton 100",
          "legality": "Legal"
        },
        {
          "format": "Tribal Wars Legacy",
          "legality": "Legal"
        },
        {
          "format": "Vintage",
          "legality": "Legal"
        }
      ],
      "mciNumber": "8",
      "multiverseid": 405093,
      "name": "Blood Crypt",
      "number": "8",
      "originalText": "As Blood Crypt enters the battlefield, you may pay 2 life. If you don't, Blood Crypt enters the battlefield tapped.",
      "originalType": "Land — Swamp Mountain",
      "printings": [
        "DIS",
        "RTR",
        "EXP"
      ],
      "rarity": "Mythic Rare",
      "rulings": [
        {
          "date": "2005-10-01",
          "text": "Has basic land types, but isn’t a basic land. Things that affect basic lands don’t affect it. For example, you can’t find it with Civic Wayfinder."
        },
        {
          "date": "2005-10-01",
          "text": "If another effect (such as Loxodon Gatekeeper’s ability) tells you to put lands onto the battlefield tapped, it enters the battlefield tapped whether you pay 2 life or not."
        },
        {
          "date": "2005-10-01",
          "text": "If multiple permanents with “as enters the battlefield” effects are entering the battlefield at the same time, process those effects one at a time, then put the permanents onto the battlefield all at once. For example, if you’re at 3 life and an effect puts two of these onto the battlefield, you can pay 2 life for only one of them, not both."
        }
      ],
      "subtypes": [
        "Swamp",
        "Mountain"
      ],
      "text": "({T}: Add {B} or {R} to your mana pool.)\nAs Blood Crypt enters the battlefield, you may pay 2 life. If you don't, Blood Crypt enters the battlefield tapped.",
      "type": "Land — Swamp Mountain",
      "types": [
        "Land"
      ]
    },
    {
      "artist": "Min Yum",
      "colorIdentity": [
        "R",
        "G"
      ],
      "id": "00cc80de61ed73eb60f74e431d9ef705d599fa71",
      "imageName": "stomping ground",
      "layout": "normal",
      "legalities": [
        {
          "format": "Commander",
          "legality": "Legal"
        },
        {
          "format": "Freeform",
          "legality": "Legal"
        },
        {
          "format": "Legacy",
          "legality": "Legal"
        },
        {
          "format": "Modern",
          "legality": "Legal"
        },
        {
          "format": "Prismatic",
          "legality": "Legal"
        },
        {
          "format": "Ravnica Block",
          "legality": "Legal"
        },
        {
          "format": "Return to Ravnica Block",
          "legality": "Legal"
        },
        {
          "format": "Singleton 100",
          "legality": "Legal"
        },
        {
          "format": "Tribal Wars Legacy",
          "legality": "Legal"
        },
        {
          "format": "Vintage",
          "legality": "Legal"
        }
      ],
      "mciNumber": "9",
      "multiverseid": 405110,
      "name": "Stomping Ground",
      "number": "9",
      "originalText": "As Stomping Ground enters the battlefield, you may pay 2 life. If you don't, Stomping Ground enters the battlefield tapped.",
      "originalType": "Land — Mountain Forest",
      "printings": [
        "GPT",
        "GTC",
        "EXP"
      ],
      "rarity": "Mythic Rare",
      "rulings": [
        {
          "date": "2005-10-01",
          "text": "Has basic land types, but isn’t a basic land. Things that affect basic lands don’t affect it. For example, you can’t find it with Civic Wayfinder."
        },
        {
          "date": "2005-10-01",
          "text": "If another effect (such as Loxodon Gatekeeper’s ability) tells you to put lands onto the battlefield tapped, it enters the battlefield tapped whether you pay 2 life or not."
        },
        {
          "date": "2005-10-01",
          "text": "If multiple permanents with “as enters the battlefield” effects are entering the battlefield at the same time, process those effects one at a time, then put the permanents onto the battlefield all at once. For example, if you’re at 3 life and an effect puts two of these onto the battlefield, you can pay 2 life for only one of them, not both."
        }
      ],
      "subtypes": [
        "Mountain",
        "Forest"
      ],
      "text": "({T}: Add {R} or {G} to your mana pool.)\nAs Stomping Ground enters the battlefield, you may pay 2 life. If you don't, Stomping Ground enters the battlefield tapped.",
      "type": "Land — Mountain Forest",
      "types": [
        "Land"
      ]
    },
    {
      "artist": "Min Yum",
      "colorIdentity": [
        "W",
        "G"
      ],
      "id": "ac47ccf4b62757e08b9abfb7c261a35b86d4f8ef",
      "imageName": "temple garden",
      "layout": "normal",
      "legalities": [
        {
          "format": "Commander",
          "legality": "Legal"
        },
        {
          "format": "Freeform",
          "legality": "Legal"
        },
        {
          "format": "Legacy",
          "legality": "Legal"
        },
        {
          "format": "Modern",
          "legality": "Legal"
        },
        {
          "format": "Prismatic",
          "legality": "Legal"
        },
        {
          "format": "Ravnica Block",
          "legality": "Legal"
        },
        {
          "format": "Return to Ravnica Block",
          "legality": "Legal"
        },
        {
          "format": "Singleton 100",
          "legality": "Legal"
        },
        {
          "format": "Tribal Wars Legacy",
          "legality": "Legal"
        },
        {
          "format": "Vintage",
          "legality": "Legal"
        }
      ],
      "mciNumber": "10",
      "multiverseid": 405112,
      "name": "Temple Garden",
      "number": "10",
      "originalText": "As Temple Garden enters the battlefield, you may pay 2 life. If you don't, Temple Garden enters the battlefield tapped.",
      "originalType": "Land — Forest Plains",
      "printings": [
        "RAV",
        "RTR",
        "EXP"
      ],
      "rarity": "Mythic Rare",
      "rulings": [
        {
          "date": "2005-10-01",
          "text": "Has basic land types, but isn’t a basic land. Things that affect basic lands don’t affect it. For example, you can’t find it with Civic Wayfinder."
        },
        {
          "date": "2005-10-01",
          "text": "If another effect (such as Loxodon Gatekeeper’s ability) tells you to put lands onto the battlefield tapped, it enters the battlefield tapped whether you pay 2 life or not."
        },
        {
          "date": "2005-10-01",
          "text": "If multiple permanents with “as enters the battlefield” effects are entering the battlefield at the same time, process those effects one at a time, then put the permanents onto the battlefield all at once. For example, if you’re at 3 life and an effect puts two of these onto the battlefield, you can pay 2 life for only one of them, not both."
        }
      ],
      "subtypes": [
        "Forest",
        "Plains"
      ],
      "text": "({T}: Add {G} or {W} to your mana pool.)\nAs Temple Garden enters the battlefield, you may pay 2 life. If you don't, Temple Garden enters the battlefield tapped.",
      "type": "Land — Forest Plains",
      "types": [
        "Land"
      ]
    },
    {
      "artist": "Noah Bradley",
      "colorIdentity": [
        "W",
        "B"
      ],
      "id": "020cc61838deffeb370b16b3b39bb09716cdada0",
      "imageName": "godless shrine",
      "layout": "normal",
      "legalities": [
        {
          "format": "Commander",
          "legality": "Legal"
        },
        {
          "format": "Freeform",
          "legality": "Legal"
        },
        {
          "format": "Legacy",
          "legality": "Legal"
        },
        {
          "format": "Modern",
          "legality": "Legal"
        },
        {
          "format": "Prismatic",
          "legality": "Legal"
        },
        {
          "format": "Ravnica Block",
          "legality": "Legal"
        },
        {
          "format": "Return to Ravnica Block",
          "legality": "Legal"
        },
        {
          "format": "Singleton 100",
          "legality": "Legal"
        },
        {
          "format": "Tribal Wars Legacy",
          "legality": "Legal"
        },
        {
          "format": "Vintage",
          "legality": "Legal"
        }
      ],
      "mciNumber": "11",
      "multiverseid": 405099,
      "name": "Godless Shrine",
      "number": "11",
      "originalText": "As Godless Shrine enters the battlefield, you may pay 2 life. If you don't, Godless Shrine enters the battlefield tapped.",
      "originalType": "Land — Plains Swamp",
      "printings": [
        "GPT",
        "GTC",
        "EXP"
      ],
      "rarity": "Mythic Rare",
      "rulings": [
        {
          "date": "2005-10-01",
          "text": "Has basic land types, but isn’t a basic land. Things that affect basic lands don’t affect it. For example, you can’t find it with Civic Wayfinder."
        },
        {
          "date": "2005-10-01",
          "text": "If another effect (such as Loxodon Gatekeeper’s ability) tells you to put lands onto the battlefield tapped, it enters the battlefield tapped whether you pay 2 life or not."
        },
        {
          "date": "2005-10-01",
          "text": "If multiple permanents with “as enters the battlefield” effects are entering the battlefield at the same time, process those effects one at a time, then put the permanents onto the battlefield all at once. For example, if you’re at 3 life and an effect puts two of these onto the battlefield, you can pay 2 life for only one of them, not both."
        }
      ],
      "subtypes": [
        "Plains",
        "Swamp"
      ],
      "text": "({T}: Add {W} or {B} to your mana pool.)\nAs Godless Shrine enters the battlefield, you may pay 2 life. If you don't, Godless Shrine enters the battlefield tapped.",
      "type": "Land — Plains Swamp",
      "types": [
        "Land"
      ]
    },
    {
      "artist": "Noah Bradley",
      "colorIdentity": [
        "U",
        "R"
      ],
      "id": "ed8f569d8df8864c440ac4c68402e0f4b1bda2c3",
      "imageName": "steam vents",
      "layout": "normal",
      "legalities": [
        {
          "format": "Commander",
          "legality": "Legal"
        },
        {
          "format": "Freeform",
          "legality": "Legal"
        },
        {
          "format": "Legacy",
          "legality": "Legal"
        },
        {
          "format": "Modern",
          "legality": "Legal"
        },
        {
          "format": "Prismatic",
          "legality": "Legal"
        },
        {
          "format": "Ravnica Block",
          "legality": "Legal"
        },
        {
          "format": "Return to Ravnica Block",
          "legality": "Legal"
        },
        {
          "format": "Singleton 100",
          "legality": "Legal"
        },
        {
          "format": "Tribal Wars Legacy",
          "legality": "Legal"
        },
        {
          "format": "Vintage",
          "legality": "Legal"
        }
      ],
      "mciNumber": "12",
      "multiverseid": 405109,
      "name": "Steam Vents",
      "number": "12",
      "originalText": "As Steam Vents enters the battlefield, you may pay 2 life. If you don't, Steam Vents enters the battlefield tapped.",
      "originalType": "Land — Island Mountain",
      "printings": [
        "GPT",
        "RTR",
        "EXP"
      ],
      "rarity": "Mythic Rare",
      "rulings": [
        {
          "date": "2005-10-01",
          "text": "Has basic land types, but isn’t a basic land. Things that affect basic lands don’t affect it. For example, you can’t find it with Civic Wayfinder."
        },
        {
          "date": "2005-10-01",
          "text": "If another effect (such as Loxodon Gatekeeper’s ability) tells you to put lands onto the battlefield tapped, it enters the battlefield tapped whether you pay 2 life or not."
        },
        {
          "date": "2005-10-01",
          "text": "If multiple permanents with “as enters the battlefield” effects are entering the battlefield at the same time, process those effects one at a time, then put the permanents onto the battlefield all at once. For example, if you’re at 3 life and an effect puts two of these onto the battlefield, you can pay 2 life for only one of them, not both."
        }
      ],
      "subtypes": [
        "Island",
        "Mountain"
      ],
      "text": "({T}: Add {U} or {R} to your mana pool.)\nAs Steam Vents enters the battlefield, you may pay 2 life. If you don't, Steam Vents enters the battlefield tapped.",
      "type": "Land — Island Mountain",
      "types": [
        "Land"
      ]
    },
    {
      "artist": "Noah Bradley",
      "colorIdentity": [
        "B",
        "G"
      ],
      "id": "c65d663a5e9b197cea6409beaba2eded2be75b01",
      "imageName": "overgrown tomb",
      "layout": "normal",
      "legalities": [
        {
          "format": "Commander",
          "legality": "Legal"
        },
        {
          "format": "Freeform",
          "legality": "Legal"
        },
        {
          "format": "Legacy",
          "legality": "Legal"
        },
        {
          "format": "Modern",
          "legality": "Legal"
        },
        {
          "format": "Prismatic",
          "legality": "Legal"
        },
        {
          "format": "Ravnica Block",
          "legality": "Legal"
        },
        {
          "format": "Return to Ravnica Block",
          "legality": "Legal"
        },
        {
          "format": "Singleton 100",
          "legality": "Legal"
        },
        {
          "format": "Tribal Wars Legacy",
          "legality": "Legal"
        },
        {
          "format": "Vintage",
          "legality": "Legal"
        }
      ],
      "mciNumber": "13",
      "multiverseid": 405103,
      "name": "Overgrown Tomb",
      "number": "13",
      "originalText": "As Overgrown Tomb enters the battlefield, you may pay 2 life. If you don't, Overgrown Tomb enters the battlefield tapped.",
      "originalType": "Land — Swamp Forest",
      "printings": [
        "RAV",
        "RTR",
        "EXP"
      ],
      "rarity": "Mythic Rare",
      "rulings": [
        {
          "date": "2005-10-01",
          "text": "Has basic land types, but isn’t a basic land. Things that affect basic lands don’t affect it. For example, you can’t find it with Civic Wayfinder."
        },
        {
          "date": "2005-10-01",
          "text": "If another effect (such as Loxodon Gatekeeper’s ability) tells you to put lands onto the battlefield tapped, it enters the battlefield tapped whether you pay 2 life or not."
        },
        {
          "date": "2005-10-01",
          "text": "If multiple permanents with “as enters the battlefield” effects are entering the battlefield at the same time, process those effects one at a time, then put the permanents onto the battlefield all at once. For example, if you’re at 3 life and an effect puts two of these onto the battlefield, you can pay 2 life for only one of them, not both."
        }
      ],
      "subtypes": [
        "Swamp",
        "Forest"
      ],
      "text": "({T}: Add {B} or {G} to your mana pool.)\nAs Overgrown Tomb enters the battlefield, you may pay 2 life. If you don't, Overgrown Tomb enters the battlefield tapped.",
      "type": "Land — Swamp Forest",
      "types": [
        "Land"
      ]
    },
    {
      "artist": "Noah Bradley",
      "colorIdentity": [
        "W",
        "R"
      ],
      "id": "9cf179b4d5fa96385266a319f0107c179515486e",
      "imageName": "sacred foundry",
      "layout": "normal",
      "legalities": [
        {
          "format": "Commander",
          "legality": "Legal"
        },
        {
          "format": "Freeform",
          "legality": "Legal"
        },
        {
          "format": "Legacy",
          "legality": "Legal"
        },
        {
          "format": "Modern",
          "legality": "Legal"
        },
        {
          "format": "Prismatic",
          "legality": "Legal"
        },
        {
          "format": "Ravnica Block",
          "legality": "Legal"
        },
        {
          "format": "Return to Ravnica Block",
          "legality": "Legal"
        },
        {
          "format": "Singleton 100",
          "legality": "Legal"
        },
        {
          "format": "Tribal Wars Legacy",
          "legality": "Legal"
        },
        {
          "format": "Vintage",
          "legality": "Legal"
        }
      ],
      "mciNumber": "14",
      "multiverseid": 405106,
      "name": "Sacred Foundry",
      "number": "14",
      "originalText": "As Sacred Foundry enters the battlefield, you may pay 2 life. If you don't, Sacred Foundry enters the battlefield tapped.",
      "originalType": "Land — Mountain Plains",
      "printings": [
        "RAV",
        "GTC",
        "EXP"
      ],
      "rarity": "Mythic Rare",
      "rulings": [
        {
          "date": "2005-10-01",
          "text": "Has basic land types, but isn’t a basic land. Things that affect basic lands don’t affect it. For example, you can’t find it with Civic Wayfinder."
        },
        {
          "date": "2005-10-01",
          "text": "If another effect (such as Loxodon Gatekeeper’s ability) tells you to put lands onto the battlefield tapped, it enters the battlefield tapped whether you pay 2 life or not."
        },
        {
          "date": "2005-10-01",
          "text": "If multiple permanents with “as enters the battlefield” effects are entering the battlefield at the same time, process those effects one at a time, then put the permanents onto the battlefield all at once. For example, if you’re at 3 life and an effect puts two of these onto the battlefield, you can pay 2 life for only one of them, not both."
        }
      ],
      "subtypes": [
        "Mountain",
        "Plains"
      ],
      "text": "({T}: Add {R} or {W} to your mana pool.)\nAs Sacred Foundry enters the battlefield, you may pay 2 life. If you don't, Sacred Foundry enters the battlefield tapped.",
      "type": "Land — Mountain Plains",
      "types": [
        "Land"
      ]
    },
    {
      "artist": "Noah Bradley",
      "colorIdentity": [
        "U",
        "G"
      ],
      "id": "4ddf713bb536d1ab5ade931e78469dc43f0996e7",
      "imageName": "breeding pool",
      "layout": "normal",
      "legalities": [
        {
          "format": "Commander",
          "legality": "Legal"
        },
        {
          "format": "Freeform",
          "legality": "Legal"
        },
        {
          "format": "Legacy",
          "legality": "Legal"
        },
        {
          "format": "Modern",
          "legality": "Legal"
        },
        {
          "format": "Prismatic",
          "legality": "Legal"
        },
        {
          "format": "Ravnica Block",
          "legality": "Legal"
        },
        {
          "format": "Return to Ravnica Block",
          "legality": "Legal"
        },
        {
          "format": "Singleton 100",
          "legality": "Legal"
        },
        {
          "format": "Tribal Wars Legacy",
          "legality": "Legal"
        },
        {
          "format": "Vintage",
          "legality": "Legal"
        }
      ],
      "mciNumber": "15",
      "multiverseid": 405095,
      "name": "Breeding Pool",
      "number": "15",
      "originalText": "As Breeding Pool enters the battlefield, you may pay 2 life. If you don't, Breeding Pool enters the battlefield tapped.",
      "originalType": "Land — Forest Island",
      "printings": [
        "DIS",
        "GTC",
        "EXP"
      ],
      "rarity": "Mythic Rare",
      "rulings": [
        {
          "date": "2005-10-01",
          "text": "Has basic land types, but isn’t a basic land. Things that affect basic lands don’t affect it. For example, you can’t find it with Civic Wayfinder."
        },
        {
          "date": "2005-10-01",
          "text": "If another effect (such as Loxodon Gatekeeper’s ability) tells you to put lands onto the battlefield tapped, it enters the battlefield tapped whether you pay 2 life or not."
        },
        {
          "date": "2005-10-01",
          "text": "If multiple permanents with “as enters the battlefield” effects are entering the battlefield at the same time, process those effects one at a time, then put the permanents onto the battlefield all at once. For example, if you’re at 3 life and an effect puts two of these onto the battlefield, you can pay 2 life for only one of them, not both."
        }
      ],
      "subtypes": [
        "Forest",
        "Island"
      ],
      "text": "({T}: Add {G} or {U} to your mana pool.)\nAs Breeding Pool enters the battlefield, you may pay 2 life. If you don't, Breeding Pool enters the battlefield tapped.",
      "type": "Land — Forest Island",
      "types": [
        "Land"
      ]
    },
    {
      "artist": "Véronique Meignaud",
      "id": "1c84f2089626f36ee93f9b9f7f5184d3fec5faec",
      "imageName": "flooded strand",
      "layout": "normal",
      "legalities": [
        {
          "format": "Commander",
          "legality": "Legal"
        },
        {
          "format": "Freeform",
          "legality": "Legal"
        },
        {
          "format": "Khans of Tarkir Block",
          "legality": "Legal"
        },
        {
          "format": "Legacy",
          "legality": "Legal"
        },
        {
          "format": "Modern",
          "legality": "Legal"
        },
        {
          "format": "Onslaught Block",
          "legality": "Legal"
        },
        {
          "format": "Prismatic",
          "legality": "Legal"
        },
        {
          "format": "Singleton 100",
          "legality": "Legal"
        },
        {
          "format": "Tribal Wars Legacy",
          "legality": "Legal"
        },
        {
          "format": "Tribal Wars Standard",
          "legality": "Legal"
        },
        {
          "format": "Vintage",
          "legality": "Legal"
        }
      ],
      "mciNumber": "16",
      "multiverseid": 405098,
      "name": "Flooded Strand",
      "number": "16",
      "originalText": "{T}, Pay 1 life, Sacrifice Flooded Strand: Search your library for a Plains or Island card and put it onto the battlefield. Then shuffle your library.",
      "originalType": "Land",
      "printings": [
        "pJGP",
        "ONS",
        "KTK",
        "EXP"
      ],
      "rarity": "Mythic Rare",
      "text": "{T}, Pay 1 life, Sacrifice Flooded Strand: Search your library for a Plains or Island card and put it onto the battlefield. Then shuffle your library.",
      "type": "Land",
      "types": [
        "Land"
      ]
    },
    {
      "artist": "Véronique Meignaud",
      "id": "c3472574b7ab36b315af28b7f8e08f3e3f22da88",
      "imageName": "polluted delta",
      "layout": "normal",
      "legalities": [
        {
          "format": "Commander",
          "legality": "Legal"
        },
        {
          "format": "Freeform",
          "legality": "Legal"
        },
        {
          "format": "Khans of Tarkir Block",
          "legality": "Legal"
        },
        {
          "format": "Legacy",
          "legality": "Legal"
        },
        {
          "format": "Modern",
          "legality": "Legal"
        },
        {
          "format": "Onslaught Block",
          "legality": "Legal"
        },
        {
          "format": "Prismatic",
          "legality": "Legal"
        },
        {
          "format": "Singleton 100",
          "legality": "Legal"
        },
        {
          "format": "Tribal Wars Legacy",
          "legality": "Legal"
        },
        {
          "format": "Tribal Wars Standard",
          "legality": "Legal"
        },
        {
          "format": "Vintage",
          "legality": "Legal"
        }
      ],
      "mciNumber": "17",
      "multiverseid": 405104,
      "name": "Polluted Delta",
      "number": "17",
      "originalText": "{T}, Pay 1 life, Sacrifice Polluted Delta: Search your library for an Island or Swamp card and put it onto the battlefield. Then shuffle your library.",
      "originalType": "Land",
      "printings": [
        "pJGP",
        "ONS",
        "KTK",
        "EXP"
      ],
      "rarity": "Mythic Rare",
      "text": "{T}, Pay 1 life, Sacrifice Polluted Delta: Search your library for an Island or Swamp card and put it onto the battlefield. Then shuffle your library.",
      "type": "Land",
      "types": [
        "Land"
      ]
    },
    {
      "artist": "Véronique Meignaud",
      "id": "97821ea5992328692f5756b61524d1f45fca17e0",
      "imageName": "bloodstained mire",
      "layout": "normal",
      "legalities": [
        {
          "format": "Commander",
          "legality": "Legal"
        },
        {
          "format": "Freeform",
          "legality": "Legal"
        },
        {
          "format": "Khans of Tarkir Block",
          "legality": "Legal"
        },
        {
          "format": "Legacy",
          "legality": "Legal"
        },
        {
          "format": "Modern",
          "legality": "Legal"
        },
        {
          "format": "Onslaught Block",
          "legality": "Legal"
        },
        {
          "format": "Prismatic",
          "legality": "Legal"
        },
        {
          "format": "Singleton 100",
          "legality": "Legal"
        },
        {
          "format": "Tribal Wars Legacy",
          "legality": "Legal"
        },
        {
          "format": "Tribal Wars Standard",
          "legality": "Legal"
        },
        {
          "format": "Vintage",
          "legality": "Legal"
        }
      ],
      "mciNumber": "18",
      "multiverseid": 405094,
      "name": "Bloodstained Mire",
      "number": "18",
      "originalText": "{T}, Pay 1 life, Sacrifice Bloodstained Mire: Search your library for a Swamp or Mountain card and put it onto the battlefield. Then shuffle your library.",
      "originalType": "Land",
      "printings": [
        "pJGP",
        "ONS",
        "KTK",
        "EXP"
      ],
      "rarity": "Mythic Rare",
      "text": "{T}, Pay 1 life, Sacrifice Bloodstained Mire: Search your library for a Swamp or Mountain card and put it onto the battlefield. Then shuffle your library.",
      "type": "Land",
      "types": [
        "Land"
      ]
    },
    {
      "artist": "Véronique Meignaud",
      "id": "15281e97b15a2fb579b4d069e5f3dfb388c9a659",
      "imageName": "wooded foothills",
      "layout": "normal",
      "legalities": [
        {
          "format": "Commander",
          "legality": "Legal"
        },
        {
          "format": "Freeform",
          "legality": "Legal"
        },
        {
          "format": "Khans of Tarkir Block",
          "legality": "Legal"
        },
        {
          "format": "Legacy",
          "legality": "Legal"
        },
        {
          "format": "Modern",
          "legality": "Legal"
        },
        {
          "format": "Onslaught Block",
          "legality": "Legal"
        },
        {
          "format": "Prismatic",
          "legality": "Legal"
        },
        {
          "format": "Singleton 100",
          "legality": "Legal"
        },
        {
          "format": "Tribal Wars Legacy",
          "legality": "Legal"
        },
        {
          "format": "Tribal Wars Standard",
          "legality": "Legal"
        },
        {
          "format": "Vintage",
          "legality": "Legal"
        }
      ],
      "mciNumber": "19",
      "multiverseid": 405116,
      "name": "Wooded Foothills",
      "number": "19",
      "originalText": "{T}, Pay 1 life, Sacrifice Wooded Foothills: Search your library for a Mountain or Forest card and put it onto the battlefield. Then shuffle your library.",
      "originalType": "Land",
      "printings": [
        "pJGP",
        "ONS",
        "KTK",
        "EXP"
      ],
      "rarity": "Mythic Rare",
      "text": "{T}, Pay 1 life, Sacrifice Wooded Foothills: Search your library for a Mountain or Forest card and put it onto the battlefield. Then shuffle your library.",
      "type": "Land",
      "types": [
        "Land"
      ]
    },
    {
      "artist": "Véronique Meignaud",
      "id": "39c4723707efd6932a56d8d58930fc01947dc28b",
      "imageName": "windswept heath",
      "layout": "normal",
      "legalities": [
        {
          "format": "Commander",
          "legality": "Legal"
        },
        {
          "format": "Freeform",
          "legality": "Legal"
        },
        {
          "format": "Khans of Tarkir Block",
          "legality": "Legal"
        },
        {
          "format": "Legacy",
          "legality": "Legal"
        },
        {
          "format": "Modern",
          "legality": "Legal"
        },
        {
          "format": "Onslaught Block",
          "legality": "Legal"
        },
        {
          "format": "Prismatic",
          "legality": "Legal"
        },
        {
          "format": "Singleton 100",
          "legality": "Legal"
        },
        {
          "format": "Tribal Wars Legacy",
          "legality": "Legal"
        },
        {
          "format": "Tribal Wars Standard",
          "legality": "Legal"
        },
        {
          "format": "Vintage",
          "legality": "Legal"
        }
      ],
      "mciNumber": "20",
      "multiverseid": 405115,
      "name": "Windswept Heath",
      "number": "20",
      "originalText": "{T}, Pay 1 life, Sacrifice Windswept Heath: Search your library for a Forest or Plains card and put it onto the battlefield. Then shuffle your library.",
      "originalType": "Land",
      "printings": [
        "pJGP",
        "ONS",
        "KTK",
        "EXP"
      ],
      "rarity": "Mythic Rare",
      "text": "{T}, Pay 1 life, Sacrifice Windswept Heath: Search your library for a Forest or Plains card and put it onto the battlefield. Then shuffle your library.",
      "type": "Land",
      "types": [
        "Land"
      ]
    },
    {
      "artist": "Ryan Yee",
      "id": "edb9ca8df40d6c59029f72417ea48f59fc6a4ec6",
      "imageName": "marsh flats",
      "layout": "normal",
      "legalities": [
        {
          "format": "Commander",
          "legality": "Legal"
        },
        {
          "format": "Freeform",
          "legality": "Legal"
        },
        {
          "format": "Legacy",
          "legality": "Legal"
        },
        {
          "format": "Modern",
          "legality": "Legal"
        },
        {
          "format": "Prismatic",
          "legality": "Legal"
        },
        {
          "format": "Singleton 100",
          "legality": "Legal"
        },
        {
          "format": "Tribal Wars Legacy",
          "legality": "Legal"
        },
        {
          "format": "Vintage",
          "legality": "Legal"
        },
        {
          "format": "Zendikar Block",
          "legality": "Legal"
        }
      ],
      "mciNumber": "21",
      "multiverseid": 405101,
      "name": "Marsh Flats",
      "number": "21",
      "originalText": "{T}, Pay 1 life, Sacrifice Marsh Flats: Search your library for a Plains or Swamp card and put it onto the battlefield. Then shuffle your library.",
      "originalType": "Land",
      "printings": [
        "ZEN",
        "EXP"
      ],
      "rarity": "Mythic Rare",
      "text": "{T}, Pay 1 life, Sacrifice Marsh Flats: Search your library for a Plains or Swamp card and put it onto the battlefield. Then shuffle your library.",
      "type": "Land",
      "types": [
        "Land"
      ]
    },
    {
      "artist": "Ryan Yee",
      "id": "eb01ba5d98e2fca1479a39e89cfbfaab86938e56",
      "imageName": "scalding tarn",
      "layout": "normal",
      "legalities": [
        {
          "format": "Commander",
          "legality": "Legal"
        },
        {
          "format": "Freeform",
          "legality": "Legal"
        },
        {
          "format": "Legacy",
          "legality": "Legal"
        },
        {
          "format": "Modern",
          "legality": "Legal"
        },
        {
          "format": "Prismatic",
          "legality": "Legal"
        },
        {
          "format": "Singleton 100",
          "legality": "Legal"
        },
        {
          "format": "Tribal Wars Legacy",
          "legality": "Legal"
        },
        {
          "format": "Vintage",
          "legality": "Legal"
        },
        {
          "format": "Zendikar Block",
          "legality": "Legal"
        }
      ],
      "mciNumber": "22",
      "multiverseid": 405107,
      "name": "Scalding Tarn",
      "number": "22",
      "originalText": "{T}, Pay 1 life, Sacrifice Scalding Tarn: Search your library for an Island or Mountain card and put it onto the battlefield. Then shuffle your library.",
      "originalType": "Land",
      "printings": [
        "ZEN",
        "EXP"
      ],
      "rarity": "Mythic Rare",
      "text": "{T}, Pay 1 life, Sacrifice Scalding Tarn: Search your library for an Island or Mountain card and put it onto the battlefield. Then shuffle your library.",
      "type": "Land",
      "types": [
        "Land"
      ]
    },
    {
      "artist": "Ryan Yee",
      "id": "268bfaee16d00a6c2d8af5e99fdc63ba74474de3",
      "imageName": "verdant catacombs",
      "layout": "normal",
      "legalities": [
        {
          "format": "Commander",
          "legality": "Legal"
        },
        {
          "format": "Freeform",
          "legality": "Legal"
        },
        {
          "format": "Legacy",
          "legality": "Legal"
        },
        {
          "format": "Modern",
          "legality": "Legal"
        },
        {
          "format": "Prismatic",
          "legality": "Legal"
        },
        {
          "format": "Singleton 100",
          "legality": "Legal"
        },
        {
          "format": "Tribal Wars Legacy",
          "legality": "Legal"
        },
        {
          "format": "Vintage",
          "legality": "Legal"
        },
        {
          "format": "Zendikar Block",
          "legality": "Legal"
        }
      ],
      "mciNumber": "23",
      "multiverseid": 405113,
      "name": "Verdant Catacombs",
      "number": "23",
      "originalText": "{T}, Pay 1 life, Sacrifice Verdant Catacombs: Search your library for a Swamp or Forest card and put it onto the battlefield. Then shuffle your library.",
      "originalType": "Land",
      "printings": [
        "ZEN",
        "EXP"
      ],
      "rarity": "Mythic Rare",
      "text": "{T}, Pay 1 life, Sacrifice Verdant Catacombs: Search your library for a Swamp or Forest card and put it onto the battlefield. Then shuffle your library.",
      "type": "Land",
      "types": [
        "Land"
      ]
    },
    {
      "artist": "Ryan Yee",
      "id": "ad142604cb048cfbbea1618e5163050bd5736512",
      "imageName": "arid mesa",
      "layout": "normal",
      "legalities": [
        {
          "format": "Commander",
          "legality": "Legal"
        },
        {
          "format": "Freeform",
          "legality": "Legal"
        },
        {
          "format": "Legacy",
          "legality": "Legal"
        },
        {
          "format": "Modern",
          "legality": "Legal"
        },
        {
          "format": "Prismatic",
          "legality": "Legal"
        },
        {
          "format": "Singleton 100",
          "legality": "Legal"
        },
        {
          "format": "Tribal Wars Legacy",
          "legality": "Legal"
        },
        {
          "format": "Vintage",
          "legality": "Legal"
        },
        {
          "format": "Zendikar Block",
          "legality": "Legal"
        }
      ],
      "mciNumber": "24",
      "multiverseid": 405092,
      "name": "Arid Mesa",
      "number": "24",
      "originalText": "{T}, Pay 1 life, Sacrifice Arid Mesa: Search your library for a Mountain or Plains card and put it onto the battlefield. Then shuffle your library.",
      "originalType": "Land",
      "printings": [
        "ZEN",
        "EXP"
      ],
      "rarity": "Mythic Rare",
      "text": "{T}, Pay 1 life, Sacrifice Arid Mesa: Search your library for a Mountain or Plains card and put it onto the battlefield. Then shuffle your library.",
      "type": "Land",
      "types": [
        "Land"
      ]
    },
    {
      "artist": "Ryan Yee",
      "id": "e08d84be1ea42db0175d0f0d7542ef7854380fa9",
      "imageName": "misty rainforest",
      "layout": "normal",
      "legalities": [
        {
          "format": "Commander",
          "legality": "Legal"
        },
        {
          "format": "Freeform",
          "legality": "Legal"
        },
        {
          "format": "Legacy",
          "legality": "Legal"
        },
        {
          "format": "Modern",
          "legality": "Legal"
        },
        {
          "format": "Prismatic",
          "legality": "Legal"
        },
        {
          "format": "Singleton 100",
          "legality": "Legal"
        },
        {
          "format": "Tribal Wars Legacy",
          "legality": "Legal"
        },
        {
          "format": "Vintage",
          "legality": "Legal"
        },
        {
          "format": "Zendikar Block",
          "legality": "Legal"
        }
      ],
      "mciNumber": "25",
      "multiverseid": 405102,
      "name": "Misty Rainforest",
      "number": "25",
      "originalText": "{T}, Pay 1 life, Sacrifice Misty Rainforest: Search your library for a Forest or Island card and put it onto the battlefield. Then shuffle your library.",
      "originalType": "Land",
      "printings": [
        "ZEN",
        "EXP"
      ],
      "rarity": "Mythic Rare",
      "text": "{T}, Pay 1 life, Sacrifice Misty Rainforest: Search your library for a Forest or Island card and put it onto the battlefield. Then shuffle your library.",
      "type": "Land",
      "types": [
        "Land"
      ]
    },
    {
      "artist": "Adam Paquette",
      "colorIdentity": [
        "W",
        "U"
      ],
      "id": "35256ce399c6eb5e9086cf0c6b283d6a87340993",
      "imageName": "mystic gate",
      "layout": "normal",
      "legalities": [
        {
          "format": "Commander",
          "legality": "Legal"
        },
        {
          "format": "Freeform",
          "legality": "Legal"
        },
        {
          "format": "Legacy",
          "legality": "Legal"
        },
        {
          "format": "Lorwyn-Shadowmoor Block",
          "legality": "Legal"
        },
        {
          "format": "Modern",
          "legality": "Legal"
        },
        {
          "format": "Prismatic",
          "legality": "Legal"
        },
        {
          "format": "Singleton 100",
          "legality": "Legal"
        },
        {
          "format": "Tribal Wars Legacy",
          "legality": "Legal"
        },
        {
          "format": "Vintage",
          "legality": "Legal"
        }
      ],
      "multiverseid": 409557,
      "name": "Mystic Gate",
      "number": "26",
      "originalText": "{T}: Add {C} to your mana pool.\n{W/U}, {T}: Add {W}{W}, {W}{U}, or {U}{U} to your mana pool.",
      "originalType": "Land",
      "printings": [
        "SHM",
        "EXP"
      ],
      "rarity": "Mythic Rare",
      "text": "{T}: Add {C} to your mana pool.\n{W/U}, {T}: Add {W}{W}, {W}{U}, or {U}{U} to your mana pool.",
      "type": "Land",
      "types": [
        "Land"
      ]
    },
    {
      "artist": "Adam Paquette",
      "colorIdentity": [
        "U",
        "B"
      ],
      "id": "617479eceec83c8263268851db18217c8424c2e0",
      "imageName": "sunken ruins",
      "layout": "normal",
      "legalities": [
        {
          "format": "Commander",
          "legality": "Legal"
        },
        {
          "format": "Freeform",
          "legality": "Legal"
        },
        {
          "format": "Legacy",
          "legality": "Legal"
        },
        {
          "format": "Lorwyn-Shadowmoor Block",
          "legality": "Legal"
        },
        {
          "format": "Modern",
          "legality": "Legal"
        },
        {
          "format": "Prismatic",
          "legality": "Legal"
        },
        {
          "format": "Singleton 100",
          "legality": "Legal"
        },
        {
          "format": "Tribal Wars Legacy",
          "legality": "Legal"
        },
        {
          "format": "Vintage",
          "legality": "Legal"
        }
      ],
      "multiverseid": 409558,
      "name": "Sunken Ruins",
      "number": "27",
      "originalText": "{T}: Add {C} to your mana pool.\n{U/B}, {T}: Add {U}{U}, {U}{B}, or {B}{B} to your mana pool.",
      "originalType": "Land",
      "printings": [
        "SHM",
        "EXP"
      ],
      "rarity": "Mythic Rare",
      "text": "{T}: Add {C} to your mana pool.\n{U/B}, {T}: Add {U}{U}, {U}{B}, or {B}{B} to your mana pool.",
      "type": "Land",
      "types": [
        "Land"
      ]
    },
    {
      "artist": "Adam Paquette",
      "colorIdentity": [
        "B",
        "R"
      ],
      "id": "7418cdad4017b41b8185d093f37642af89a7ed19",
      "imageName": "graven cairns",
      "layout": "normal",
      "legalities": [
        {
          "format": "Commander",
          "legality": "Legal"
        },
        {
          "format": "Freeform",
          "legality": "Legal"
        },
        {
          "format": "Legacy",
          "legality": "Legal"
        },
        {
          "format": "Lorwyn-Shadowmoor Block",
          "legality": "Legal"
        },
        {
          "format": "Modern",
          "legality": "Legal"
        },
        {
          "format": "Prismatic",
          "legality": "Legal"
        },
        {
          "format": "Singleton 100",
          "legality": "Legal"
        },
        {
          "format": "Time Spiral Block",
          "legality": "Legal"
        },
        {
          "format": "Tribal Wars Legacy",
          "legality": "Legal"
        },
        {
          "format": "Vintage",
          "legality": "Legal"
        }
      ],
      "multiverseid": 409559,
      "name": "Graven Cairns",
      "number": "28",
      "originalText": "{T}: Add {C} to your mana pool.\n{B/R}, {T}: Add {B}{B}, {B}{R}, or {R}{R} to your mana pool.",
      "originalType": "Land",
      "printings": [
        "FUT",
        "SHM",
        "EXP"
      ],
      "rarity": "Mythic Rare",
      "rulings": [
        {
          "date": "2007-05-01",
          "text": "{(b/r)}, {T}” is the same as saying “{B}, {T} or {R}, {T}."
        }
      ],
      "text": "{T}: Add {C} to your mana pool.\n{B/R}, {T}: Add {B}{B}, {B}{R}, or {R}{R} to your mana pool.",
      "type": "Land",
      "types": [
        "Land"
      ]
    },
    {
      "artist": "Adam Paquette",
      "colorIdentity": [
        "R",
        "G"
      ],
      "id": "45a8bfbeae0b6750632b5af8acfbdcdc96954c70",
      "imageName": "fire-lit thicket",
      "layout": "normal",
      "legalities": [
        {
          "format": "Commander",
          "legality": "Legal"
        },
        {
          "format": "Freeform",
          "legality": "Legal"
        },
        {
          "format": "Legacy",
          "legality": "Legal"
        },
        {
          "format": "Lorwyn-Shadowmoor Block",
          "legality": "Legal"
        },
        {
          "format": "Modern",
          "legality": "Legal"
        },
        {
          "format": "Prismatic",
          "legality": "Legal"
        },
        {
          "format": "Singleton 100",
          "legality": "Legal"
        },
        {
          "format": "Tribal Wars Legacy",
          "legality": "Legal"
        },
        {
          "format": "Vintage",
          "legality": "Legal"
        }
      ],
      "multiverseid": 409560,
      "name": "Fire-Lit Thicket",
      "number": "29",
      "originalText": "{T}: Add {C} to your mana pool.\n{R/G}, {T}: Add {R}{R}, {R}{G}, or {G}{G} to your mana pool.",
      "originalType": "Land",
      "printings": [
        "SHM",
        "EXP"
      ],
      "rarity": "Mythic Rare",
      "text": "{T}: Add {C} to your mana pool.\n{R/G}, {T}: Add {R}{R}, {R}{G}, or {G}{G} to your mana pool.",
      "type": "Land",
      "types": [
        "Land"
      ]
    },
    {
      "artist": "Adam Paquette",
      "colorIdentity": [
        "G",
        "W"
      ],
      "id": "03f4e2087e30f22b7d99ad08b47135b58bd47c25",
      "imageName": "wooded bastion",
      "layout": "normal",
      "legalities": [
        {
          "format": "Commander",
          "legality": "Legal"
        },
        {
          "format": "Freeform",
          "legality": "Legal"
        },
        {
          "format": "Legacy",
          "legality": "Legal"
        },
        {
          "format": "Lorwyn-Shadowmoor Block",
          "legality": "Legal"
        },
        {
          "format": "Modern",
          "legality": "Legal"
        },
        {
          "format": "Prismatic",
          "legality": "Legal"
        },
        {
          "format": "Singleton 100",
          "legality": "Legal"
        },
        {
          "format": "Tribal Wars Legacy",
          "legality": "Legal"
        },
        {
          "format": "Vintage",
          "legality": "Legal"
        }
      ],
      "multiverseid": 409561,
      "name": "Wooded Bastion",
      "number": "30",
      "originalText": "{T}: Add {C} to your mana pool.\n{G/W}, {T}: Add {G}{G}, {G}{W}, or {W}{W} to your mana pool.",
      "originalType": "Land",
      "printings": [
        "SHM",
        "EXP"
      ],
      "rarity": "Mythic Rare",
      "text": "{T}: Add {C} to your mana pool.\n{G/W}, {T}: Add {G}{G}, {G}{W}, or {W}{W} to your mana pool.",
      "type": "Land",
      "types": [
        "Land"
      ]
    },
    {
      "artist": "Christine Choi",
      "colorIdentity": [
        "W",
        "B"
      ],
      "id": "64cd45e681560c0c40dd35e94fbafe6131a0a4d1",
      "imageName": "fetid heath",
      "layout": "normal",
      "legalities": [
        {
          "format": "Commander",
          "legality": "Legal"
        },
        {
          "format": "Freeform",
          "legality": "Legal"
        },
        {
          "format": "Legacy",
          "legality": "Legal"
        },
        {
          "format": "Lorwyn-Shadowmoor Block",
          "legality": "Legal"
        },
        {
          "format": "Modern",
          "legality": "Legal"
        },
        {
          "format": "Prismatic",
          "legality": "Legal"
        },
        {
          "format": "Singleton 100",
          "legality": "Legal"
        },
        {
          "format": "Tribal Wars Legacy",
          "legality": "Legal"
        },
        {
          "format": "Vintage",
          "legality": "Legal"
        }
      ],
      "multiverseid": 409562,
      "name": "Fetid Heath",
      "number": "31",
      "originalText": "{T}: Add {C} to your mana pool.\n{W/B}, {T}: Add {W}{W}, {W}{B}, or {B}{B} to your mana pool.",
      "originalType": "Land",
      "printings": [
        "EVE",
        "EXP"
      ],
      "rarity": "Mythic Rare",
      "text": "{T}: Add {C} to your mana pool.\n{W/B}, {T}: Add {W}{W}, {W}{B}, or {B}{B} to your mana pool.",
      "type": "Land",
      "types": [
        "Land"
      ]
    },
    {
      "artist": "Christine Choi",
      "colorIdentity": [
        "U",
        "R"
      ],
      "id": "df56ef2072719e1711cbe0c99780056f3e125a6a",
      "imageName": "cascade bluffs",
      "layout": "normal",
      "legalities": [
        {
          "format": "Commander",
          "legality": "Legal"
        },
        {
          "format": "Freeform",
          "legality": "Legal"
        },
        {
          "format": "Legacy",
          "legality": "Legal"
        },
        {
          "format": "Lorwyn-Shadowmoor Block",
          "legality": "Legal"
        },
        {
          "format": "Modern",
          "legality": "Legal"
        },
        {
          "format": "Prismatic",
          "legality": "Legal"
        },
        {
          "format": "Singleton 100",
          "legality": "Legal"
        },
        {
          "format": "Tribal Wars Legacy",
          "legality": "Legal"
        },
        {
          "format": "Vintage",
          "legality": "Legal"
        }
      ],
      "multiverseid": 409563,
      "name": "Cascade Bluffs",
      "number": "32",
      "originalText": "{T}: Add {C} to your mana pool.\n{U/R}, {T}: Add {U}{U}, {U}{R}, or {R}{R} to your mana pool.",
      "originalType": "Land",
      "printings": [
        "EVE",
        "EXP"
      ],
      "rarity": "Mythic Rare",
      "text": "{T}: Add {C} to your mana pool.\n{U/R}, {T}: Add {U}{U}, {U}{R}, or {R}{R} to your mana pool.",
      "type": "Land",
      "types": [
        "Land"
      ]
    },
    {
      "artist": "Christine Choi",
      "colorIdentity": [
        "B",
        "G"
      ],
      "id": "19e599b9e6f42902f0cd3f24df6160d20ebfa6cb",
      "imageName": "twilight mire",
      "layout": "normal",
      "legalities": [
        {
          "format": "Commander",
          "legality": "Legal"
        },
        {
          "format": "Freeform",
          "legality": "Legal"
        },
        {
          "format": "Legacy",
          "legality": "Legal"
        },
        {
          "format": "Lorwyn-Shadowmoor Block",
          "legality": "Legal"
        },
        {
          "format": "Modern",
          "legality": "Legal"
        },
        {
          "format": "Prismatic",
          "legality": "Legal"
        },
        {
          "format": "Singleton 100",
          "legality": "Legal"
        },
        {
          "format": "Tribal Wars Legacy",
          "legality": "Legal"
        },
        {
          "format": "Vintage",
          "legality": "Legal"
        }
      ],
      "multiverseid": 409564,
      "name": "Twilight Mire",
      "number": "33",
      "originalText": "{T}: Add {C} to your mana pool.\n{B/G}, {T}: Add {B}{B}, {B}{G}, or {G}{G} to your mana pool.",
      "originalType": "Land",
      "printings": [
        "EVE",
        "EXP"
      ],
      "rarity": "Mythic Rare",
      "text": "{T}: Add {C} to your mana pool.\n{B/G}, {T}: Add {B}{B}, {B}{G}, or {G}{G} to your mana pool.",
      "type": "Land",
      "types": [
        "Land"
      ]
    },
    {
      "artist": "Christine Choi",
      "colorIdentity": [
        "R",
        "W"
      ],
      "id": "08da05f75afa836775af4fa406ab693d2a34dc01",
      "imageName": "rugged prairie",
      "layout": "normal",
      "legalities": [
        {
          "format": "Commander",
          "legality": "Legal"
        },
        {
          "format": "Freeform",
          "legality": "Legal"
        },
        {
          "format": "Legacy",
          "legality": "Legal"
        },
        {
          "format": "Lorwyn-Shadowmoor Block",
          "legality": "Legal"
        },
        {
          "format": "Modern",
          "legality": "Legal"
        },
        {
          "format": "Prismatic",
          "legality": "Legal"
        },
        {
          "format": "Singleton 100",
          "legality": "Legal"
        },
        {
          "format": "Tribal Wars Legacy",
          "legality": "Legal"
        },
        {
          "format": "Vintage",
          "legality": "Legal"
        }
      ],
      "multiverseid": 409565,
      "name": "Rugged Prairie",
      "number": "34",
      "originalText": "{T}: Add {C} to your mana pool.\n{R/W}, {T}: Add {R}{R}, {R}{W}, or {W}{W} to your mana pool.",
      "originalType": "Land",
      "printings": [
        "EVE",
        "EXP"
      ],
      "rarity": "Mythic Rare",
      "text": "{T}: Add {C} to your mana pool.\n{R/W}, {T}: Add {R}{R}, {R}{W}, or {W}{W} to your mana pool.",
      "type": "Land",
      "types": [
        "Land"
      ]
    },
    {
      "artist": "Christine Choi",
      "colorIdentity": [
        "G",
        "U"
      ],
      "id": "10b111e25272ecf0721686857db2e4b6585117ad",
      "imageName": "flooded grove",
      "layout": "normal",
      "legalities": [
        {
          "format": "Commander",
          "legality": "Legal"
        },
        {
          "format": "Freeform",
          "legality": "Legal"
        },
        {
          "format": "Legacy",
          "legality": "Legal"
        },
        {
          "format": "Lorwyn-Shadowmoor Block",
          "legality": "Legal"
        },
        {
          "format": "Modern",
          "legality": "Legal"
        },
        {
          "format": "Prismatic",
          "legality": "Legal"
        },
        {
          "format": "Singleton 100",
          "legality": "Legal"
        },
        {
          "format": "Tribal Wars Legacy",
          "legality": "Legal"
        },
        {
          "format": "Vintage",
          "legality": "Legal"
        }
      ],
      "multiverseid": 409566,
      "name": "Flooded Grove",
      "number": "35",
      "originalText": "{T}: Add {C} to your mana pool.\n{G/U}, {T}: Add {G}{G}, {G}{U}, or {U}{U} to your mana pool.",
      "originalType": "Land",
      "printings": [
        "EVE",
        "EXP"
      ],
      "rarity": "Mythic Rare",
      "text": "{T}: Add {C} to your mana pool.\n{G/U}, {T}: Add {G}{G}, {G}{U}, or {U}{U} to your mana pool.",
      "type": "Land",
      "types": [
        "Land"
      ]
    },
    {
      "artist": "Howard Lyon",
      "id": "67c249a10db93a9107e45d4ab7dfa145dadda464",
      "imageName": "ancient tomb",
      "layout": "normal",
      "legalities": [
        {
          "format": "Commander",
          "legality": "Legal"
        },
        {
          "format": "Freeform",
          "legality": "Legal"
        },
        {
          "format": "Legacy",
          "legality": "Legal"
        },
        {
          "format": "Prismatic",
          "legality": "Legal"
        },
        {
          "format": "Tempest Block",
          "legality": "Legal"
        },
        {
          "format": "Vintage",
          "legality": "Legal"
        }
      ],
      "multiverseid": 409567,
      "name": "Ancient Tomb",
      "number": "36",
      "originalText": "{T}: Add {C}{C} to your mana pool. Ancient Tomb deals 2 damage to you.",
      "originalType": "Land",
      "printings": [
        "TMP",
        "V12",
        "VMA",
        "EXP"
      ],
      "rarity": "Mythic Rare",
      "text": "{T}: Add {C}{C} to your mana pool. Ancient Tomb deals 2 damage to you.",
      "type": "Land",
      "types": [
        "Land"
      ]
    },
    {
      "artist": "Florian de Gesincourt",
      "id": "306c2b896fdcc1182b74541898e4b8a65fdd7d6f",
      "imageName": "dust bowl",
      "layout": "normal",
      "legalities": [
        {
          "format": "Commander",
          "legality": "Legal"
        },
        {
          "format": "Legacy",
          "legality": "Legal"
        },
        {
          "format": "Masques Block",
          "legality": "Legal"
        },
        {
          "format": "Vintage",
          "legality": "Legal"
        }
      ],
      "multiverseid": 409568,
      "name": "Dust Bowl",
      "number": "37",
      "originalText": "{T}: Add {C} to your mana pool.\n{3}, {T}, Sacrifice a land: Destroy target nonbasic land.",
      "originalType": "Land",
      "printings": [
        "MMQ",
        "EXP"
      ],
      "rarity": "Mythic Rare",
      "text": "{T}: Add {C} to your mana pool.\n{3}, {T}, Sacrifice a land: Destroy target nonbasic land.",
      "type": "Land",
      "types": [
        "Land"
      ]
    },
    {
      "artist": "James Paick",
      "id": "844caf39a36d082c2e18276e504dc99571ca7177",
      "imageName": "eye of ugin",
      "layout": "normal",
      "legalities": [
        {
          "format": "Commander",
          "legality": "Legal"
        },
        {
          "format": "Freeform",
          "legality": "Legal"
        },
        {
          "format": "Legacy",
          "legality": "Legal"
        },
        {
          "format": "Modern",
          "legality": "Legal"
        },
        {
          "format": "Prismatic",
          "legality": "Legal"
        },
        {
          "format": "Singleton 100",
          "legality": "Legal"
        },
        {
          "format": "Tribal Wars Legacy",
          "legality": "Legal"
        },
        {
          "format": "Vintage",
          "legality": "Legal"
        },
        {
          "format": "Zendikar Block",
          "legality": "Legal"
        }
      ],
      "multiverseid": 409569,
      "name": "Eye of Ugin",
      "number": "38",
      "originalText": "Colorless Eldrazi spells you cast cost {2} less to cast.\n{7}, {T}: Search your library for a colorless creature card, reveal it, and put it into your hand. Then shuffle your library.",
      "originalType": "Legendary Land",
      "printings": [
        "WWK",
        "MM2",
        "EXP"
      ],
      "rarity": "Mythic Rare",
      "rulings": [
        {
          "date": "2010-03-01",
          "text": "Eye of Ugin doesn’t have a mana ability."
        },
        {
          "date": "2010-03-01",
          "text": "Eye of Ugin’s second ability lets you find any colorless creature card in your deck, such as an artifact creature card that has no colored mana symbols in its mana cost, or a creature card that’s become colorless due to Mycosynth Lattice."
        },
        {
          "date": "2013-04-15",
          "text": "Mistform Ultimus and creatures with changeling are Eldrazi. If they become colorless, possibly due to Mycosynth Lattice, Eye of Ugin would reduce the cost to cast them by {2}."
        }
      ],
      "supertypes": [
        "Legendary"
      ],
      "text": "Colorless Eldrazi spells you cast cost {2} less to cast.\n{7}, {T}: Search your library for a colorless creature card, reveal it, and put it into your hand. Then shuffle your library.",
      "type": "Legendary Land",
      "types": [
        "Land"
      ]
    },
    {
      "artist": "Jesper Ejsing",
      "id": "c9a9bbb8cd05b1580d44d8e350811c1c46a47780",
      "imageName": "forbidden orchard",
      "layout": "normal",
      "legalities": [
        {
          "format": "Commander",
          "legality": "Legal"
        },
        {
          "format": "Freeform",
          "legality": "Legal"
        },
        {
          "format": "Kamigawa Block",
          "legality": "Legal"
        },
        {
          "format": "Legacy",
          "legality": "Legal"
        },
        {
          "format": "Modern",
          "legality": "Legal"
        },
        {
          "format": "Prismatic",
          "legality": "Legal"
        },
        {
          "format": "Singleton 100",
          "legality": "Legal"
        },
        {
          "format": "Tribal Wars Legacy",
          "legality": "Legal"
        },
        {
          "format": "Vintage",
          "legality": "Legal"
        }
      ],
      "multiverseid": 409570,
      "name": "Forbidden Orchard",
      "number": "39",
      "originalText": "{T}: Add one mana of any color to your mana pool.\nWhenever you tap Forbidden Orchard for mana, target opponent puts a 1/1 colorless Spirit creature token onto the battlefield.",
      "originalType": "Land",
      "printings": [
        "CHK",
        "V12",
        "EXP"
      ],
      "rarity": "Mythic Rare",
      "text": "{T}: Add one mana of any color to your mana pool.\nWhenever you tap Forbidden Orchard for mana, target opponent puts a 1/1 colorless Spirit creature token onto the battlefield.",
      "type": "Land",
      "types": [
        "Land"
      ]
    },
    {
      "artist": "Florian de Gesincourt",
      "colorIdentity": [
        "G",
        "W"
      ],
      "id": "b7dcbf072b05b4700409818e767220433a87b655",
      "imageName": "horizon canopy",
      "layout": "normal",
      "legalities": [
        {
          "format": "Commander",
          "legality": "Legal"
        },
        {
          "format": "Freeform",
          "legality": "Legal"
        },
        {
          "format": "Legacy",
          "legality": "Legal"
        },
        {
          "format": "Modern",
          "legality": "Legal"
        },
        {
          "format": "Prismatic",
          "legality": "Legal"
        },
        {
          "format": "Singleton 100",
          "legality": "Legal"
        },
        {
          "format": "Time Spiral Block",
          "legality": "Legal"
        },
        {
          "format": "Tribal Wars Legacy",
          "legality": "Legal"
        },
        {
          "format": "Vintage",
          "legality": "Legal"
        }
      ],
      "multiverseid": 409571,
      "name": "Horizon Canopy",
      "number": "40",
      "originalText": "{T}, Pay 1 life: Add {G} or {W} to your mana pool.\n{1}, {T}, Sacrifice Horizon Canopy: Draw a card.",
      "originalType": "Land",
      "printings": [
        "FUT",
        "EXP"
      ],
      "rarity": "Mythic Rare",
      "text": "{T}, Pay 1 life: Add {G} or {W} to your mana pool.\n{1}, {T}, Sacrifice Horizon Canopy: Draw a card.",
      "type": "Land",
      "types": [
        "Land"
      ]
    },
    {
      "artist": "Jonas De Ro",
      "colorIdentity": [
        "W"
      ],
      "id": "77a370fd57a877294602c7f684c1d02a010d4ef4",
      "imageName": "kor haven",
      "layout": "normal",
      "legalities": [
        {
          "format": "Commander",
          "legality": "Legal"
        },
        {
          "format": "Legacy",
          "legality": "Legal"
        },
        {
          "format": "Masques Block",
          "legality": "Legal"
        },
        {
          "format": "Vintage",
          "legality": "Legal"
        }
      ],
      "multiverseid": 409572,
      "name": "Kor Haven",
      "number": "41",
      "originalText": "{T}: Add {C} to your mana pool.\n{1}{W}, {T}: Prevent all combat damage that would be dealt by target attacking creature this turn.",
      "originalType": "Legendary Land",
      "printings": [
        "NMS",
        "EXP"
      ],
      "rarity": "Mythic Rare",
      "supertypes": [
        "Legendary"
      ],
      "text": "{T}: Add {C} to your mana pool.\n{1}{W}, {T}: Prevent all combat damage that would be dealt by target attacking creature this turn.",
      "type": "Legendary Land",
      "types": [
        "Land"
      ]
    },
    {
      "artist": "Howard Lyon",
      "id": "31d483c505b5c975f27a201290974aa69e020ba4",
      "imageName": "mana confluence",
      "layout": "normal",
      "legalities": [
        {
          "format": "Commander",
          "legality": "Legal"
        },
        {
          "format": "Freeform",
          "legality": "Legal"
        },
        {
          "format": "Legacy",
          "legality": "Legal"
        },
        {
          "format": "Modern",
          "legality": "Legal"
        },
        {
          "format": "Prismatic",
          "legality": "Legal"
        },
        {
          "format": "Singleton 100",
          "legality": "Legal"
        },
        {
          "format": "Theros Block",
          "legality": "Legal"
        },
        {
          "format": "Tribal Wars Legacy",
          "legality": "Legal"
        },
        {
          "format": "Vintage",
          "legality": "Legal"
        }
      ],
      "multiverseid": 409573,
      "name": "Mana Confluence",
      "number": "42",
      "originalText": "{T}, Pay 1 life: Add one mana of any color to your mana pool.",
      "originalType": "Land",
      "printings": [
        "JOU",
        "EXP"
      ],
      "rarity": "Mythic Rare",
      "text": "{T}, Pay 1 life: Add one mana of any color to your mana pool.",
      "type": "Land",
      "types": [
        "Land"
      ]
    },
    {
      "artist": "Howard Lyon",
      "id": "47e1a5391bc529fd926be9f7237a6b99039d571c",
      "imageName": "strip mine",
      "layout": "normal",
      "legalities": [
        {
          "format": "Commander",
          "legality": "Legal"
        },
        {
          "format": "Freeform",
          "legality": "Legal"
        },
        {
          "format": "Legacy",
          "legality": "Banned"
        },
        {
          "format": "Prismatic",
          "legality": "Banned"
        },
        {
          "format": "Singleton 100",
          "legality": "Banned"
        },
        {
          "format": "Tribal Wars Legacy",
          "legality": "Banned"
        },
        {
          "format": "Vintage",
          "legality": "Restricted"
        }
      ],
      "multiverseid": 409574,
      "name": "Strip Mine",
      "number": "43",
      "originalText": "{T}: Add {C} to your mana pool.\n{T}, Sacrifice Strip Mine: Destroy target land.",
      "originalType": "Land",
      "printings": [
        "ATQ",
        "4ED",
        "ATH",
        "V09",
        "ME4",
        "VMA",
        "EXP"
      ],
      "rarity": "Mythic Rare",
      "text": "{T}: Add {C} to your mana pool.\n{T}, Sacrifice Strip Mine: Destroy target land.",
      "type": "Land",
      "types": [
        "Land"
      ]
    },
    {
      "artist": "Raymond Swanland",
      "id": "dade719158831f5da41018234166f07bf6859bb9",
      "imageName": "tectonic edge",
      "layout": "normal",
      "legalities": [
        {
          "format": "Commander",
          "legality": "Legal"
        },
        {
          "format": "Freeform",
          "legality": "Legal"
        },
        {
          "format": "Legacy",
          "legality": "Legal"
        },
        {
          "format": "Modern",
          "legality": "Legal"
        },
        {
          "format": "Prismatic",
          "legality": "Legal"
        },
        {
          "format": "Singleton 100",
          "legality": "Legal"
        },
        {
          "format": "Tribal Wars Legacy",
          "legality": "Legal"
        },
        {
          "format": "Vintage",
          "legality": "Legal"
        },
        {
          "format": "Zendikar Block",
          "legality": "Legal"
        }
      ],
      "multiverseid": 409575,
      "name": "Tectonic Edge",
      "number": "44",
      "originalText": "{T}: Add {C} to your mana pool.\n{1}, {T}, Sacrifice Tectonic Edge: Destroy target nonbasic land. Activate this ability only if an opponent controls four or more lands.",
      "originalType": "Land",
      "printings": [
        "pFNM",
        "WWK",
        "C14",
        "EXP"
      ],
      "rarity": "Mythic Rare",
      "rulings": [
        {
          "date": "2010-03-01",
          "text": "Tectonic Edge’s second ability checks how many lands an opponent controls only at the time you activate the ability."
        },
        {
          "date": "2010-03-01",
          "text": "Assuming you can activate Tectonic Edge’s second ability, you can target any nonbasic land with it (not just one controlled by an opponent that controls four or more lands)."
        }
      ],
      "text": "{T}: Add {C} to your mana pool.\n{1}, {T}, Sacrifice Tectonic Edge: Destroy target nonbasic land. Activate this ability only if an opponent controls four or more lands.",
      "type": "Land",
      "types": [
        "Land"
      ]
    },
    {
      "artist": "William Wu",
      "id": "155a6b8844434a823934d4a59dc4b1fe8029a03b",
      "imageName": "wasteland",
      "layout": "normal",
      "legalities": [
        {
          "format": "Commander",
          "legality": "Legal"
        },
        {
          "format": "Legacy",
          "legality": "Legal"
        },
        {
          "format": "Tempest Block",
          "legality": "Legal"
        },
        {
          "format": "Vintage",
          "legality": "Legal"
        }
      ],
      "multiverseid": 409576,
      "name": "Wasteland",
      "number": "45",
      "originalText": "{T}: Add {C} to your mana pool.\n{T}, Sacrifice Wasteland: Destroy target nonbasic land.",
      "originalType": "Land",
      "printings": [
        "TMP",
        "pJGP",
        "pMPR",
        "TPR",
        "EXP",
        "EMA"
      ],
      "rarity": "Mythic Rare",
      "text": "{T}: Add {C} to your mana pool.\n{T}, Sacrifice Wasteland: Destroy target nonbasic land.",
      "type": "Land",
      "types": [
        "Land"
      ]
    }
  ]
}