{
  "name": "Modern Event Deck 2014",
  "code": "MD1",
  "magicCardsInfoCode": "md1",
  "releaseDate": "2014-05-30",
  "border": "black",
  "type": "box",
  "cards": [
    {
      "artist": "Randy Gallegos",
      "cmc": 1,
      "colorIdentity": [
        "W"
      ],
      "colors": [
        "White"
      ],
      "flavor": "\"One does not question the size or shape of the grains of sand in an hourglass. Nor do I question the temperament of the souls under my guidance.\"",
      "id": "2e3b4ea36d9c0cac4bf4330f40df8aa31c5e78ff",
      "imageName": "soul warden",
      "layout": "normal",
      "legalities": [
        {
          "format": "Commander",
          "legality": "Legal"
        },
        {
          "format": "Freeform",
          "legality": "Legal"
        },
        {
          "format": "Legacy",
          "legality": "Legal"
        },
        {
          "format": "Modern",
          "legality": "Legal"
        },
        {
          "format": "Prismatic",
          "legality": "Legal"
        },
        {
          "format": "Singleton 100",
          "legality": "Legal"
        },
        {
          "format": "Tempest Block",
          "legality": "Legal"
        },
        {
          "format": "Tribal Wars Legacy",
          "legality": "Legal"
        },
        {
          "format": "Vintage",
          "legality": "Legal"
        }
      ],
      "manaCost": "{W}",
      "multiverseid": 382197,
      "name": "Soul Warden",
      "number": "1",
      "originalText": "Whenever another creature enters the battlefield, you gain 1 life.",
      "originalType": "Creature — Human Cleric",
      "power": "1",
      "printings": [
        "EXO",
        "BRB",
        "9ED",
        "10E",
        "M10",
        "HOP",
        "MD1"
      ],
      "rarity": "Common",
      "rulings": [
        {
          "date": "2004-10-04",
          "text": "Does not trigger on a card on the battlefield being changed into a creature."
        },
        {
          "date": "2004-10-04",
          "text": "The ability will not trigger on itself entering the battlefield, but it will trigger on any other creature that is put onto the battlefield at the same time."
        },
        {
          "date": "2005-08-01",
          "text": "Two Soul Wardens entering the battlefield at the same time will each cause the other's ability to trigger."
        },
        {
          "date": "2005-08-01",
          "text": "The life gain is mandatory."
        }
      ],
      "subtypes": [
        "Human",
        "Cleric"
      ],
      "text": "Whenever another creature enters the battlefield, you gain 1 life.",
      "toughness": "1",
      "type": "Creature — Human Cleric",
      "types": [
        "Creature"
      ]
    },
    {
      "artist": "rk post",
      "cmc": 2,
      "colorIdentity": [
        "W",
        "B"
      ],
      "colors": [
        "White",
        "Black"
      ],
      "id": "9818a0492bc24d73c27f41c66f5def6ffdf1ca05",
      "imageName": "tidehollow sculler",
      "layout": "normal",
      "legalities": [
        {
          "format": "Commander",
          "legality": "Legal"
        },
        {
          "format": "Freeform",
          "legality": "Legal"
        },
        {
          "format": "Legacy",
          "legality": "Legal"
        },
        {
          "format": "Modern",
          "legality": "Legal"
        },
        {
          "format": "Prismatic",
          "legality": "Legal"
        },
        {
          "format": "Shards of Alara Block",
          "legality": "Legal"
        },
        {
          "format": "Singleton 100",
          "legality": "Legal"
        },
        {
          "format": "Tribal Wars Legacy",
          "legality": "Legal"
        },
        {
          "format": "Vintage",
          "legality": "Legal"
        }
      ],
      "manaCost": "{W}{B}",
      "multiverseid": 382201,
      "name": "Tidehollow Sculler",
      "number": "2",
      "originalText": "When Tidehollow Sculler enters the battlefield, target opponent reveals his or her hand and you choose a nonland card from it. Exile that card.\nWhen Tidehollow Sculler leaves the battlefield, return the exiled card to its owner's hand.",
      "originalType": "Artifact Creature — Zombie",
      "power": "2",
      "printings": [
        "pFNM",
        "ALA",
        "MMA",
        "MD1"
      ],
      "rarity": "Uncommon",
      "rulings": [
        {
          "date": "2013-06-07",
          "text": "If Tidehollow Sculler leaves the battlefield before its first ability has resolved, its second ability will trigger. This ability will do nothing when it resolves. Then its first ability will resolve and exile the chosen card forever."
        }
      ],
      "subtypes": [
        "Zombie"
      ],
      "text": "When Tidehollow Sculler enters the battlefield, target opponent reveals his or her hand and you choose a nonland card from it. Exile that card.\nWhen Tidehollow Sculler leaves the battlefield, return the exiled card to its owner's hand.",
      "toughness": "2",
      "type": "Artifact Creature — Zombie",
      "types": [
        "Artifact",
        "Creature"
      ]
    },
    {
      "artist": "Todd Lockwood",
      "cmc": 1,
      "colorIdentity": [
        "W"
      ],
      "colors": [
        "White"
      ],
      "id": "a170d3f3444d0927b4ef0c34d9ddb920a3d0f3b7",
      "imageName": "path to exile",
      "layout": "normal",
      "legalities": [
        {
          "format": "Commander",
          "legality": "Legal"
        },
        {
          "format": "Freeform",
          "legality": "Legal"
        },
        {
          "format": "Legacy",
          "legality": "Legal"
        },
        {
          "format": "Modern",
          "legality": "Legal"
        },
        {
          "format": "Prismatic",
          "legality": "Legal"
        },
        {
          "format": "Shards of Alara Block",
          "legality": "Legal"
        },
        {
          "format": "Singleton 100",
          "legality": "Legal"
        },
        {
          "format": "Tribal Wars Legacy",
          "legality": "Legal"
        },
        {
          "format": "Vintage",
          "legality": "Legal"
        }
      ],
      "manaCost": "{W}",
      "multiverseid": 382192,
      "name": "Path to Exile",
      "number": "3",
      "originalText": "Exile target creature. Its controller may search his or her library for a basic land card, put that card onto the battlefield tapped, then shuffle his or her library.",
      "originalType": "Instant",
      "printings": [
        "pWPN",
        "CON",
        "ARC",
        "CMD",
        "DDI",
        "MMA",
        "MD1"
      ],
      "rarity": "Uncommon",
      "rulings": [
        {
          "date": "2009-02-01",
          "text": "If the targeted creature becomes an illegal target by the time Path to Exile would resolve, the entire spell is countered. The creature's controller won't get to search for a basic land card."
        }
      ],
      "text": "Exile target creature. Its controller may search his or her library for a basic land card, put that card onto the battlefield tapped, then shuffle his or her library.",
      "type": "Instant",
      "types": [
        "Instant"
      ]
    },
    {
      "artist": "Tomasz Jedruszek",
      "cmc": 1,
      "colorIdentity": [
        "B"
      ],
      "colors": [
        "Black"
      ],
      "flavor": "You will scream out your innermost secrets just to make it stop.",
      "id": "f29a0cd5a82506f123174d7b9efc9ba77bc3bc71",
      "imageName": "inquisition of kozilek",
      "layout": "normal",
      "legalities": [
        {
          "format": "Commander",
          "legality": "Legal"
        },
        {
          "format": "Legacy",
          "legality": "Legal"
        },
        {
          "format": "Modern",
          "legality": "Legal"
        },
        {
          "format": "Vintage",
          "legality": "Legal"
        },
        {
          "format": "Zendikar Block",
          "legality": "Legal"
        }
      ],
      "manaCost": "{B}",
      "multiverseid": 382187,
      "name": "Inquisition of Kozilek",
      "number": "4",
      "originalText": "Target player reveals his or her hand. You choose a nonland card from it with converted mana cost 3 or less. That player discards that card.",
      "originalType": "Sorcery",
      "printings": [
        "ROE",
        "MD1",
        "CN2"
      ],
      "rarity": "Uncommon",
      "rulings": [
        {
          "date": "2014-02-01",
          "text": "If you target yourself with this spell, you must reveal your entire hand to the other players just as any other player would."
        }
      ],
      "text": "Target player reveals his or her hand. You choose a nonland card from it with converted mana cost 3 or less. That player discards that card.",
      "type": "Sorcery",
      "types": [
        "Sorcery"
      ]
    },
    {
      "artist": "Igor Kieryluk",
      "cmc": 2,
      "id": "c80c8334a0efb3b019157dcc94e324e4b4d73288",
      "imageName": "shrine of loyal legions",
      "layout": "normal",
      "legalities": [
        {
          "format": "Commander",
          "legality": "Legal"
        },
        {
          "format": "Freeform",
          "legality": "Legal"
        },
        {
          "format": "Legacy",
          "legality": "Legal"
        },
        {
          "format": "Modern",
          "legality": "Legal"
        },
        {
          "format": "Prismatic",
          "legality": "Legal"
        },
        {
          "format": "Scars of Mirrodin Block",
          "legality": "Legal"
        },
        {
          "format": "Singleton 100",
          "legality": "Legal"
        },
        {
          "format": "Tribal Wars Legacy",
          "legality": "Legal"
        },
        {
          "format": "Vintage",
          "legality": "Legal"
        }
      ],
      "manaCost": "{2}",
      "multiverseid": 382196,
      "name": "Shrine of Loyal Legions",
      "number": "5",
      "originalText": "At the beginning of your upkeep or whenever you cast a white spell, put a charge counter on Shrine of Loyal Legions.\n{3}, {T}, Sacrifice Shrine of Loyal Legions: Put a 1/1 colorless Myr artifact creature token onto the battlefield for each charge counter on Shrine of Loyal Legions.",
      "originalType": "Artifact",
      "printings": [
        "NPH",
        "MD1"
      ],
      "rarity": "Uncommon",
      "text": "At the beginning of your upkeep or whenever you cast a white spell, put a charge counter on Shrine of Loyal Legions.\n{3}, {T}, Sacrifice Shrine of Loyal Legions: Put a 1/1 colorless Myr artifact creature token onto the battlefield for each charge counter on Shrine of Loyal Legions.",
      "type": "Artifact",
      "types": [
        "Artifact"
      ]
    },
    {
      "artist": "Greg Staples",
      "cmc": 2,
      "colorIdentity": [
        "W"
      ],
      "colors": [
        "White"
      ],
      "flavor": "Together the soldiers were like a golden blade, cutting down their enemies and scarring the darkness.",
      "id": "39202b9f153f4a6589a909d11b3828e98d311c44",
      "imageName": "honor of the pure",
      "layout": "normal",
      "legalities": [
        {
          "format": "Commander",
          "legality": "Legal"
        },
        {
          "format": "Freeform",
          "legality": "Legal"
        },
        {
          "format": "Legacy",
          "legality": "Legal"
        },
        {
          "format": "Modern",
          "legality": "Legal"
        },
        {
          "format": "Prismatic",
          "legality": "Legal"
        },
        {
          "format": "Singleton 100",
          "legality": "Legal"
        },
        {
          "format": "Tribal Wars Legacy",
          "legality": "Legal"
        },
        {
          "format": "Vintage",
          "legality": "Legal"
        }
      ],
      "manaCost": "{1}{W}",
      "multiverseid": 382186,
      "name": "Honor of the Pure",
      "number": "6",
      "originalText": "White creatures you control get +1/+1.",
      "originalType": "Enchantment",
      "printings": [
        "pMEI",
        "M10",
        "M11",
        "M12",
        "MD1"
      ],
      "rarity": "Rare",
      "text": "White creatures you control get +1/+1.",
      "type": "Enchantment",
      "types": [
        "Enchantment"
      ]
    },
    {
      "artist": "Clint Cearley",
      "cmc": 2,
      "colorIdentity": [
        "W"
      ],
      "colors": [
        "White"
      ],
      "flavor": "In life, they were a motley crew: farmers, lords, cutpurses, priests. In death, they are united in singular, benevolent purpose.",
      "id": "64ddd0ac2472cfdccfe64cb07ed0b5c048c1043b",
      "imageName": "intangible virtue",
      "layout": "normal",
      "legalities": [
        {
          "format": "Commander",
          "legality": "Legal"
        },
        {
          "format": "Innistrad Block",
          "legality": "Banned"
        },
        {
          "format": "Legacy",
          "legality": "Legal"
        },
        {
          "format": "Modern",
          "legality": "Legal"
        },
        {
          "format": "Vintage",
          "legality": "Legal"
        }
      ],
      "manaCost": "{1}{W}",
      "multiverseid": 382188,
      "name": "Intangible Virtue",
      "number": "7",
      "originalText": "Creature tokens you control get +1/+1 and have vigilance.",
      "originalType": "Enchantment",
      "printings": [
        "ISD",
        "MD1",
        "CNS",
        "EMA"
      ],
      "rarity": "Uncommon",
      "text": "Creature tokens you control get +1/+1 and have vigilance.",
      "type": "Enchantment",
      "types": [
        "Enchantment"
      ]
    },
    {
      "artist": "John Matson",
      "cmc": 2,
      "colorIdentity": [
        "W"
      ],
      "colors": [
        "White"
      ],
      "flavor": "\"The nim raid our homes without warning. We must defend our homes without hesitation.\"",
      "id": "f57c2e077ae25feb9542bffdfc29d0a0cca6e792",
      "imageName": "raise the alarm",
      "layout": "normal",
      "legalities": [
        {
          "format": "Commander",
          "legality": "Legal"
        },
        {
          "format": "Legacy",
          "legality": "Legal"
        },
        {
          "format": "Mirrodin Block",
          "legality": "Legal"
        },
        {
          "format": "Modern",
          "legality": "Legal"
        },
        {
          "format": "Vintage",
          "legality": "Legal"
        }
      ],
      "manaCost": "{1}{W}",
      "multiverseid": 382194,
      "name": "Raise the Alarm",
      "number": "8",
      "originalText": "Put two 1/1 white Soldier creature tokens onto the battlefield.",
      "originalType": "Instant",
      "printings": [
        "MRD",
        "DDF",
        "MD1",
        "M15",
        "DDO",
        "MM2",
        "EMA",
        "CN2"
      ],
      "rarity": "Common",
      "text": "Put two 1/1 white Soldier creature tokens onto the battlefield.",
      "type": "Instant",
      "types": [
        "Instant"
      ]
    },
    {
      "artist": "Christopher Moeller",
      "cmc": 2,
      "colorIdentity": [
        "W",
        "B"
      ],
      "colors": [
        "White",
        "Black"
      ],
      "flavor": "\"Jharic returned from Grixis changed, a haunted look in her eyes. She destroyed them with an unholy glee that made me shudder.\"\n—Knight-Captain Wyhorn",
      "id": "1dbf3a6b4f52478f134fcce51f8208e44dac31fa",
      "imageName": "zealous persecution",
      "layout": "normal",
      "legalities": [
        {
          "format": "Commander",
          "legality": "Legal"
        },
        {
          "format": "Legacy",
          "legality": "Legal"
        },
        {
          "format": "Modern",
          "legality": "Legal"
        },
        {
          "format": "Shards of Alara Block",
          "legality": "Legal"
        },
        {
          "format": "Vintage",
          "legality": "Legal"
        }
      ],
      "manaCost": "{W}{B}",
      "multiverseid": 382204,
      "name": "Zealous Persecution",
      "number": "9",
      "originalText": "Until end of turn, creatures you control get +1/+1 and creatures your opponents control get -1/-1.",
      "originalType": "Instant",
      "printings": [
        "ARB",
        "DDK",
        "MD1",
        "EMA"
      ],
      "rarity": "Uncommon",
      "text": "Until end of turn, creatures you control get +1/+1 and creatures your opponents control get -1/-1.",
      "type": "Instant",
      "types": [
        "Instant"
      ]
    },
    {
      "artist": "Chris Rahn",
      "cmc": 3,
      "id": "7f35998e2b47761e55be7c2a67ded6039db72679",
      "imageName": "sword of feast and famine",
      "layout": "normal",
      "legalities": [
        {
          "format": "Commander",
          "legality": "Legal"
        },
        {
          "format": "Freeform",
          "legality": "Legal"
        },
        {
          "format": "Legacy",
          "legality": "Legal"
        },
        {
          "format": "Modern",
          "legality": "Legal"
        },
        {
          "format": "Prismatic",
          "legality": "Legal"
        },
        {
          "format": "Scars of Mirrodin Block",
          "legality": "Legal"
        },
        {
          "format": "Singleton 100",
          "legality": "Legal"
        },
        {
          "format": "Tribal Wars Legacy",
          "legality": "Legal"
        },
        {
          "format": "Vintage",
          "legality": "Legal"
        }
      ],
      "manaCost": "{3}",
      "multiverseid": 382200,
      "name": "Sword of Feast and Famine",
      "number": "10",
      "originalText": "Equipped creature gets +2/+2 and has protection from black and from green.\nWhenever equipped creature deals combat damage to a player, that player discards a card and you untap all lands you control.\nEquip {2}",
      "originalType": "Artifact — Equipment",
      "printings": [
        "pJGP",
        "MBS",
        "MD1",
        "MPS"
      ],
      "rarity": "Mythic Rare",
      "rulings": [
        {
          "date": "2011-06-01",
          "text": "You'll untap all lands you control even if the player doesn't discard a card."
        }
      ],
      "subtypes": [
        "Equipment"
      ],
      "text": "Equipped creature gets +2/+2 and has protection from black and from green.\nWhenever equipped creature deals combat damage to a player, that player discards a card and you untap all lands you control.\nEquip {2}",
      "type": "Artifact — Equipment",
      "types": [
        "Artifact"
      ]
    },
    {
      "artist": "Bud Cook",
      "cmc": 3,
      "colorIdentity": [
        "W",
        "B"
      ],
      "colors": [
        "White"
      ],
      "flavor": "The murdered inhabitants of Hollowhenge impart to the living the terror they felt in death.",
      "id": "22c5f6c02b128f05c479d3cc5ba1e02055debce6",
      "imageName": "lingering souls",
      "layout": "normal",
      "legalities": [
        {
          "format": "Commander",
          "legality": "Legal"
        },
        {
          "format": "Freeform",
          "legality": "Legal"
        },
        {
          "format": "Innistrad Block",
          "legality": "Banned"
        },
        {
          "format": "Legacy",
          "legality": "Legal"
        },
        {
          "format": "Modern",
          "legality": "Legal"
        },
        {
          "format": "Prismatic",
          "legality": "Legal"
        },
        {
          "format": "Singleton 100",
          "legality": "Legal"
        },
        {
          "format": "Tribal Wars Legacy",
          "legality": "Legal"
        },
        {
          "format": "Vintage",
          "legality": "Legal"
        }
      ],
      "manaCost": "{2}{W}",
      "multiverseid": 382191,
      "name": "Lingering Souls",
      "number": "11",
      "originalText": "Put two 1/1 white Spirit creature tokens with flying onto the battlefield.\nFlashback {1}{B} (You may cast this card from your graveyard for its flashback cost. Then exile it.)",
      "originalType": "Sorcery",
      "printings": [
        "pFNM",
        "DKA",
        "DDK",
        "MD1"
      ],
      "rarity": "Uncommon",
      "text": "Put two 1/1 white Spirit creature tokens with flying onto the battlefield.\nFlashback {1}{B} (You may cast this card from your graveyard for its flashback cost. Then exile it.)",
      "type": "Sorcery",
      "types": [
        "Sorcery"
      ]
    },
    {
      "artist": "Tomasz Jedruszek",
      "cmc": 6,
      "colorIdentity": [
        "W"
      ],
      "colors": [
        "White"
      ],
      "flavor": "\"I need never remember my past associates, my victims, my mistakes. Innistrad preserves them all for me.\"\n—Sorin Markov",
      "id": "c73ba223c2e3fff48c519e14986df091e03f3519",
      "imageName": "spectral procession",
      "layout": "normal",
      "legalities": [
        {
          "format": "Commander",
          "legality": "Legal"
        },
        {
          "format": "Legacy",
          "legality": "Legal"
        },
        {
          "format": "Lorwyn-Shadowmoor Block",
          "legality": "Legal"
        },
        {
          "format": "Modern",
          "legality": "Legal"
        },
        {
          "format": "Vintage",
          "legality": "Legal"
        }
      ],
      "manaCost": "{2/W}{2/W}{2/W}",
      "multiverseid": 382198,
      "name": "Spectral Procession",
      "number": "12",
      "originalText": "Put three 1/1 white Spirit creature tokens with flying onto the battlefield.",
      "originalType": "Sorcery",
      "printings": [
        "SHM",
        "DDK",
        "MD1",
        "C14",
        "MM2"
      ],
      "rarity": "Uncommon",
      "rulings": [
        {
          "date": "2008-05-01",
          "text": "If an effect reduces the cost to cast a spell by an amount of generic mana, it applies to a monocolored hybrid spell only if you’ve chosen a method of paying for it that includes generic mana."
        },
        {
          "date": "2008-05-01",
          "text": "A card with a monocolored hybrid mana symbol in its mana cost is each of the colors that appears in its mana cost, regardless of what mana was spent to cast it. Thus, Spectral Procession is white even if you spend six blue mana to cast it."
        },
        {
          "date": "2008-05-01",
          "text": "A card with monocolored hybrid mana symbols in its mana cost has a converted mana cost equal to the highest possible cost it could be cast for. Its converted mana cost never changes. Thus, Spectral Procession has a converted mana cost of 6, even if you spend {W}{W}{W} to cast it."
        },
        {
          "date": "2008-05-01",
          "text": "If a cost includes more than one monocolored hybrid mana symbol, you can choose a different way to pay for each symbol. For example, you can pay for Spectral Procession by spending {W}{W}{W}, {2}{W}{W}, {4}{W}, or {6}."
        }
      ],
      "text": "Put three 1/1 white Spirit creature tokens with flying onto the battlefield.",
      "type": "Sorcery",
      "types": [
        "Sorcery"
      ]
    },
    {
      "artist": "Volkan Baga",
      "cmc": 4,
      "colorIdentity": [
        "W"
      ],
      "colors": [
        "White"
      ],
      "id": "948349edc0ad3dde3964dfb37bf1be0f2f757a6a",
      "imageName": "elspeth, knight-errant",
      "layout": "normal",
      "legalities": [
        {
          "format": "Commander",
          "legality": "Legal"
        },
        {
          "format": "Freeform",
          "legality": "Legal"
        },
        {
          "format": "Legacy",
          "legality": "Legal"
        },
        {
          "format": "Modern",
          "legality": "Legal"
        },
        {
          "format": "Prismatic",
          "legality": "Legal"
        },
        {
          "format": "Shards of Alara Block",
          "legality": "Legal"
        },
        {
          "format": "Singleton 100",
          "legality": "Legal"
        },
        {
          "format": "Tribal Wars Legacy",
          "legality": "Legal"
        },
        {
          "format": "Vintage",
          "legality": "Legal"
        }
      ],
      "loyalty": 4,
      "manaCost": "{2}{W}{W}",
      "multiverseid": 382184,
      "name": "Elspeth, Knight-Errant",
      "number": "13",
      "originalText": "+1: Put a 1/1 white Soldier creature token onto the battlefield.\n+1: Target creature gets +3/+3 and gains flying until end of turn.\n-8: You get an emblem with \"Artifacts, creatures, enchantments, and lands you control have indestructible.\"",
      "originalType": "Planeswalker — Elspeth",
      "printings": [
        "ALA",
        "DDF",
        "MMA",
        "MD1"
      ],
      "rarity": "Mythic Rare",
      "rulings": [
        {
          "date": "2011-01-01",
          "text": "Emblems behave similarly to enchantments: They have an ability that, in a general sense, continually affects the game. The primary difference between them is that emblems aren't permanents and don't exist on the battlefield. Nothing in the game can remove an emblem, simply because no other spell or ability references them. Once you get an emblem, you keep it for the rest of the game. Emblems have no color, name, card type, or other characteristics beyond the listed ability"
        },
        {
          "date": "2013-07-01",
          "text": "Lethal damage and effects that say \"destroy\" won't cause a permanent with indestructible to be put into the graveyard. However, a permanent with indestructible can be put into the graveyard for a number of reasons. The most likely reasons are if it's sacrificed, if it's a creature whose toughness is 0 or less, or if it's an Aura that's either unattached or attached to something illegal."
        },
        {
          "date": "2013-07-01",
          "text": "Planeswalkers are permanents. You can cast one at the time you could cast a sorcery. When your planeswalker spell resolves, it enters the battlefield under your control."
        },
        {
          "date": "2013-07-01",
          "text": "Planeswalkers are not creatures. Spells and abilities that affect creatures won’t affect them."
        },
        {
          "date": "2013-07-01",
          "text": "Planeswalkers have loyalty. A planeswalker enters the battlefield with a number of loyalty counters on it equal to the number printed in its lower right corner. Activating one of its abilities may cause it to gain or lose loyalty counters. Damage dealt to a planeswalker causes that many loyalty counters to be removed from it. If it has no loyalty counters on it, it’s put into its owner’s graveyard as a state-based action."
        },
        {
          "date": "2013-07-01",
          "text": "Planeswalkers each have a number of activated abilities called “loyalty abilities.” You can activate a loyalty ability of a planeswalker you control only at the time you could cast a sorcery and only if you haven’t activated one of that planeswalker’s loyalty abilities yet that turn."
        },
        {
          "date": "2013-07-01",
          "text": "The cost to activate a planeswalker’s loyalty ability is represented by a symbol with a number inside. Up-arrows contain positive numbers, such as “+1”; this means “Put one loyalty counter on this planeswalker.” Down-arrows contain negative numbers, such as “-7”; this means “Remove seven loyalty counters from this planeswalker.” A symbol with a “0” means “Put zero loyalty counters on this planeswalker.”"
        },
        {
          "date": "2013-07-01",
          "text": "You can’t activate a planeswalker’s ability with a negative loyalty cost unless the planeswalker has at least that many loyalty counters on it."
        },
        {
          "date": "2013-07-01",
          "text": "Planeswalkers can’t attack (unless an effect turns the planeswalker into a creature). However, they can be attacked. Each of your attacking creatures can attack your opponent or a planeswalker that player controls. You say which as you declare attackers."
        },
        {
          "date": "2013-07-01",
          "text": "If your planeswalkers are being attacked, you can block the attackers as normal."
        },
        {
          "date": "2013-07-01",
          "text": "If a creature that’s attacking a planeswalker isn’t blocked, it’ll deal its combat damage to that planeswalker. Damage dealt to a planeswalker causes that many loyalty counters to be removed from it."
        },
        {
          "date": "2013-07-01",
          "text": "If a source you control would deal noncombat damage to an opponent, you may have that source deal that damage to a planeswalker that opponent controls instead. For example, although you can’t target a planeswalker with Shock, you can target your opponent with Shock, and then as Shock resolves, choose to have Shock deal its 2 damage to one of your opponent’s planeswalkers. (You can’t split up that damage between different players and/or planeswalkers.) If you have Shock deal its damage to a planeswalker, two loyalty counters are removed from it."
        },
        {
          "date": "2013-07-01",
          "text": "If a player controls two or more planeswalkers that share a planeswalker type, that player chooses one of them and the rest are put into their owners’ graveyards as a state-based action."
        }
      ],
      "subtypes": [
        "Elspeth"
      ],
      "text": "+1: Put a 1/1 white Soldier creature token onto the battlefield.\n+1: Target creature gets +3/+3 and gains flying until end of turn.\n−8: You get an emblem with \"Artifacts, creatures, enchantments, and lands you control have indestructible.\"",
      "type": "Planeswalker — Elspeth",
      "types": [
        "Planeswalker"
      ]
    },
    {
      "artist": "Jim Nelson",
      "colorIdentity": [
        "W",
        "B"
      ],
      "id": "275f977621a31bcef8a008d3bf7c45be3cfe58ab",
      "imageName": "caves of koilos",
      "layout": "normal",
      "legalities": [
        {
          "format": "Commander",
          "legality": "Legal"
        },
        {
          "format": "Invasion Block",
          "legality": "Legal"
        },
        {
          "format": "Legacy",
          "legality": "Legal"
        },
        {
          "format": "Modern",
          "legality": "Legal"
        },
        {
          "format": "Standard",
          "legality": "Legal"
        },
        {
          "format": "Vintage",
          "legality": "Legal"
        }
      ],
      "multiverseid": 382180,
      "name": "Caves of Koilos",
      "number": "14",
      "originalText": "{T}: Add {1} to your mana pool.\n{T}: Add {W} or {B} to your mana pool. Caves of Koilos deals 1 damage to you.",
      "originalType": "Land",
      "printings": [
        "APC",
        "9ED",
        "10E",
        "MD1",
        "M15",
        "ORI"
      ],
      "rarity": "Rare",
      "rulings": [
        {
          "date": "2015-06-22",
          "text": "The damage dealt to you is part of the second mana ability. It doesn’t use the stack and can’t be responded to."
        },
        {
          "date": "2015-06-22",
          "text": "Like most lands, each land in this cycle is colorless. The damage dealt to you is dealt by a colorless source."
        }
      ],
      "text": "{T}: Add {C} to your mana pool.\n{T}: Add {W} or {B} to your mana pool. Caves of Koilos deals 1 damage to you.",
      "type": "Land",
      "types": [
        "Land"
      ]
    },
    {
      "artist": "Jung Park",
      "flavor": "\"There is much to learn here, but few can endure the ringing of the spires.\"\n—Nulakam the Archivist",
      "id": "2cb57cc80094f5be8356c3caaa840cfe0c7c2c5b",
      "imageName": "city of brass",
      "layout": "normal",
      "legalities": [
        {
          "format": "Commander",
          "legality": "Legal"
        },
        {
          "format": "Freeform",
          "legality": "Legal"
        },
        {
          "format": "Legacy",
          "legality": "Legal"
        },
        {
          "format": "Modern",
          "legality": "Legal"
        },
        {
          "format": "Prismatic",
          "legality": "Legal"
        },
        {
          "format": "Singleton 100",
          "legality": "Legal"
        },
        {
          "format": "Tribal Wars Legacy",
          "legality": "Legal"
        },
        {
          "format": "Vintage",
          "legality": "Legal"
        }
      ],
      "multiverseid": 382181,
      "name": "City of Brass",
      "number": "15",
      "originalText": "Whenever City of Brass becomes tapped, it deals 1 damage to you.\n{T}: Add one mana of any color to your mana pool.",
      "originalType": "Land",
      "printings": [
        "ARN",
        "CHR",
        "5ED",
        "6ED",
        "pSUS",
        "7ED",
        "8ED",
        "ME4",
        "MMA",
        "MD1"
      ],
      "rarity": "Rare",
      "rulings": [
        {
          "date": "2004-10-04",
          "text": "The first ability triggers no matter how the land becomes tapped."
        },
        {
          "date": "2004-10-04",
          "text": "If you tap City of Brass while you are casting a spell or activating an ability, its ability will trigger and wait. When you finish casting that spell or activating that ability, City of Brass's triggered ability is put on the stack on top of it. City of Brass's ability will resolve first."
        },
        {
          "date": "2004-10-04",
          "text": "On the other hand, you can tap City of Brass, put its triggered ability on the stack, and then respond to that ability by casting an instant or activating an ability using that mana. In that case, the instant spell or activated ability will resolve first."
        }
      ],
      "text": "Whenever City of Brass becomes tapped, it deals 1 damage to you.\n{T}: Add one mana of any color to your mana pool.",
      "type": "Land",
      "types": [
        "Land"
      ]
    },
    {
      "artist": "Cliff Childs",
      "colorIdentity": [
        "W",
        "B"
      ],
      "flavor": "Not every church is a place of faith.",
      "id": "fc41ca47c28415aacc57f41adc7caafb18982b87",
      "imageName": "isolated chapel",
      "layout": "normal",
      "legalities": [
        {
          "format": "Commander",
          "legality": "Legal"
        },
        {
          "format": "Freeform",
          "legality": "Legal"
        },
        {
          "format": "Innistrad Block",
          "legality": "Legal"
        },
        {
          "format": "Legacy",
          "legality": "Legal"
        },
        {
          "format": "Modern",
          "legality": "Legal"
        },
        {
          "format": "Prismatic",
          "legality": "Legal"
        },
        {
          "format": "Singleton 100",
          "legality": "Legal"
        },
        {
          "format": "Tribal Wars Legacy",
          "legality": "Legal"
        },
        {
          "format": "Vintage",
          "legality": "Legal"
        }
      ],
      "multiverseid": 382189,
      "name": "Isolated Chapel",
      "number": "16",
      "originalText": "Isolated Chapel enters the battlefield tapped unless you control a Plains or a Swamp.\n{T}: Add {W} or {B} to your mana pool.",
      "originalType": "Land",
      "printings": [
        "ISD",
        "MD1"
      ],
      "rarity": "Rare",
      "text": "Isolated Chapel enters the battlefield tapped unless you control a Plains or a Swamp.\n{T}: Add {W} or {B} to your mana pool.",
      "type": "Land",
      "types": [
        "Land"
      ]
    },
    {
      "artist": "John Avon",
      "colorIdentity": [
        "W",
        "B"
      ],
      "flavor": "\"For centuries my creation kept this world in balance. Now only her shadow remains.\"\n—Sorin Markov",
      "id": "c5bb96a1d9c9123a6efe5631e8ab4d1923c2ec49",
      "imageName": "vault of the archangel",
      "layout": "normal",
      "legalities": [
        {
          "format": "Commander",
          "legality": "Legal"
        },
        {
          "format": "Freeform",
          "legality": "Legal"
        },
        {
          "format": "Innistrad Block",
          "legality": "Legal"
        },
        {
          "format": "Legacy",
          "legality": "Legal"
        },
        {
          "format": "Modern",
          "legality": "Legal"
        },
        {
          "format": "Prismatic",
          "legality": "Legal"
        },
        {
          "format": "Singleton 100",
          "legality": "Legal"
        },
        {
          "format": "Tribal Wars Legacy",
          "legality": "Legal"
        },
        {
          "format": "Vintage",
          "legality": "Legal"
        }
      ],
      "multiverseid": 382202,
      "name": "Vault of the Archangel",
      "number": "17",
      "originalText": "{T}: Add {1} to your mana pool.\n{2}{W}{B}, {T}: Creatures you control gain deathtouch and lifelink until end of turn.",
      "originalType": "Land",
      "printings": [
        "DKA",
        "MD1"
      ],
      "rarity": "Rare",
      "rulings": [
        {
          "date": "2011-01-22",
          "text": "Vault of the Archangel's last ability affects only creatures you control when that ability resolves. It won't affect creatures that come under your control later in the turn."
        },
        {
          "date": "2011-01-22",
          "text": "Multiple instances of deathtouch or lifelink on the same creature are redundant."
        }
      ],
      "text": "{T}: Add {C} to your mana pool.\n{2}{W}{B}, {T}: Creatures you control gain deathtouch and lifelink until end of turn.",
      "type": "Land",
      "types": [
        "Land"
      ]
    },
    {
      "artist": "Omar Rayyan",
      "colorIdentity": [
        "W"
      ],
      "id": "e3431d3f573c4e330eaf8d625baa3f15d6c21a5b",
      "imageName": "windbrisk heights",
      "layout": "normal",
      "legalities": [
        {
          "format": "Commander",
          "legality": "Legal"
        },
        {
          "format": "Freeform",
          "legality": "Legal"
        },
        {
          "format": "Legacy",
          "legality": "Legal"
        },
        {
          "format": "Lorwyn-Shadowmoor Block",
          "legality": "Legal"
        },
        {
          "format": "Modern",
          "legality": "Legal"
        },
        {
          "format": "Prismatic",
          "legality": "Legal"
        },
        {
          "format": "Singleton 100",
          "legality": "Legal"
        },
        {
          "format": "Tribal Wars Legacy",
          "legality": "Legal"
        },
        {
          "format": "Vintage",
          "legality": "Legal"
        }
      ],
      "multiverseid": 382203,
      "name": "Windbrisk Heights",
      "number": "18",
      "originalText": "Hideaway (This land enters the battlefield tapped. When it does, look at the top four cards of your library, exile one face down, then put the rest on the bottom of your library.)\n{T}: Add {W} to your mana pool.\n{W}, {T}: You may play the exiled card without paying its mana cost if you attacked with three or more creatures this turn.",
      "originalType": "Land",
      "printings": [
        "LRW",
        "V12",
        "MD1"
      ],
      "rarity": "Rare",
      "rulings": [
        {
          "date": "2007-10-01",
          "text": "At the time the ability resolves, you'll get to play the card if you declared three different creatures as attackers at any point in the turn. A creature declared as an attacker in two different attack phases counts only once. A creature that entered the battlefield attacking (such as a token created by Militia's Pride) doesn't count because you never attacked with it."
        }
      ],
      "text": "Hideaway (This land enters the battlefield tapped. When it does, look at the top four cards of your library, exile one face down, then put the rest on the bottom of your library.)\n{T}: Add {W} to your mana pool.\n{W}, {T}: You may play the exiled card without paying its mana cost if you attacked with three or more creatures this turn.",
      "type": "Land",
      "types": [
        "Land"
      ]
    },
    {
      "artist": "Adam Paquette",
      "colorIdentity": [
        "W"
      ],
      "id": "6fa5556488b3c66346c946f9ee6de8070896f354",
      "imageName": "plains",
      "layout": "normal",
      "legalities": [
        {
          "format": "Battle for Zendikar Block",
          "legality": "Legal"
        },
        {
          "format": "Commander",
          "legality": "Legal"
        },
        {
          "format": "Ice Age Block",
          "legality": "Legal"
        },
        {
          "format": "Innistrad Block",
          "legality": "Legal"
        },
        {
          "format": "Invasion Block",
          "legality": "Legal"
        },
        {
          "format": "Kaladesh Block",
          "legality": "Legal"
        },
        {
          "format": "Kamigawa Block",
          "legality": "Legal"
        },
        {
          "format": "Khans of Tarkir Block",
          "legality": "Legal"
        },
        {
          "format": "Legacy",
          "legality": "Legal"
        },
        {
          "format": "Lorwyn-Shadowmoor Block",
          "legality": "Legal"
        },
        {
          "format": "Masques Block",
          "legality": "Legal"
        },
        {
          "format": "Mirage Block",
          "legality": "Legal"
        },
        {
          "format": "Mirrodin Block",
          "legality": "Legal"
        },
        {
          "format": "Modern",
          "legality": "Legal"
        },
        {
          "format": "Odyssey Block",
          "legality": "Legal"
        },
        {
          "format": "Onslaught Block",
          "legality": "Legal"
        },
        {
          "format": "Ravnica Block",
          "legality": "Legal"
        },
        {
          "format": "Return to Ravnica Block",
          "legality": "Legal"
        },
        {
          "format": "Scars of Mirrodin Block",
          "legality": "Legal"
        },
        {
          "format": "Shadows over Innistrad Block",
          "legality": "Legal"
        },
        {
          "format": "Shards of Alara Block",
          "legality": "Legal"
        },
        {
          "format": "Standard",
          "legality": "Legal"
        },
        {
          "format": "Tempest Block",
          "legality": "Legal"
        },
        {
          "format": "Theros Block",
          "legality": "Legal"
        },
        {
          "format": "Time Spiral Block",
          "legality": "Legal"
        },
        {
          "format": "Un-Sets",
          "legality": "Legal"
        },
        {
          "format": "Urza Block",
          "legality": "Legal"
        },
        {
          "format": "Vintage",
          "legality": "Legal"
        },
        {
          "format": "Zendikar Block",
          "legality": "Legal"
        }
      ],
      "multiverseid": 382193,
      "name": "Plains",
      "number": "19",
      "originalText": "W",
      "originalType": "Basic Land — Plains",
      "printings": [
        "LEA",
        "LEB",
        "2ED",
        "CED",
        "CEI",
        "3ED",
        "4ED",
        "ICE",
        "RQS",
        "pARL",
        "MIR",
        "ITP",
        "5ED",
        "POR",
        "pPRE",
        "TMP",
        "pJGP",
        "PO2",
        "UGL",
        "pALP",
        "USG",
        "ATH",
        "6ED",
        "PTK",
        "S99",
        "pGRU",
        "MMQ",
        "BRB",
        "pELP",
        "S00",
        "INV",
        "7ED",
        "ODY",
        "ONS",
        "8ED",
        "MRD",
        "CHK",
        "UNH",
        "9ED",
        "RAV",
        "CST",
        "TSP",
        "10E",
        "MED",
        "LRW",
        "SHM",
        "ALA",
        "DDC",
        "M10",
        "HOP",
        "ME3",
        "ZEN",
        "H09",
        "DDE",
        "ROE",
        "ARC",
        "M11",
        "DDF",
        "SOM",
        "MBS",
        "DDG",
        "NPH",
        "CMD",
        "M12",
        "DDH",
        "ISD",
        "DDI",
        "AVR",
        "PC2",
        "M13",
        "RTR",
        "DDK",
        "M14",
        "DDL",
        "THS",
        "C13",
        "MD1",
        "M15",
        "DDN",
        "KTK",
        "C14",
        "DD3_DVD",
        "FRF",
        "DDO",
        "DTK",
        "TPR",
        "ORI",
        "DDP",
        "BFZ",
        "C15",
        "DDQ",
        "SOI",
        "KLD"
      ],
      "rarity": "Basic Land",
      "subtypes": [
        "Plains"
      ],
      "supertypes": [
        "Basic"
      ],
      "type": "Basic Land — Plains",
      "types": [
        "Land"
      ]
    },
    {
      "artist": "Adam Paquette",
      "colorIdentity": [
        "B"
      ],
      "id": "ac8dece2d08e1dacd1f3435fe173146f313af151",
      "imageName": "swamp",
      "layout": "normal",
      "legalities": [
        {
          "format": "Battle for Zendikar Block",
          "legality": "Legal"
        },
        {
          "format": "Commander",
          "legality": "Legal"
        },
        {
          "format": "Ice Age Block",
          "legality": "Legal"
        },
        {
          "format": "Innistrad Block",
          "legality": "Legal"
        },
        {
          "format": "Invasion Block",
          "legality": "Legal"
        },
        {
          "format": "Kaladesh Block",
          "legality": "Legal"
        },
        {
          "format": "Kamigawa Block",
          "legality": "Legal"
        },
        {
          "format": "Khans of Tarkir Block",
          "legality": "Legal"
        },
        {
          "format": "Legacy",
          "legality": "Legal"
        },
        {
          "format": "Lorwyn-Shadowmoor Block",
          "legality": "Legal"
        },
        {
          "format": "Masques Block",
          "legality": "Legal"
        },
        {
          "format": "Mirage Block",
          "legality": "Legal"
        },
        {
          "format": "Mirrodin Block",
          "legality": "Legal"
        },
        {
          "format": "Modern",
          "legality": "Legal"
        },
        {
          "format": "Odyssey Block",
          "legality": "Legal"
        },
        {
          "format": "Onslaught Block",
          "legality": "Legal"
        },
        {
          "format": "Ravnica Block",
          "legality": "Legal"
        },
        {
          "format": "Return to Ravnica Block",
          "legality": "Legal"
        },
        {
          "format": "Scars of Mirrodin Block",
          "legality": "Legal"
        },
        {
          "format": "Shadows over Innistrad Block",
          "legality": "Legal"
        },
        {
          "format": "Shards of Alara Block",
          "legality": "Legal"
        },
        {
          "format": "Standard",
          "legality": "Legal"
        },
        {
          "format": "Tempest Block",
          "legality": "Legal"
        },
        {
          "format": "Theros Block",
          "legality": "Legal"
        },
        {
          "format": "Time Spiral Block",
          "legality": "Legal"
        },
        {
          "format": "Un-Sets",
          "legality": "Legal"
        },
        {
          "format": "Urza Block",
          "legality": "Legal"
        },
        {
          "format": "Vintage",
          "legality": "Legal"
        },
        {
          "format": "Zendikar Block",
          "legality": "Legal"
        }
      ],
      "multiverseid": 382199,
      "name": "Swamp",
      "number": "20",
      "originalText": "B",
      "originalType": "Basic Land — Swamp",
      "printings": [
        "LEA",
        "LEB",
        "2ED",
        "CED",
        "CEI",
        "3ED",
        "4ED",
        "ICE",
        "RQS",
        "pARL",
        "MIR",
        "ITP",
        "5ED",
        "POR",
        "TMP",
        "pJGP",
        "PO2",
        "UGL",
        "pALP",
        "USG",
        "ATH",
        "6ED",
        "PTK",
        "S99",
        "pGRU",
        "MMQ",
        "BRB",
        "pELP",
        "S00",
        "BTD",
        "INV",
        "7ED",
        "ODY",
        "DKM",
        "ONS",
        "8ED",
        "MRD",
        "CHK",
        "UNH",
        "9ED",
        "RAV",
        "CST",
        "TSP",
        "10E",
        "MED",
        "LRW",
        "SHM",
        "ALA",
        "DDC",
        "M10",
        "HOP",
        "ME3",
        "ZEN",
        "DDD",
        "H09",
        "DDE",
        "ROE",
        "DPA",
        "ARC",
        "M11",
        "SOM",
        "MBS",
        "NPH",
        "CMD",
        "M12",
        "DDH",
        "ISD",
        "PD3",
        "AVR",
        "PC2",
        "M13",
        "DDJ",
        "RTR",
        "DDK",
        "M14",
        "THS",
        "C13",
        "DDM",
        "MD1",
        "M15",
        "DDN",
        "KTK",
        "C14",
        "DD3_DVD",
        "DD3_GVL",
        "FRF",
        "DTK",
        "TPR",
        "ORI",
        "DDP",
        "BFZ",
        "C15",
        "DDQ",
        "SOI",
        "DDR",
        "KLD"
      ],
      "rarity": "Basic Land",
      "subtypes": [
        "Swamp"
      ],
      "supertypes": [
        "Basic"
      ],
      "type": "Basic Land — Swamp",
      "types": [
        "Land"
      ]
    },
    {
      "artist": "Jean-Sébastien Rossbach",
      "cmc": 1,
      "flavor": "Elves believe the hydra-god Progenitus sleeps beneath Naya, feeding on forgotten magics.",
      "id": "732935eb8603149d5253dc02a9702e951c2b4c72",
      "imageName": "relic of progenitus",
      "layout": "normal",
      "legalities": [
        {
          "format": "Commander",
          "legality": "Legal"
        },
        {
          "format": "Legacy",
          "legality": "Legal"
        },
        {
          "format": "Modern",
          "legality": "Legal"
        },
        {
          "format": "Shards of Alara Block",
          "legality": "Legal"
        },
        {
          "format": "Vintage",
          "legality": "Legal"
        }
      ],
      "manaCost": "{1}",
      "multiverseid": 382195,
      "name": "Relic of Progenitus",
      "number": "21",
      "originalText": "{T}: Target player exiles a card from his or her graveyard.\n{1}, Exile Relic of Progenitus: Exile all cards from all graveyards. Draw a card.",
      "originalType": "Artifact",
      "printings": [
        "ALA",
        "HOP",
        "MMA",
        "MD1",
        "EMA"
      ],
      "rarity": "Uncommon",
      "rulings": [
        {
          "date": "2016-06-08",
          "text": "If you activate Relic of Progenitus’s first ability, the targeted player chooses which card to exile. The choice is made as the ability resolves."
        },
        {
          "date": "2016-06-08",
          "text": "You can activate Relic of Progenitus’s second ability even if no players have any cards in their graveyards. You’ll still draw a card."
        }
      ],
      "text": "{T}: Target player exiles a card from his or her graveyard.\n{1}, Exile Relic of Progenitus: Exile all cards from all graveyards. Draw a card.",
      "type": "Artifact",
      "types": [
        "Artifact"
      ]
    },
    {
      "artist": "Chuck Lukacs",
      "cmc": 1,
      "colorIdentity": [
        "W"
      ],
      "colors": [
        "White"
      ],
      "flavor": "\"We are a clachan of smiths. The forge is as comfortable to us as a small fire during a cool winter's evening.\"",
      "id": "6a1de336d2c494aee05be41df1e8b1a0f924a026",
      "imageName": "burrenton forge-tender",
      "layout": "normal",
      "legalities": [
        {
          "format": "Commander",
          "legality": "Legal"
        },
        {
          "format": "Freeform",
          "legality": "Legal"
        },
        {
          "format": "Legacy",
          "legality": "Legal"
        },
        {
          "format": "Lorwyn-Shadowmoor Block",
          "legality": "Legal"
        },
        {
          "format": "Modern",
          "legality": "Legal"
        },
        {
          "format": "Prismatic",
          "legality": "Legal"
        },
        {
          "format": "Singleton 100",
          "legality": "Legal"
        },
        {
          "format": "Tribal Wars Legacy",
          "legality": "Legal"
        },
        {
          "format": "Vintage",
          "legality": "Legal"
        }
      ],
      "manaCost": "{W}",
      "multiverseid": 382179,
      "name": "Burrenton Forge-Tender",
      "number": "22",
      "originalText": "Protection from red\nSacrifice Burrenton Forge-Tender: Prevent all damage a red source of your choice would deal this turn.",
      "originalType": "Creature — Kithkin Wizard",
      "power": "1",
      "printings": [
        "LRW",
        "MD1"
      ],
      "rarity": "Uncommon",
      "rulings": [
        {
          "date": "2007-10-01",
          "text": "If the red source you chose changes colors before the damage is dealt, the damage-prevention effect doesn't apply."
        }
      ],
      "subtypes": [
        "Kithkin",
        "Wizard"
      ],
      "text": "Protection from red\nSacrifice Burrenton Forge-Tender: Prevent all damage a red source of your choice would deal this turn.",
      "toughness": "1",
      "type": "Creature — Kithkin Wizard",
      "types": [
        "Creature"
      ]
    },
    {
      "artist": "Steven Belledin",
      "cmc": 1,
      "colorIdentity": [
        "B"
      ],
      "colors": [
        "Black"
      ],
      "flavor": "\"It hurts more if you think about it.\"\n—Hooks, Cabal torturer",
      "id": "49788a9318b3836c38626493cfadb790df2ab128",
      "imageName": "duress",
      "layout": "normal",
      "legalities": [
        {
          "format": "Commander",
          "legality": "Legal"
        },
        {
          "format": "Khans of Tarkir Block",
          "legality": "Legal"
        },
        {
          "format": "Legacy",
          "legality": "Legal"
        },
        {
          "format": "Modern",
          "legality": "Legal"
        },
        {
          "format": "Standard",
          "legality": "Legal"
        },
        {
          "format": "Urza Block",
          "legality": "Legal"
        },
        {
          "format": "Vintage",
          "legality": "Legal"
        }
      ],
      "manaCost": "{B}",
      "multiverseid": 382183,
      "name": "Duress",
      "number": "23",
      "originalText": "Target opponent reveals his or her hand. You choose a noncreature, nonland card from it. That player discards that card.",
      "originalType": "Sorcery",
      "printings": [
        "pMEI",
        "pARL",
        "USG",
        "pFNM",
        "7ED",
        "DDC",
        "M10",
        "M11",
        "PD3",
        "M13",
        "M14",
        "MD1",
        "DD3_DVD",
        "DTK",
        "EMA"
      ],
      "rarity": "Common",
      "text": "Target opponent reveals his or her hand. You choose a noncreature, nonland card from it. That player discards that card.",
      "type": "Sorcery",
      "types": [
        "Sorcery"
      ]
    },
    {
      "artist": "Matt Thompson",
      "cmc": 2,
      "colorIdentity": [
        "W"
      ],
      "colors": [
        "White"
      ],
      "flavor": "\"Before the war, we prayed to Kataki to sharpen our swords and harden our armor. Without his blessing our weapons are all but useless against the kami hordes.\"\n—Kenzo the Hardhearted",
      "id": "c92f8396712a78f03cec2092b8b91458fe096de1",
      "imageName": "kataki, war's wage",
      "layout": "normal",
      "legalities": [
        {
          "format": "Commander",
          "legality": "Legal"
        },
        {
          "format": "Freeform",
          "legality": "Legal"
        },
        {
          "format": "Kamigawa Block",
          "legality": "Legal"
        },
        {
          "format": "Legacy",
          "legality": "Legal"
        },
        {
          "format": "Modern",
          "legality": "Legal"
        },
        {
          "format": "Prismatic",
          "legality": "Legal"
        },
        {
          "format": "Singleton 100",
          "legality": "Legal"
        },
        {
          "format": "Tribal Wars Legacy",
          "legality": "Legal"
        },
        {
          "format": "Vintage",
          "legality": "Legal"
        }
      ],
      "manaCost": "{1}{W}",
      "multiverseid": 382190,
      "name": "Kataki, War's Wage",
      "number": "24",
      "originalText": "All artifacts have \"At the beginning of your upkeep, sacrifice this artifact unless you pay {1}.\"",
      "originalType": "Legendary Creature — Spirit",
      "power": "2",
      "printings": [
        "SOK",
        "MMA",
        "MD1"
      ],
      "rarity": "Rare",
      "subtypes": [
        "Spirit"
      ],
      "supertypes": [
        "Legendary"
      ],
      "text": "All artifacts have \"At the beginning of your upkeep, sacrifice this artifact unless you pay {1}.\"",
      "toughness": "1",
      "type": "Legendary Creature — Spirit",
      "types": [
        "Creature"
      ]
    },
    {
      "artist": "Terese Nielsen",
      "cmc": 3,
      "colorIdentity": [
        "B"
      ],
      "colors": [
        "Black"
      ],
      "flavor": "\"You serve Phyrexia. Your pieces would better serve Phyrexia elsewhere.\"\n—Azax-Azog, the Demon Thane",
      "id": "d8489367e1771568de82f9bd6103ac82f780569f",
      "imageName": "dismember",
      "layout": "normal",
      "legalities": [
        {
          "format": "Commander",
          "legality": "Legal"
        },
        {
          "format": "Legacy",
          "legality": "Legal"
        },
        {
          "format": "Modern",
          "legality": "Legal"
        },
        {
          "format": "Scars of Mirrodin Block",
          "legality": "Legal"
        },
        {
          "format": "Vintage",
          "legality": "Legal"
        }
      ],
      "manaCost": "{1}{B/P}{B/P}",
      "multiverseid": 382182,
      "name": "Dismember",
      "number": "25",
      "originalText": "({B/P} can be paid with either {B} or 2 life.)\nTarget creature gets -5/-5 until end of turn.",
      "originalType": "Instant",
      "printings": [
        "pFNM",
        "NPH",
        "MD1",
        "MM2"
      ],
      "rarity": "Uncommon",
      "rulings": [
        {
          "date": "2011-06-01",
          "text": "A card with Phyrexian mana symbols in its mana cost is each color that appears in that mana cost, regardless of how that cost may have been paid."
        },
        {
          "date": "2011-06-01",
          "text": "To calculate the converted mana cost of a card with Phyrexian mana symbols in its cost, count each Phyrexian mana symbol as 1."
        },
        {
          "date": "2011-06-01",
          "text": "As you cast a spell or activate an activated ability with one or more Phyrexian mana symbols in its cost, you choose how to pay for each Phyrexian mana symbol at the same time you would choose modes or choose a value for X."
        },
        {
          "date": "2011-06-01",
          "text": "If you’re at 1 life or less, you can’t pay 2 life."
        },
        {
          "date": "2011-06-01",
          "text": "Phyrexian mana is not a new color. Players can’t add Phyrexian mana to their mana pools."
        }
      ],
      "text": "({B/P} can be paid with either {B} or 2 life.)\nTarget creature gets -5/-5 until end of turn.",
      "type": "Instant",
      "types": [
        "Instant"
      ]
    },
    {
      "artist": "Peter Mohrbacher",
      "flavor": "Deserted, but not uninhabited.",
      "id": "0a3ece87d17040412913b1867c702bb3391b1120",
      "imageName": "ghost quarter",
      "layout": "normal",
      "legalities": [
        {
          "format": "Commander",
          "legality": "Legal"
        },
        {
          "format": "Innistrad Block",
          "legality": "Legal"
        },
        {
          "format": "Legacy",
          "legality": "Legal"
        },
        {
          "format": "Modern",
          "legality": "Legal"
        },
        {
          "format": "Ravnica Block",
          "legality": "Legal"
        },
        {
          "format": "Vintage",
          "legality": "Legal"
        }
      ],
      "multiverseid": 382185,
      "name": "Ghost Quarter",
      "number": "26",
      "originalText": "{T}: Add {1} to your mana pool.\n{T}, Sacrifice Ghost Quarter: Destroy target land. Its controller may search his or her library for a basic land card, put it onto the battlefield, then shuffle his or her library.",
      "originalType": "Land",
      "printings": [
        "DIS",
        "ISD",
        "MD1",
        "C14",
        "C15"
      ],
      "rarity": "Uncommon",
      "rulings": [
        {
          "date": "2006-05-01",
          "text": "If you target Ghost Quarter with its own ability, the ability will be countered because its target is no longer on the battlefield. You won’t get to search for a land card."
        },
        {
          "date": "2011-09-22",
          "text": "If the targeted land is an illegal target by the time Ghost Quarter’s ability resolves, it will be countered and none of its effects will happen. The land’s controller won’t get to search for a basic land card."
        },
        {
          "date": "2013-07-01",
          "text": "The target land’s controller gets to search for a basic land card even if that land wasn’t destroyed by Ghost Quarter’s ability. This may happen because the land has indestructible or because it was regenerated."
        }
      ],
      "text": "{T}: Add {C} to your mana pool.\n{T}, Sacrifice Ghost Quarter: Destroy target land. Its controller may search his or her library for a basic land card, put it onto the battlefield, then shuffle his or her library.",
      "type": "Land",
      "types": [
        "Land"
      ]
    }
  ]
}