{
  "name": "Multiverse Gift Box",
  "code": "MGB",
  "magicCardsInfoCode": "mgbc",
  "magicRaritiesCodes": [
    "145-rarities-multiverse-gift-box-cards"
  ],
  "isMCISet": true,
  "releaseDate": "1996-11-01",
  "border": "black",
  "type": "box",
  "cards": [
    {
      "artist": "Steve White",
      "cmc": 4,
      "colorIdentity": [
        "G"
      ],
      "colors": [
        "Green"
      ],
      "flavor": "Four gray trees and a long, coiling snake. What am I? —Zhalfirin riddle",
      "foreignNames": [
        {
          "language": "French",
          "name": "Eléphant mâle"
        },
        {
          "language": "German",
          "name": "Elefantenbulle"
        },
        {
          "language": "Italian",
          "name": "Elefante Capo Branco"
        },
        {
          "language": "Portuguese (Brazil)",
          "name": "Elefante Macho"
        },
        {
          "language": "Spanish",
          "name": "Elefante toro"
        }
      ],
      "id": "b86fb8a93ec71cff1c45a68acdccb3d27f1288b8",
      "imageName": "bull elephant",
      "layout": "normal",
      "legalities": [
        {
          "format": "Commander",
          "legality": "Legal"
        },
        {
          "format": "Freeform",
          "legality": "Legal"
        },
        {
          "format": "Legacy",
          "legality": "Legal"
        },
        {
          "format": "Mirage Block",
          "legality": "Legal"
        },
        {
          "format": "Prismatic",
          "legality": "Legal"
        },
        {
          "format": "Singleton 100",
          "legality": "Legal"
        },
        {
          "format": "Tribal Wars Legacy",
          "legality": "Legal"
        },
        {
          "format": "Vintage",
          "legality": "Legal"
        }
      ],
      "manaCost": "{3}{G}",
      "name": "Bull Elephant",
      "power": "4",
      "printings": [
        "MGB",
        "VIS"
      ],
      "rarity": "Special",
      "subtypes": [
        "Elephant"
      ],
      "text": "When Bull Elephant enters the battlefield, sacrifice it unless you return two Forests you control to their owner's hand.",
      "toughness": "4",
      "type": "Creature — Elephant",
      "types": [
        "Creature"
      ]
    },
    {
      "artist": "Tom Kyffin",
      "cmc": 2,
      "colorIdentity": [
        "B"
      ],
      "colors": [
        "Black"
      ],
      "flavor": "\"As you breathe your last, understand why I accept such forbidden gifts.\"\n—Purraj of Urborg",
      "foreignNames": [
        {
          "language": "French",
          "name": "Sombre privilège"
        },
        {
          "language": "German",
          "name": "Dunkles Privileg"
        },
        {
          "language": "Italian",
          "name": "Privilegio Oscuro"
        },
        {
          "language": "Portuguese (Brazil)",
          "name": "Privilégio Sombrio"
        },
        {
          "language": "Spanish",
          "name": "Privilegio siniestro"
        }
      ],
      "id": "fcfd122f543c405a9d9d61e20c2d5d91a23962da",
      "imageName": "dark privilege",
      "layout": "normal",
      "legalities": [
        {
          "format": "Commander",
          "legality": "Legal"
        },
        {
          "format": "Freeform",
          "legality": "Legal"
        },
        {
          "format": "Legacy",
          "legality": "Legal"
        },
        {
          "format": "Mirage Block",
          "legality": "Legal"
        },
        {
          "format": "Prismatic",
          "legality": "Legal"
        },
        {
          "format": "Singleton 100",
          "legality": "Legal"
        },
        {
          "format": "Tribal Wars Legacy",
          "legality": "Legal"
        },
        {
          "format": "Vintage",
          "legality": "Legal"
        }
      ],
      "manaCost": "{1}{B}",
      "name": "Dark Privilege",
      "printings": [
        "MGB",
        "VIS"
      ],
      "rarity": "Special",
      "subtypes": [
        "Aura"
      ],
      "text": "Enchant creature\nEnchanted creature gets +1/+1.\nSacrifice a creature: Regenerate enchanted creature.",
      "type": "Enchantment — Aura",
      "types": [
        "Enchantment"
      ]
    },
    {
      "artist": "Terese Nielsen",
      "cmc": 4,
      "colorIdentity": [
        "G"
      ],
      "colors": [
        "Green"
      ],
      "flavor": "If you find yourself and a friend being chased by a king cheetah, you have but one chance: Trip your friend. —Suq'Ata wisdom",
      "foreignNames": [
        {
          "language": "Chinese Simplified",
          "name": "帝王猎豹"
        },
        {
          "language": "Chinese Traditional",
          "name": ""
        },
        {
          "language": "French",
          "name": "Guépard royal"
        },
        {
          "language": "German",
          "name": "Königsgepard"
        },
        {
          "language": "Italian",
          "name": "Ghepardo Reale"
        },
        {
          "language": "Japanese",
          "name": "キング・チータ"
        },
        {
          "language": "Korean",
          "name": ""
        },
        {
          "language": "Portuguese (Brazil)",
          "name": "Guepardo Rei"
        },
        {
          "language": "Russian",
          "name": "Король гепардов"
        },
        {
          "language": "Spanish",
          "name": "Rey guepardo"
        }
      ],
      "id": "aa78de1093b69943825d8fd89b523c726b6044f8",
      "imageName": "king cheetah",
      "layout": "normal",
      "legalities": [
        {
          "format": "Commander",
          "legality": "Legal"
        },
        {
          "format": "Legacy",
          "legality": "Legal"
        },
        {
          "format": "Mirage Block",
          "legality": "Legal"
        },
        {
          "format": "Modern",
          "legality": "Legal"
        },
        {
          "format": "Vintage",
          "legality": "Legal"
        }
      ],
      "manaCost": "{3}{G}",
      "name": "King Cheetah",
      "power": "3",
      "printings": [
        "MGB",
        "VIS",
        "9ED"
      ],
      "rarity": "Special",
      "rulings": [
        {
          "date": "2005-08-01",
          "text": "King Cheetah is always a Creature spell, never an instant, regardless of when you cast it."
        }
      ],
      "subtypes": [
        "Cat"
      ],
      "text": "Flash",
      "toughness": "2",
      "type": "Creature — Cat",
      "types": [
        "Creature"
      ]
    },
    {
      "artist": "John Coulthart",
      "cmc": 6,
      "colorIdentity": [
        "B"
      ],
      "colors": [
        "Black"
      ],
      "flavor": "\"Ah, I remember my first death.\"\n—Zarkuu, necrosavant",
      "foreignNames": [
        {
          "language": "French",
          "name": "Nécrosavant"
        },
        {
          "language": "German",
          "name": "Todeskundiger"
        },
        {
          "language": "Italian",
          "name": "Esperto di Necromanzia"
        },
        {
          "language": "Portuguese (Brazil)",
          "name": "Necrossábio"
        },
        {
          "language": "Spanish",
          "name": "Necrósofo"
        }
      ],
      "id": "13564a3ed23fa9c77035f401eeb68824de6defbd",
      "imageName": "necrosavant",
      "layout": "normal",
      "legalities": [
        {
          "format": "Commander",
          "legality": "Legal"
        },
        {
          "format": "Legacy",
          "legality": "Legal"
        },
        {
          "format": "Mirage Block",
          "legality": "Legal"
        },
        {
          "format": "Vintage",
          "legality": "Legal"
        }
      ],
      "manaCost": "{3}{B}{B}{B}",
      "name": "Necrosavant",
      "power": "5",
      "printings": [
        "MGB",
        "VIS",
        "6ED"
      ],
      "rarity": "Special",
      "rulings": [
        {
          "date": "2004-10-04",
          "text": "The ability is activated while this card is in the graveyard."
        }
      ],
      "subtypes": [
        "Zombie",
        "Giant"
      ],
      "text": "{3}{B}{B}, Sacrifice a creature: Return Necrosavant from your graveyard to the battlefield. Activate this ability only during your upkeep.",
      "toughness": "5",
      "type": "Creature — Zombie Giant",
      "types": [
        "Creature"
      ]
    },
    {
      "artist": "Kev Walker",
      "cmc": 3,
      "colorIdentity": [
        "U"
      ],
      "colors": [
        "Blue"
      ],
      "foreignNames": [
        {
          "language": "Chinese Simplified",
          "name": "羊化术师"
        },
        {
          "language": "French",
          "name": "Ovinomancien"
        },
        {
          "language": "German",
          "name": "Hammelpriester"
        },
        {
          "language": "Italian",
          "name": "Ovinomante"
        },
        {
          "language": "Japanese",
          "name": "羊術師"
        },
        {
          "language": "Portuguese (Brazil)",
          "name": "Ovinomante"
        },
        {
          "language": "Russian",
          "name": "Маг Овцевод"
        },
        {
          "language": "Spanish",
          "name": "Ovinomante"
        }
      ],
      "id": "8eba28bd307fe653783228f39f8c0b32ecb3a01a",
      "imageName": "ovinomancer",
      "layout": "normal",
      "legalities": [
        {
          "format": "Commander",
          "legality": "Legal"
        },
        {
          "format": "Legacy",
          "legality": "Legal"
        },
        {
          "format": "Mirage Block",
          "legality": "Legal"
        },
        {
          "format": "Modern",
          "legality": "Legal"
        },
        {
          "format": "Time Spiral Block",
          "legality": "Legal"
        },
        {
          "format": "Vintage",
          "legality": "Legal"
        }
      ],
      "manaCost": "{2}{U}",
      "name": "Ovinomancer",
      "power": "0",
      "printings": [
        "MGB",
        "VIS",
        "TSB"
      ],
      "rarity": "Special",
      "rulings": [
        {
          "date": "2004-10-04",
          "text": "Can target itself. This will cause it to be returned to your hand during announcement and will result in no sheep since it will not be on the battlefield at resolution so the effect fails since it target is illegal."
        }
      ],
      "subtypes": [
        "Human",
        "Wizard"
      ],
      "text": "When Ovinomancer enters the battlefield, sacrifice it unless you return three basic lands you control to their owner's hand.\n{T}, Return Ovinomancer to its owner's hand: Destroy target creature. It can't be regenerated. That creature's controller puts a 0/1 green Sheep creature token onto the battlefield.",
      "toughness": "1",
      "type": "Creature — Human Wizard",
      "types": [
        "Creature"
      ]
    },
    {
      "artist": "Roger Raupp",
      "cmc": 2,
      "colorIdentity": [
        "W"
      ],
      "colors": [
        "White"
      ],
      "flavor": "\"By the tongues of a thousand serpents, this time I do not lie.\"\n—Ahmahz il Kin, Suq'Ata diplomat",
      "foreignNames": [
        {
          "language": "French",
          "name": "Parole de paix"
        },
        {
          "language": "German",
          "name": "Friedensverhandlungen"
        },
        {
          "language": "Italian",
          "name": "Trattative di Pace"
        },
        {
          "language": "Portuguese (Brazil)",
          "name": "Conversações de Paz"
        },
        {
          "language": "Spanish",
          "name": "Negociaciones de paz"
        }
      ],
      "id": "fac81171dc14ae378ea3872c112e5c415ab84c12",
      "imageName": "peace talks",
      "layout": "normal",
      "legalities": [
        {
          "format": "Commander",
          "legality": "Legal"
        },
        {
          "format": "Freeform",
          "legality": "Legal"
        },
        {
          "format": "Legacy",
          "legality": "Legal"
        },
        {
          "format": "Mirage Block",
          "legality": "Legal"
        },
        {
          "format": "Prismatic",
          "legality": "Legal"
        },
        {
          "format": "Singleton 100",
          "legality": "Legal"
        },
        {
          "format": "Tribal Wars Legacy",
          "legality": "Legal"
        },
        {
          "format": "Vintage",
          "legality": "Legal"
        }
      ],
      "manaCost": "{1}{W}",
      "name": "Peace Talks",
      "printings": [
        "MGB",
        "VIS"
      ],
      "rarity": "Special",
      "rulings": [
        {
          "date": "2004-10-04",
          "text": "Can be cast after your attack."
        },
        {
          "date": "2004-10-04",
          "text": "It affects the current turn and the next turn. This could affect the same player twice if they have two turns in a row, or it could affect different players. In a multiplayer game it affects exactly two turns, not a full round of turns."
        },
        {
          "date": "2006-02-01",
          "text": "Doesn't skip the Combat Phase, just renders creatures unable to attack."
        },
        {
          "date": "2013-07-01",
          "text": "Activated abilities contain a colon. They're generally written \"[Cost]: [Effect].\" Some keywords are activated abilities and will have colons in their reminder texts."
        }
      ],
      "text": "This turn and next turn, creatures can't attack, and players and permanents can't be the targets of spells or activated abilities.",
      "type": "Sorcery",
      "types": [
        "Sorcery"
      ]
    },
    {
      "artist": "Tony Diterlizzi",
      "cmc": 3,
      "colorIdentity": [
        "B"
      ],
      "colors": [
        "Black"
      ],
      "flavor": "\"My pet will pick the ripe fruit from your tortured brain as if it were hanging from a vine.\"\n—Kaervek",
      "foreignNames": [
        {
          "language": "French",
          "name": "Suceur d'âmes d'Urborg"
        },
        {
          "language": "German",
          "name": "Urborg'scher Gedankenfresser"
        },
        {
          "language": "Italian",
          "name": "Parassita Mentale di Urborg"
        },
        {
          "language": "Portuguese (Brazil)",
          "name": "Sugamentes de Urborg"
        },
        {
          "language": "Spanish",
          "name": "Chupamentes de Urborg"
        }
      ],
      "id": "18b8a5c8ec858fc99c488b92cb668b176a2203af",
      "imageName": "urborg mindsucker",
      "layout": "normal",
      "legalities": [
        {
          "format": "Commander",
          "legality": "Legal"
        },
        {
          "format": "Freeform",
          "legality": "Legal"
        },
        {
          "format": "Legacy",
          "legality": "Legal"
        },
        {
          "format": "Mirage Block",
          "legality": "Legal"
        },
        {
          "format": "Prismatic",
          "legality": "Legal"
        },
        {
          "format": "Singleton 100",
          "legality": "Legal"
        },
        {
          "format": "Tribal Wars Legacy",
          "legality": "Legal"
        },
        {
          "format": "Vintage",
          "legality": "Legal"
        }
      ],
      "manaCost": "{2}{B}",
      "name": "Urborg Mindsucker",
      "power": "2",
      "printings": [
        "MGB",
        "VIS"
      ],
      "rarity": "Special",
      "rulings": [
        {
          "date": "2013-04-15",
          "text": "If you cast this as normal during your main phase, it will enter the battlefield and you'll receive priority. If no abilities trigger because of this, you can activate its ability immediately, before any other player has a chance to remove it from the battlefield."
        }
      ],
      "subtypes": [
        "Horror"
      ],
      "text": "{B}, Sacrifice Urborg Mindsucker: Target opponent discards a card at random. Activate this ability only any time you could cast a sorcery.",
      "toughness": "2",
      "type": "Creature — Horror",
      "types": [
        "Creature"
      ]
    },
    {
      "artist": "Gary Leach",
      "cmc": 2,
      "colorIdentity": [
        "B"
      ],
      "colors": [
        "Black"
      ],
      "foreignNames": [
        {
          "language": "French",
          "name": "Vampirisme"
        },
        {
          "language": "German",
          "name": "Vampirismus"
        },
        {
          "language": "Italian",
          "name": "Vampirismo"
        },
        {
          "language": "Portuguese (Brazil)",
          "name": "Vampirismo"
        },
        {
          "language": "Spanish",
          "name": "Vampirismo"
        }
      ],
      "id": "438bfd82c84af268f4dd30e430abd1f4ee435b31",
      "imageName": "vampirism",
      "layout": "normal",
      "legalities": [
        {
          "format": "Commander",
          "legality": "Legal"
        },
        {
          "format": "Freeform",
          "legality": "Legal"
        },
        {
          "format": "Legacy",
          "legality": "Legal"
        },
        {
          "format": "Mirage Block",
          "legality": "Legal"
        },
        {
          "format": "Prismatic",
          "legality": "Legal"
        },
        {
          "format": "Singleton 100",
          "legality": "Legal"
        },
        {
          "format": "Tribal Wars Legacy",
          "legality": "Legal"
        },
        {
          "format": "Vintage",
          "legality": "Legal"
        }
      ],
      "manaCost": "{1}{B}",
      "name": "Vampirism",
      "printings": [
        "MGB",
        "VIS"
      ],
      "rarity": "Special",
      "subtypes": [
        "Aura"
      ],
      "text": "Enchant creature\nWhen Vampirism enters the battlefield, draw a card at the beginning of the next turn's upkeep.\nEnchanted creature gets +1/+1 for each other creature you control.\nOther creatures you control get -1/-1.",
      "type": "Enchantment — Aura",
      "types": [
        "Enchantment"
      ]
    },
    {
      "artist": "Andrew Robinson",
      "cmc": 3,
      "colorIdentity": [
        "R"
      ],
      "colors": [
        "Red"
      ],
      "flavor": "\"Some believe sandstalkers to be illusions; those with scars know better.\"\n—Zhalfirin Guide to the Desert",
      "foreignNames": [
        {
          "language": "Chinese Simplified",
          "name": "凡尔西诺沙潜者"
        },
        {
          "language": "Chinese Traditional",
          "name": ""
        },
        {
          "language": "French",
          "name": "Pisteur des sables viashino"
        },
        {
          "language": "German",
          "name": "Viashino-Sandläufer"
        },
        {
          "language": "Italian",
          "name": "Cacciatore delle Sabbie Viashino"
        },
        {
          "language": "Japanese",
          "name": "ヴィーアシーノの砂漠の狩人"
        },
        {
          "language": "Korean",
          "name": ""
        },
        {
          "language": "Portuguese (Brazil)",
          "name": "Caçador das Areias Viashino"
        },
        {
          "language": "Russian",
          "name": "Песчаный странник Виашино"
        },
        {
          "language": "Spanish",
          "name": "Cazador de la arena viashino"
        }
      ],
      "id": "b6ea3a9a99277acbf3f9946e44e23c7e6cce26cb",
      "imageName": "viashino sandstalker",
      "layout": "normal",
      "legalities": [
        {
          "format": "Commander",
          "legality": "Legal"
        },
        {
          "format": "Legacy",
          "legality": "Legal"
        },
        {
          "format": "Mirage Block",
          "legality": "Legal"
        },
        {
          "format": "Modern",
          "legality": "Legal"
        },
        {
          "format": "Vintage",
          "legality": "Legal"
        }
      ],
      "manaCost": "{1}{R}{R}",
      "name": "Viashino Sandstalker",
      "power": "4",
      "printings": [
        "MGB",
        "VIS",
        "8ED",
        "9ED"
      ],
      "rarity": "Special",
      "rulings": [
        {
          "date": "2004-10-04",
          "text": "It is returned to its owner’s hand at the end of any turn in which it is on the battlefield."
        }
      ],
      "subtypes": [
        "Viashino",
        "Warrior"
      ],
      "text": "Haste (This creature can attack the turn it comes under your control.)\nAt the beginning of the end step, return Viashino Sandstalker to its owner's hand. (Return it only if it's on the battlefield.)",
      "toughness": "2",
      "type": "Creature — Viashino Warrior",
      "types": [
        "Creature"
      ]
    },
    {
      "artist": "D. Alexander Gregory",
      "cmc": 2,
      "colorIdentity": [
        "B"
      ],
      "colors": [
        "Black"
      ],
      "flavor": "\"The blood on my hands is merely proof of my ambition.\"\n—Kaervek",
      "foreignNames": [
        {
          "language": "French",
          "name": "Cruelle récompense"
        },
        {
          "language": "German",
          "name": "Unmoralische Belohnung"
        },
        {
          "language": "Italian",
          "name": "Ricompensa Maligna"
        },
        {
          "language": "Portuguese (Brazil)",
          "name": "Recompensa Iníqua"
        },
        {
          "language": "Spanish",
          "name": "Recompensa perversa"
        }
      ],
      "id": "5931b9373bd5fa51acc2518cc227eca4dae5916a",
      "imageName": "wicked reward",
      "layout": "normal",
      "legalities": [
        {
          "format": "Commander",
          "legality": "Legal"
        },
        {
          "format": "Freeform",
          "legality": "Legal"
        },
        {
          "format": "Legacy",
          "legality": "Legal"
        },
        {
          "format": "Mirage Block",
          "legality": "Legal"
        },
        {
          "format": "Prismatic",
          "legality": "Legal"
        },
        {
          "format": "Singleton 100",
          "legality": "Legal"
        },
        {
          "format": "Tribal Wars Legacy",
          "legality": "Legal"
        },
        {
          "format": "Vintage",
          "legality": "Legal"
        }
      ],
      "manaCost": "{1}{B}",
      "name": "Wicked Reward",
      "printings": [
        "MGB",
        "VIS"
      ],
      "rarity": "Special",
      "rulings": [
        {
          "date": "2013-04-15",
          "text": "You must sacrifice exactly one creature to cast this spell; you cannot cast it without sacrificing a creature, and you cannot sacrifice additional creatures."
        },
        {
          "date": "2013-04-15",
          "text": "Players can only respond once this spell has been cast and all its costs have been paid. No one can try to destroy the creature you sacrificed to prevent you from casting this spell."
        }
      ],
      "text": "As an additional cost to cast Wicked Reward, sacrifice a creature.\nTarget creature gets +4/+2 until end of turn.",
      "type": "Instant",
      "types": [
        "Instant"
      ]
    }
  ]
}